"username","n_documents","n_posts","n_comments","n_subreddit_rows","n_interaction_rows","n_flair_rows","posts_truncated","comments_truncated"
"-Rick_Sanchez_","156","56","100","100","100","14","False","True"
"420cherubi","174","74","100","100","100","15","False","True"
"5lash3r","183","83","100","100","100","30","False","True"
"8bitbebop","158","58","100","100","100","16","False","True"
"949paintball","147","47","100","100","100","82","False","True"
"ADHDavid","200","100","100","100","100","24","True","True"
"AKnightAlone","200","100","100","100","100","135","True","True"
"Agent_Wolff","200","100","100","100","100","28","True","True"
"Akuuntus","146","46","100","100","100","131","False","True"
"Andrusz","117","17","100","100","100","31","False","True"
"Anthraxious","200","100","100","100","100","29","True","True"
"Audiblade","200","100","100","100","100","48","True","True"
"Augie279","200","100","100","100","100","339","True","True"
"AvenDonn","200","100","100","100","100","22","True","True"
"AxeLond","198","98","100","100","100","30","False","True"
"Ayayoska","200","100","100","100","100","13","True","True"
"BFG_v54","140","40","100","100","100","26","False","True"
"BUTUNEMPLOYMENT","112","12","100","100","100","5","False","True"
"BaIthazor","123","23","100","76","100","15","False","True"
"Backupusername","200","100","100","100","100","83","True","True"
"Bacon_Kitteh9001","200","100","100","100","100","105","True","True"
"BanjoKazooie0","200","100","100","100","100","19","True","True"
"BelCifer-Z","200","100","100","100","100","55","True","True"
"Belayamacht","65","1","64","16","74","0","False","False"
"Bensemus","112","12","100","100","100","22","False","True"
"BillyWhizz09","200","100","100","100","100","97","True","True"
"Bond4141","200","100","100","100","100","54","True","True"
"Bootylove4185","107","7","100","100","100","1","False","True"
"Boredsobored12","178","78","100","97","100","5","False","True"
"BradGroux","200","100","100","100","100","130","True","True"
"Bramblestar5","110","10","100","100","100","43","False","True"
"BrotherChe","200","100","100","100","100","39","True","True"
"CDBaller","194","94","100","100","100","22","False","True"
"CamelCash007","200","100","100","100","100","29","True","True"
"CapitanTomato","119","19","100","100","100","20","False","True"
"Cephery","200","100","100","100","100","23","True","True"
"ChapterMaster202","101","1","100","100","100","47","False","True"
"Chargercrisp","200","100","100","100","100","10","True","True"
"CherryBlossomStorm","200","100","100","100","100","20","True","True"
"ChooseWisely72","130","30","100","100","100","94","False","True"
"CineKayla","200","100","100","100","100","23","True","True"
"Cityman","200","100","100","100","100","14","True","True"
"Clw1115934","114","14","100","100","100","18","False","True"
"ComradePruski","200","100","100","100","100","135","True","True"
"CptSandbag73","172","72","100","100","100","128","False","True"
"CriminalMacabre","145","45","100","100","100","72","False","True"
"DICKSUBJUICY","147","47","100","77","100","31","False","True"
"DZP","108","8","100","100","100","5","False","True"
"Dat_Harass","121","21","100","100","100","38","False","True"
"Davethemann","200","100","100","100","100","65","True","True"
"Dead-Eyes","174","74","100","100","100","6","False","True"
"DemonDog47","135","35","100","100","100","29","False","True"
"Der_144","187","87","100","100","100","6","False","True"
"Dhruviya_Bhalu","162","62","100","100","100","15","False","True"
"Dinosaur_fan","200","100","100","100","100","68","True","True"
"Dkusmider92","179","79","100","97","100","2","False","True"
"DontForgetThisTime","179","79","100","100","100","8","False","True"
"DontTakeMyNoise","200","100","100","100","100","25","True","True"
"Doulor76","108","8","100","100","100","1","False","True"
"DrMacintosh01","200","100","100","100","100","40","True","True"
"Dr_Adopted","160","60","100","100","100","34","False","True"
"Draedgal","153","53","100","100","100","119","False","True"
"Dreadnasty","135","35","100","100","100","7","False","True"
"DsyelxicBob","140","40","100","100","100","55","False","True"
"DutchRibbons","188","88","100","100","100","3","False","True"
"EMRLD007","120","20","100","75","100","5","False","True"
"ETerribleT","200","100","100","100","100","75","True","True"
"EatMorTurkee","106","6","100","73","100","1","False","True"
"EdgarFrogandSam","132","32","100","100","100","35","False","True"
"EntroperZero","200","100","100","100","0","0","True","True"
"Equality_Executor","129","29","100","100","100","36","False","True"
"EternalDoubleDragon","63","3","60","36","77","1","False","False"
"Evil_This","160","60","100","100","100","23","False","True"
"Farrug","200","100","100","100","100","91","True","True"
"Fazblood779","200","100","100","100","100","80","True","True"
"Firecracker048","200","100","100","100","100","65","True","True"
"ForestOfGrins","197","97","100","100","100","6","False","True"
"Fresded4ty","200","100","100","100","100","33","True","True"
"Gasoline_Dreams","137","37","100","100","100","52","False","True"
"GatorMD12","134","34","100","100","100","11","False","True"
"GazzaON","131","31","100","97","100","2","False","True"
"GeneralSpacey","139","39","100","100","100","12","False","True"
"Generation-X-Cellent","179","79","100","100","100","21","False","True"
"Giggly_nigly","200","100","100","100","100","18","True","True"
"GoigDeVeure","200","100","100","100","100","33","True","True"
"GoldenDeLorean","171","71","100","100","100","11","False","True"
"GordionKnot","197","97","100","100","100","176","False","True"
"GotSomeMemesBoah","200","100","100","100","100","16","True","True"
"GraafBerengeur","200","100","100","100","100","52","True","True"
"Gradicus_The_Great","200","100","100","100","100","18","True","True"
"Grassyknow","121","21","100","100","100","14","False","True"
"HatrikLaine","127","27","100","100","100","11","False","True"
"HaylingZar1996","195","95","100","100","100","61","False","True"
"HeathenHumanist","200","100","100","100","100","23","True","True"
"Hideus_Ex","200","100","100","100","100","4","True","True"
"Hongxiquan","200","100","100","100","100","3","True","True"
"HonoluluLion","107","7","100","100","100","28","False","True"
"HouAngelesDodgeStros","200","100","100","100","100","38","True","True"
"HyperbaricSteele","184","84","100","100","100","14","False","True"
"IIceWeasellzz","200","100","100","100","100","34","True","True"
"IgnicionDigital","200","100","100","100","100","47","True","True"
"JHBlancs","137","37","100","100","100","17","False","True"
"JINDerpson","119","19","100","39","100","6","False","True"
"JSBraga","183","83","100","100","100","71","False","True"
"JackHazardous","200","100","100","100","100","37","True","True"
"JayNico","200","100","100","100","100","45","True","True"
"Jazzboss79","200","100","100","100","100","24","True","True"
"Jcraft153","194","94","100","100","100","213","False","True"
"JediMindTrick188","200","100","100","100","100","23","True","True"
"JeroHasCrow","200","100","100","100","100","22","True","True"
"Jim_Zawacki","127","27","100","35","100","16","False","True"
"Jman0123","142","42","100","100","100","19","False","True"
"Jollybluepiccolo","148","48","100","100","100","1","False","True"
"KATLKRZY","200","100","100","100","100","51","True","True"
"Karate_Prom","129","29","100","100","100","6","False","True"
"KefkaFollower","126","26","100","23","100","11","False","True"
"Keroman","112","12","100","56","100","13","False","True"
"Klevvers","180","80","100","100","100","27","False","True"
"KrishaCZ","200","100","100","100","100","0","True","True"
"Kryptosis","200","100","100","100","100","0","True","True"
"Ktmktmktm","129","29","100","100","100","7","False","True"
"Kyleman773","100","0","100","38","100","4","False","True"
"LMGN","200","100","100","100","100","319","True","True"
"Lakus","200","100","100","100","100","25","True","True"
"Larkos17","109","9","100","100","100","44","False","True"
"Laughing_Orange","102","2","100","100","100","52","False","True"
"LeBronJamesBond","107","7","100","53","100","2","False","True"
"Lelapa","175","75","100","100","100","37","False","True"
"Leonader9001","200","100","100","100","100","37","True","True"
"LilBroomstickProtege","200","100","100","100","100","38","True","True"
"Limpinator","200","100","100","100","100","68","True","True"
"LleoOneiro","200","100","100","100","100","0","True","True"
"LucaTheRaptor","200","100","100","100","100","23","True","True"
"MLJFireDragon747","200","100","100","100","100","0","True","True"
"MMoney2112","200","100","100","100","100","44","True","True"
"MakotQ","27","8","19","18","26","0","False","False"
"MarenWilkinsIII","122","22","100","19","100","5","False","True"
"MasterCraftYT04","151","51","100","73","100","11","False","True"
"Mattakusisgreatness","130","30","100","100","100","11","False","True"
"MattyMarshun","181","81","100","100","100","15","False","True"
"Maxrdt","137","37","100","100","100","0","False","True"
"Mikashuki","200","100","100","100","100","81","True","True"
"MiniEquine","109","9","100","100","100","13","False","True"
"Mongo1021","200","100","100","100","100","15","True","True"
"MooseFlyer","145","45","100","100","100","30","False","True"
"MrLaughter","167","67","100","100","100","38","False","True"
"Mrnofaceguy","104","4","100","100","100","46","False","True"
"MsReclusivity","120","20","100","75","100","11","False","True"
"Mythandros","105","5","100","98","100","3","False","True"
"Najmul190","163","63","100","100","100","44","False","True"
"NaraciaB0T","200","100","100","100","100","9","True","True"
"Neksir","160","60","100","100","100","4","False","True"
"NeuroticKnight","200","100","100","100","100","130","True","True"
"NightFang","102","5","97","25","100","0","False","False"
"Nintendroid","124","24","100","100","100","55","False","True"
"NoNameRequiredxD","200","100","100","100","100","37","True","True"
"NookieNinjas","161","61","100","100","100","16","False","True"
"Nornag3st","113","13","100","80","100","2","False","True"
"NottsNinja","200","100","100","100","100","88","True","True"
"Number1Framer","133","33","100","100","100","11","False","True"
"Original_betch","142","42","100","100","100","24","False","True"
"OstrichEmpire","200","100","100","100","100","197","True","True"
"PBJF","200","100","100","100","100","50","True","True"
"PM_ME_UTILONS","154","54","100","100","100","14","False","True"
"PapayaSF","200","100","100","100","100","28","True","True"
"Pardonme23","162","62","100","100","100","24","False","True"
"PavelEGM","162","62","100","100","100","15","False","True"
"Pearberr","178","78","100","100","100","120","False","True"
"Percevalve","200","100","100","100","100","13","True","True"
"PhantomOSX","200","100","100","100","100","23","True","True"
"Picax8398","200","100","100","100","100","83","True","True"
"Pint_A_Grub","106","6","100","100","100","11","False","True"
"PoeDameronski","189","89","100","100","100","18","False","True"
"PowerHungryFool","131","31","100","100","100","22","False","True"
"PresidentStool","200","100","100","100","100","9","True","True"
"ProdigiousPlays","200","100","100","100","100","15","True","True"
"Pufflekun","200","100","100","100","100","92","True","True"
"Punkgoblin","200","100","100","100","100","4","True","True"
"R264Awesome","200","100","100","100","100","47","True","True"
"RDR911","200","100","100","100","100","38","True","True"
"RDay","200","100","100","100","100","20","True","True"
"RageQuitYT","200","100","100","100","100","27","True","True"
"Ramin_HAL9001","196","96","100","100","100","9","False","True"
"RandomCookie1234","200","100","100","100","100","34","True","True"
"RandomRedditorWithNo","200","100","100","0","0","72","True","True"
"ReadySetJihad","200","100","100","100","100","6","True","True"
"Real-Terminal","160","60","100","100","100","33","False","True"
"Realworld","106","6","100","100","100","1","False","True"
"Reaper4578","135","35","100","100","100","17","False","True"
"RedditorUpNorth","103","3","100","63","100","2","False","True"
"RespectYoSmelf","200","100","100","100","100","56","True","True"
"RexxZX","200","100","100","100","100","16","True","True"
"RichterNYR35","200","100","100","100","100","17","True","True"
"RobsZombies","154","54","100","100","100","42","False","True"
"Roguesix293","200","100","100","100","100","80","True","True"
"RolandTheJabberwocky","164","64","100","100","100","38","False","True"
"RoseUpPdx","156","56","100","100","100","13","False","True"
"Roxxagon","200","100","100","100","100","97","True","True"
"Runkleman","200","100","100","100","100","32","True","True"
"S33N03ViL","168","68","100","100","100","9","False","True"
"SMTCubes","200","100","100","100","100","41","True","True"
"Saltire_Blue","200","100","100","100","100","63","True","True"
"Samniss_Arandeen","200","100","100","100","100","48","True","True"
"SarahC","200","100","100","100","100","22","True","True"
"Satyromaniac","145","45","100","100","100","30","False","True"
"ScottsZombieBrother","200","100","100","100","100","44","True","True"
"Security_Six","169","69","100","100","100","76","False","True"
"Send_Me_Tiitties","157","57","100","100","100","30","False","True"
"SeymourPant","200","100","100","100","100","96","True","True"
"ShellInTheGhost","200","100","100","100","100","12","True","True"
"Shibacki","200","100","100","100","100","33","True","True"
"ShivanMarauder","188","88","100","100","100","17","False","True"
"Shkeke","200","100","100","100","100","55","True","True"
"Shmookley","200","100","100","100","100","12","True","True"
"SickofUrbullshit","101","1","100","100","100","5","False","True"
"Sidorovich_Stalks","178","78","100","100","100","43","False","True"
"Silvystreak","200","100","100","100","100","72","True","True"
"SockMonkey4Life","200","100","100","100","100","0","True","True"
"SoupGFX","135","35","100","100","100","6","False","True"
"SpinningHead","200","100","100","100","0","39","True","True"
"Spocks_Goatee","200","100","100","100","100","35","True","True"
"Spoon_Elemental","200","100","100","100","100","115","True","True"
"StendhalSyndrome","121","21","100","100","100","30","False","True"
"Stormsoul22","200","100","100","100","100","19","True","True"
"SumthingStupid","153","53","100","100","100","16","False","True"
"Swartz55","200","100","100","100","100","22","True","True"
"SweetzDeetz","200","100","100","100","100","137","True","True"
"TKCoolReddit","200","100","100","100","100","34","True","True"
"Texas_HardWooD","200","100","100","100","100","10","True","True"
"ThadeusOfNazereth","200","100","100","100","100","74","True","True"
"Thann","168","68","100","100","100","46","False","True"
"TheBlack220","123","23","100","100","100","6","False","True"
"TheMuffStufff","200","100","100","100","100","112","True","True"
"TheNewBo","200","100","100","100","100","12","True","True"
"ThePlumThief","144","44","100","100","100","22","False","True"
"The_body_in_apt_3","177","77","100","100","100","12","False","True"
"Theek3","147","47","100","100","100","13","False","True"
"Therandomfox","200","100","100","100","100","60","True","True"
"Theta291","200","100","100","100","100","9","True","True"
"Thor-Loki-1","155","55","100","100","100","7","False","True"
"Tiurpslen","134","34","100","25","100","8","False","True"
"TomSwirly","200","100","100","100","100","54","True","True"
"TooSmalley","200","100","100","100","100","36","True","True"
"ToyVaren","200","100","100","100","100","268","True","True"
"TrannysNeedPimozide","113","13","100","100","100","1","False","True"
"Treenut1","128","28","100","100","100","9","False","True"
"TreesmasherFTW","115","15","100","100","100","11","False","True"
"Trevmiester","200","100","100","100","100","14","True","True"
"TurboAbe","200","100","100","100","100","57","True","True"
"Turbojelly","200","100","100","100","100","29","True","True"
"UchihaEmre","200","100","100","100","100","17","True","True"
"Umadbro7600","132","32","100","100","100","25","False","True"
"UniverseGuyD","200","100","100","100","100","4","True","True"
"Username_Taken_65","170","70","100","100","100","54","False","True"
"VerySuperAnonymous","155","55","100","100","100","16","False","True"
"VictoryLap1984","109","9","100","100","100","12","False","True"
"W_Edwards_Deming","127","27","100","100","100","70","False","True"
"Warhawk42","130","30","100","30","100","17","False","True"
"WindyCityBluez","200","100","100","100","100","5","True","True"
"WiseMonkeyGoodMonkey","113","13","100","100","100","9","False","True"
"Wuz314159","200","100","100","100","0","112","True","True"
"XSC","200","100","100","100","100","88","True","True"
"XavierRV","109","9","100","70","100","4","False","True"
"XmiteYT","200","100","100","100","100","126","True","True"
"Xx_scribbledragon_xX","200","100","100","100","100","6","True","True"
"YddishMcSquidish","200","100","100","100","100","33","True","True"
"Zach-317","200","100","100","100","100","41","True","True"
"ZekeCool505","114","14","100","61","100","7","False","True"
"Zerei","200","100","100","100","100","204","True","True"
"Zoidbergthecrab","112","12","100","58","100","2","False","True"
"Zoolinz","118","18","100","100","100","35","False","True"
"birduprandy","114","14","100","44","100","7","False","True"
"blueevey","200","100","100","100","100","107","True","True"
"bonerwashington","200","100","100","100","100","13","True","True"
"bookman_","200","100","100","100","100","21","True","True"
"bumblesski","198","98","100","100","100","14","False","True"
"butt_mucher","115","15","100","100","100","22","False","True"
"bydy2","200","100","100","100","100","149","True","True"
"cakan4444","200","100","100","100","100","86","True","True"
"cfox0835","157","57","100","100","100","35","False","True"
"chickenoflight","200","100","100","100","100","103","True","True"
"chiguayante","200","100","100","100","100","23","True","True"
"chintan22","194","94","100","100","100","9","False","True"
"chunktv","200","100","100","100","100","0","True","True"
"civdude","181","81","100","93","100","0","False","True"
"cjsmoooth-__-","200","100","100","53","100","0","True","True"
"clone9786","131","31","100","100","100","19","False","True"
"cnreal","158","58","100","100","100","10","False","True"
"codevii","110","10","100","100","100","57","False","True"
"colin23567","151","51","100","100","100","70","False","True"
"commmander_fox","200","100","100","100","100","54","True","True"
"conglock","187","87","100","100","100","22","False","True"
"connectalllthedots","197","97","100","83","100","2","False","True"
"coolwali","200","100","100","100","100","0","True","True"
"cowpuncher","144","44","100","74","100","0","False","True"
"cubbyad","154","54","100","100","100","22","False","True"
"d311h0p","163","63","100","100","100","17","False","True"
"daguy11","131","31","100","100","100","6","False","True"
"derpmasterrr","200","100","100","100","100","56","True","True"
"designerdy","159","59","100","100","100","56","False","True"
"dharmabum1234","141","41","100","100","100","10","False","True"
"dildodicks","200","100","100","100","100","201","True","True"
"domerock_doc","106","6","100","65","100","32","False","True"
"drakoman","102","2","100","100","100","29","False","True"
"dreadpiraterobbie","148","48","100","100","100","16","False","True"
"dublozero","200","100","100","100","100","21","True","True"
"dukefett","200","100","100","100","100","0","True","True"
"dustractor","200","100","100","100","100","0","True","True"
"eazolan","157","57","100","100","100","14","False","True"
"ennuicorn","106","6","100","53","100","11","False","True"
"ermguger","107","7","100","62","100","2","False","True"
"eshansingh","200","100","100","100","100","115","True","True"
"fudman3","105","5","100","100","100","6","False","True"
"gregshortall","134","34","100","100","100","1","False","True"
"heretik","200","100","100","100","100","111","True","True"
"humorgep","126","26","100","96","100","73","False","True"
"iamjack","109","9","100","84","100","16","False","True"
"ikcaj","200","100","100","100","100","0","True","True"
"ilovethissheet","200","100","100","100","100","0","True","True"
"infectedwithinsanity","127","27","100","87","100","0","False","True"
"iownadakota","200","100","100","100","100","0","True","True"
"iroxnoah","101","1","100","100","100","19","False","True"
"itspinkynukka","114","14","100","100","100","20","False","True"
"jake354k12","200","100","100","100","100","63","True","True"
"jamescookenotthatone","200","100","100","100","100","25","True","True"
"jkh77","104","4","100","100","100","14","False","True"
"kbxads","200","100","100","100","100","19","True","True"
"kite737","122","22","100","100","100","10","False","True"
"labledcrazy","200","100","100","100","100","0","True","True"
"laxt","147","47","100","100","100","21","False","True"
"leafyyfak","200","100","100","100","100","72","True","True"
"leoyoung1","200","100","100","100","100","5","True","True"
"llllIIIIIIlllII","61","3","58","26","54","5","False","False"
"longbowsandchurches","175","75","100","100","100","14","False","True"
"mainfingertopwise","118","18","100","100","100","19","False","True"
"marman98","145","45","100","100","100","10","False","True"
"maxvalley","200","100","100","100","100","13","True","True"
"melonangie","102","2","100","100","100","0","False","True"
"memedealer22","200","100","100","100","100","0","True","True"
"menice4","200","100","100","100","100","0","True","True"
"merikariu","193","93","100","100","100","0","False","True"
"mexicodoug","108","8","100","100","100","3","False","True"
"mguardian_north","131","31","100","100","100","5","False","True"
"mikeli72","131","31","100","92","100","0","False","True"
"mikewilzn","170","70","100","100","100","75","False","True"
"mischa_steen","110","10","100","90","100","2","False","True"
"mossyskeleton","200","100","100","100","100","74","True","True"
"mt-egypt","200","100","100","100","100","0","True","True"
"mugatu1994","124","24","100","68","100","0","False","True"
"n8mare27","200","100","100","100","100","15","True","True"
"nicktanisok","115","15","100","85","100","7","False","True"
"ninjabiomech","200","100","100","100","100","42","True","True"
"ninjaraiden56","152","52","100","100","100","19","False","True"
"nomad_kk","102","2","100","100","100","0","False","True"
"notacrackheadofficer","200","100","100","100","100","7","True","True"
"nutxaq","134","34","100","100","100","6","False","True"
"oarabbus","200","100","100","100","100","43","True","True"
"orionsbelt05","200","100","100","100","100","57","True","True"
"papagert","181","81","100","100","100","1","False","True"
"paracog","117","17","100","100","100","19","False","True"
"personalist","177","77","100","100","100","47","False","True"
"pieawsome","200","100","100","100","100","23","True","True"
"piedude3","200","100","100","100","100","30","True","True"
"pleasedothenerdful","130","30","100","100","100","20","False","True"
"przemko271","200","100","100","100","100","125","True","True"
"qquicksilver","200","100","100","100","100","6","True","True"
"questionmarkjohndoe","200","100","100","100","100","0","True","True"
"quickhakker","200","100","100","100","0","81","True","True"
"raccooneater47","200","100","100","100","100","0","True","True"
"realister","200","100","100","0","0","0","True","True"
"reldra","162","62","100","93","100","0","False","True"
"rinvevo","180","80","100","100","100","67","False","True"
"rogue-wolf","200","100","100","100","100","57","True","True"
"ron_swansons_meat","103","3","100","100","100","2","False","True"
"rtechie1","142","42","100","100","100","86","False","True"
"rwp80","200","100","100","100","100","10","True","True"
"saarth","122","22","100","100","100","33","False","True"
"satoukage","172","72","100","100","100","13","False","True"
"sblinn","185","85","100","100","100","46","False","True"
"scotbud123","105","5","100","100","100","87","False","True"
"scubaguy194","200","100","100","100","100","106","True","True"
"scumbag760","200","100","100","100","100","21","True","True"
"seeker135","171","71","100","100","100","323","False","True"
"sexy-snickers","200","100","100","100","100","119","True","True"
"shooshmashta","120","20","100","100","100","59","False","True"
"sigharewedoneyet","179","79","100","100","100","18","False","True"
"silas0069","112","12","100","100","100","20","False","True"
"skunkboy72","200","100","100","100","100","63","True","True"
"solidstatemasterrace","108","8","100","65","100","50","False","True"
"some_random_kaluna","200","100","100","100","0","28","True","True"
"spartaincow88","200","100","100","100","100","8","True","True"
"spartanwolf223","200","100","100","100","100","18","True","True"
"strengthener","200","100","100","100","100","0","True","True"
"t-to4st","200","100","100","100","100","47","True","True"
"taikiji","200","100","100","100","100","10","True","True"
"tech98","180","80","100","100","100","64","False","True"
"tekende","135","35","100","100","100","13","False","True"
"tenby7","142","42","100","100","100","11","False","True"
"thatoneguy54","120","20","100","100","100","78","False","True"
"the_ocalhoun","200","100","100","100","100","0","True","True"
"theblackestmamba","163","63","100","100","100","4","False","True"
"thechaseofspade","200","100","100","100","100","77","True","True"
"thecriclover99","200","100","100","100","100","60","True","True"
"theghostalive","59","10","49","15","81","12","False","False"
"theycallmeponcho","177","77","100","100","0","130","False","True"
"thnksqrd","102","2","100","100","100","13","False","True"
"tonnal","150","50","100","100","100","30","False","True"
"toxicur1","200","100","100","100","100","10","True","True"
"travlr2010","146","46","100","100","100","7","False","True"
"turdmogrol","200","100","100","100","100","21","True","True"
"tutoredzeus","200","100","100","100","100","21","True","True"
"ulpisen","200","100","100","100","100","21","True","True"
"uncommoncommoner","200","100","100","100","100","0","True","True"
"uniptf","200","100","100","100","100","33","True","True"
"unluckyparadox","133","33","100","100","100","24","False","True"
"velocirapper99","142","42","100","100","100","6","False","True"
"weeman2525","200","100","100","100","100","20","True","True"
"welcometotheyeet","200","100","100","100","100","0","True","True"
"whisperingsage","130","30","100","100","100","41","False","True"
"whistlepig33","122","22","100","100","100","2","False","True"
"whitey71020","102","2","100","100","100","17","False","True"
"wildcolonialboy","111","11","100","100","100","18","False","True"
"wolfiester","200","100","100","100","100","54","True","True"
"woodrowwilsonlong","135","35","100","100","100","16","False","True"
"woodswalker","102","2","100","51","100","0","False","True"
"xereeto","200","100","100","100","100","214","True","True"
"yeetboy","200","100","100","100","100","43","True","True"
"yoloswagrofl","200","100","100","100","100","96","True","True"
"yvaN_ehT_nioJ","120","20","100","100","100","71","False","True"
"zacharia_jumblia","110","10","100","46","100","1","False","True"
"zealshock","200","100","100","100","100","20","True","True"
"zoeblaize","105","5","100","100","100","43","False","True"
"zubatman4","200","100","100","100","100","29","True","True"
"bfandreas","185","85","100","100","100","21","False","True"
"zandrewz","106","6","100","100","100","6","False","True"
"Cherveny2","195","95","100","100","100","42","False","True"
"DanBetweenJobs","177","77","100","100","100","32","False","True"
"escapelogic","71","3","68","30","96","5","False","False"
"al666in","200","100","100","100","100","16","True","True"
"DeathSludge","139","39","100","59","100","7","False","True"
"uberstimmt","103","3","100","50","100","5","False","True"
"snuggl","110","10","100","100","100","12","False","True"
"MBCnerdcore","200","100","100","100","100","22","True","True"
"rileybjorback1","76","8","68","25","71","7","False","False"
"Paarrthurnax","135","35","100","100","100","59","False","True"
"DuesCataclysmos","152","52","100","100","100","27","False","True"
"ParkJiSung777","196","96","100","100","100","57","False","True"
"Humavolver","106","6","100","49","100","0","False","True"
"mracidglee","200","100","100","93","100","6","True","True"
"kfoxtraordinaire","168","68","100","100","100","25","False","True"
"Au_Struck_Geologist","154","54","100","100","100","32","False","True"
"hotcakes","140","40","100","100","100","7","False","True"
"osm0sis","200","100","100","100","100","39","True","True"
"sun827","104","4","100","100","100","23","False","True"
"-AVENTUS-","169","69","100","84","100","3","False","True"
"ridl","200","100","100","100","100","11","True","True"
"braddavery","200","100","100","100","100","2","True","True"
"RIDER_OF_BROHAN","106","6","100","43","100","0","False","True"
"ActaCaboose","193","93","100","100","100","86","False","True"
"whitefrobro","159","59","100","68","100","21","False","True"
"EsseAeternum","112","12","100","59","100","9","False","True"
"djdedeo0","105","5","100","100","100","4","False","True"
"LordHyperBowser","200","100","100","100","100","78","True","True"
"surf_rider","200","100","100","100","100","15","True","True"
"Spoonwrangler","200","100","100","100","100","29","True","True"
"Violent_Paprika","200","100","100","100","100","16","True","True"
"xxx_trojanwormdotexe","200","100","100","100","100","5","True","True"
"W00DSY_0WL","107","7","100","72","100","2","False","True"
"Peacockblue11","200","100","100","100","100","33","True","True"
"buttking","116","16","100","100","100","21","False","True"
"myotheralt","167","67","100","100","100","55","False","True"
"mellow_notes","110","10","100","95","100","16","False","True"
"Jayken","129","29","100","100","100","54","False","True"
"PresidentSuperDog","102","2","100","100","100","18","False","True"
"MarkUriah","101","1","100","100","100","44","False","True"
"tomzo","106","6","100","61","100","3","False","True"
"deaddonkey","103","3","100","100","100","30","False","True"
"terberculosis","113","13","100","100","100","2","False","True"
"TheMrPancake","126","26","100","51","100","1","False","True"
"mulligrubs","200","100","100","100","100","12","True","True"
"Thickas2","108","8","100","100","100","42","False","True"
"Book8","162","62","100","47","100","5","False","True"
"dylandgs","111","11","100","100","100","23","False","True"
"guruscotty","200","100","100","100","100","17","True","True"
"_why_isthissohard_","185","85","100","100","100","4","False","True"
"PopcornInMyTeeth","190","90","100","100","100","39","False","True"
"0Kpanhandler","123","23","100","100","100","2","False","True"
"joxterthemighty","107","7","100","42","100","7","False","True"
"Kylebeast420","120","20","100","100","100","2","False","True"
"Yungveezy","146","46","100","100","100","13","False","True"
"drusilla1972","105","5","100","82","100","7","False","True"
"Igotgoingon","113","13","100","100","100","13","False","True"
"The_dog_says","123","23","100","100","100","24","False","True"
"agemma","200","100","100","100","100","33","True","True"
"Salt_Salt_MoreSalt","200","100","100","100","100","40","True","True"
"Hans_Delbruck","129","29","100","100","100","13","False","True"
"KingShish","200","100","100","100","100","7","True","True"
"conrocket","113","13","100","100","100","10","False","True"
"Purplestufff","107","7","100","100","100","2","False","True"
"SamuraiJakkass86","200","100","100","100","100","40","True","True"
"Sisyphos89","111","11","100","75","100","1","False","True"
"Dan5-O","127","27","100","95","100","20","False","True"
"Harshmage","134","34","100","100","100","44","False","True"
"Triphaz808","112","12","100","84","100","0","False","True"
"gonzofish","161","61","100","100","100","52","False","True"
"juanyboy91","101","4","97","24","100","8","False","False"
"aregulardude","110","10","100","100","100","10","False","True"
"justwantasandwich","129","29","100","78","100","4","False","True"
"chrislaw","108","8","100","100","100","15","False","True"
"VojvodaSrpski","171","71","100","100","100","20","False","True"
"alwaysDL","126","26","100","100","100","11","False","True"
"trancertong","155","55","100","100","100","0","False","True"
"thebroadwayflyer","100","0","100","100","100","0","False","True"
"jt2424","200","100","100","100","100","0","True","True"
"Purpledrank","200","100","100","100","100","19","True","True"
"happysmash27","200","100","100","100","100","84","True","True"
"Dodge1992","154","54","100","63","100","3","False","True"
"redplanetlover","109","9","100","100","100","3","False","True"
"PoizonMyst","113","13","100","88","100","22","False","True"
"punkinhat","123","23","100","85","100","5","False","True"
"commiessuck","112","12","100","35","100","1","False","True"
"plaustrarius","104","4","100","100","100","6","False","True"
"weavez22","121","21","100","55","100","8","False","True"
"Getapizza2","112","12","100","100","100","6","False","True"
"SomeTexasRedneck","110","10","100","100","100","4","False","True"
"basilobs","111","11","100","100","100","15","False","True"
"DontGetCrabs","156","56","100","100","100","10","False","True"
"davou","200","100","100","100","100","34","True","True"
"chumbalong","104","4","100","73","100","3","False","True"
"whitechapel8733","145","45","100","100","100","9","False","True"
"ZealousVisionary","136","36","100","100","100","36","False","True"
"Sauronmordor756","200","100","100","100","100","28","True","True"
"Meimou","113","13","100","35","100","2","False","True"
"morganational","105","5","100","100","100","14","False","True"
"Tha_Dude_Abidez","200","100","100","100","100","12","True","True"
"noyurawk","107","7","100","100","100","66","False","True"
"adrixshadow","200","100","100","90","100","5","True","True"
"Anymation","200","100","100","100","100","12","True","True"
"supsy0","111","11","100","100","100","86","False","True"
"Meremadesings","200","100","100","14","100","5","True","True"
"bluntymctokems","100","0","100","63","100","6","False","True"
"jwinf843","107","7","100","100","100","21","False","True"
"chuxarino","168","68","100","43","100","1","False","True"
"xXSilentSpyXx","136","36","100","100","100","65","False","True"
"Hansjibbleforth","67","10","57","25","100","30","False","False"
"Sexualrelations","151","51","100","100","100","28","False","True"
"confusedsquirrel","180","80","100","100","100","60","False","True"
"kiloglobin","197","97","100","100","100","33","False","True"
"Mad_Max_Rockatanski","123","23","100","99","100","0","False","True"
"losferwords","129","29","100","79","100","7","False","True"
"Nexgod2","107","7","100","100","100","19","False","True"
"buShroom","122","22","100","100","100","36","False","True"
"deweyweber","117","17","100","100","100","5","False","True"
"Coryperkin15","200","100","100","100","100","22","True","True"
"RevampedZebra","200","100","100","100","100","27","True","True"
"laybak","200","100","100","100","100","12","True","True"
"Agrez3254","107","7","100","100","100","0","False","True"
"animus_desit","148","48","100","100","100","9","False","True"
"BigFang","200","100","100","100","100","30","True","True"
"toofooly24","200","100","100","100","100","10","True","True"
"BeastModular","105","5","100","100","100","18","False","True"
"ImDomina","200","100","100","63","100","4","True","True"
"Franzferdinan51","184","84","100","100","100","10","False","True"
"v3ngi","124","24","100","91","100","5","False","True"
"BingoRage","109","9","100","76","100","0","False","True"
"redlinezo6","161","61","100","100","100","25","False","True"
"KoofNoof","200","100","100","100","100","24","True","True"
"logicallyillogical","148","48","100","100","100","38","False","True"
"MrAlcoholico","200","100","100","100","100","4","True","True"
"PewPewiShootyou","117","17","100","54","100","15","False","True"
"pherilux","101","1","100","65","100","1","False","True"
"sizzler","148","48","100","100","100","24","False","True"
"DnaK","200","100","100","100","100","31","True","True"
"joculator","200","100","100","100","100","17","True","True"
"Willdoeswarfair","200","100","100","100","100","34","True","True"
"GoCuse","104","4","100","67","100","9","False","True"
"blukami","161","61","100","100","100","6","False","True"
"ky420","200","100","100","100","100","13","True","True"
"Leann_426","101","1","100","100","100","6","False","True"
"johnnnbockkk","165","65","100","100","100","4","False","True"
"dinosaur_socks","137","37","100","100","100","24","False","True"
"QwertyLime","181","81","100","100","100","130","False","True"
"eekabug","108","8","100","100","100","0","False","True"
"casualLogic","133","33","100","100","100","11","False","True"
"cyribis","100","0","100","75","100","23","False","True"
"slacker1985","106","6","100","100","100","1","False","True"
"JVNoctis","111","11","100","67","100","5","False","True"
"Quantum_Finger","102","2","100","100","100","13","False","True"
"Inaglasscage","131","31","100","100","100","0","False","True"
"leftylugnutz","118","18","100","100","100","29","False","True"
"nietzsche_was_peachy","105","5","100","100","100","1","False","True"
"darksidesar","104","4","100","100","100","18","False","True"
"pear1jamten","123","23","100","77","100","15","False","True"
"packofdogs","139","39","100","63","100","1","False","True"
"BooneBrothers","120","20","100","100","100","2","False","True"
"ClosetCaseGrowSpace","200","100","100","80","100","16","True","True"
"LoneKharnivore","200","100","100","100","0","60","True","True"
"mutantscreamy","130","30","100","100","100","9","False","True"
"Auzy","102","2","100","100","100","0","False","True"
"kuukiechristo73","117","17","100","93","100","11","False","True"
"jak151d","104","4","100","91","100","5","False","True"
"McLovin804","200","100","100","100","100","31","True","True"
"Riot_is_Dogshit","136","36","100","100","100","3","False","True"
"UcDat","120","20","100","100","100","8","False","True"
"MonkeysDontEvolve","128","28","100","100","100","7","False","True"
"LizzardFish","125","25","100","100","100","4","False","True"
"PM_ME_YOUR_HANDCUFFS","200","100","100","100","100","116","True","True"
"kommie178","170","70","100","100","100","6","False","True"
"ChristianLS","140","40","100","100","100","12","False","True"
"LTerminus","135","35","100","100","100","17","False","True"
"MimiIsBirb","200","100","100","100","100","145","True","True"
"sourboysam","200","100","100","100","100","11","True","True"
"A_Rampaging_Hobo","102","2","100","100","100","29","False","True"
"DefinitelyAJew","200","100","100","100","100","10","True","True"
"GenericEvilDude","111","11","100","100","100","4","False","True"
"justinmchase","132","32","100","83","100","7","False","True"
"Rotten_BananaMC","200","100","100","100","100","24","True","True"
"Theodore_Blunderbuss","200","100","100","100","100","9","True","True"
"solidrecommendation","67","2","65","28","100","2","False","False"
"Overlord_C","170","70","100","100","100","28","False","True"
"Dabearzs","107","7","100","100","100","14","False","True"
"Mr_NeCr0","128","28","100","57","100","20","False","True"
"Deganawida33","200","100","100","100","100","1","True","True"
"aspoels","200","100","100","100","100","154","True","True"
"-Samg381-","200","100","100","100","100","37","True","True"
"TeddyBongwater","200","100","100","100","100","14","True","True"
"IndependentSession","106","6","100","41","100","1","False","True"
"sillygaythrowaway","200","100","100","100","100","42","True","True"
"freethinker78","200","100","100","100","100","36","True","True"
"etrefal","200","100","100","100","100","5","True","True"
"gintoddic","181","81","100","100","100","18","False","True"
"JAGGGER","200","100","100","61","100","5","True","True"
"adescuentechable","200","100","100","100","100","29","True","True"
"rarra93","118","18","100","75","100","2","False","True"
"Rockdaboat07","109","9","100","100","100","4","False","True"
"Boatzanhoez","115","15","100","81","100","0","False","True"
"LMFA0","200","100","100","100","100","17","True","True"
"alexf2000","187","87","100","36","100","1","False","True"
"AnAdventureCore","121","21","100","52","100","26","False","True"
"triedmyrealname","78","9","69","27","100","4","False","False"
"malibooyeah","100","0","100","100","100","38","False","True"
"Mastur_Of_Bait","200","100","100","100","100","150","True","True"
"blvsh","152","52","100","100","100","16","False","True"
"meglet","129","29","100","100","100","25","False","True"
"iam1whoknocks","178","78","100","100","100","6","False","True"
"UTRuser74","200","100","100","100","100","11","True","True"
"MyBawllzAreSaggin","105","5","100","59","100","12","False","True"
"ysalih123456","115","15","100","100","100","0","False","True"
"Waldo_where_am_I","171","71","100","100","100","4","False","True"
"icekid","200","100","100","63","100","3","True","True"
"RampantC0re","33","1","32","19","40","3","False","False"
"Thementalrapist","161","61","100","56","100","6","False","True"
"boredON","107","7","100","41","100","0","False","True"
"josefykrakowski","200","100","100","100","100","17","True","True"
"KevinMack25","108","8","100","41","100","7","False","True"
"yashendra2797","165","65","100","100","100","104","False","True"
"BillyClinton3000","112","12","100","51","100","0","False","True"
"whathathgodwrough","104","4","100","100","100","7","False","True"
"xombae","114","14","100","100","100","47","False","True"
"chanadian","200","100","100","42","100","11","True","True"
"Inquisitive_Cretin","153","53","100","100","100","2","False","True"
"Njwest","200","100","100","100","100","48","True","True"
"You-Dense","116","16","100","76","100","11","False","True"
"Rimm","120","20","100","100","100","47","False","True"
"tal_i_ban","119","19","100","86","100","10","False","True"
"b_lumenkraft","200","100","100","100","100","48","True","True"
"crazyjosh4321","119","19","100","66","100","2","False","True"
"serch54","129","29","100","100","100","5","False","True"
"x50_Spence","200","100","100","100","100","25","True","True"
"TarturasVII","117","17","100","100","100","3","False","True"
"lowkey","67","0","67","3","60","1","False","False"
"easyfeel","130","30","100","100","100","8","False","True"
"wslmllr","200","100","100","100","100","78","True","True"
"DarbeliMatkapTr","108","23","85","30","100","7","False","False"
"HELP_MANBABIESGOTME","157","57","100","100","100","28","False","True"
"Uhillbilly","200","100","100","100","100","44","True","True"
"shallowandpedantik","130","30","100","100","100","7","False","True"
"DuranStar","103","3","100","68","100","5","False","True"
"magicmurph","142","42","100","100","100","35","False","True"
"PokeyPete","104","4","100","100","100","5","False","True"
"StanleyMel","66","2","64","27","69","14","False","False"
"Tbone3319","151","51","100","100","100","1","False","True"
"Locupleto","191","91","100","100","100","7","False","True"
"thisimpetus","200","100","100","100","100","48","True","True"
"Xixdead3yexix","114","14","100","22","100","0","False","True"
"-Jim-Lahey","113","13","100","100","100","13","False","True"
"halfabean","106","6","100","100","100","28","False","True"
"ploydgrimes","121","21","100","100","100","9","False","True"
"ZoMgPwNaGe","200","100","100","100","100","45","True","True"
"PopcornPlayaa_","200","100","100","100","100","15","True","True"
"Cornan_KotW","117","17","100","64","100","14","False","True"
"man_on_campus","200","100","100","100","100","19","True","True"
"VvVigilante","78","14","64","29","70","2","False","False"
"thepinkanator95","151","51","100","61","100","16","False","True"
"Whackjob-KSP","200","100","100","100","100","19","True","True"
"GGRIDE","200","100","100","100","100","3","True","True"
"grungebot5000","200","100","100","100","100","83","True","True"
"thamasthedankengine","200","100","100","100","100","59","True","True"
"Swan_Writes","112","12","100","100","100","1","False","True"
"TheWidowGarrett","107","7","100","100","100","1","False","True"
"your_comments_say","117","17","100","100","100","3","False","True"
"rhc212","44","0","44","6","51","0","False","False"
"Tobicles","100","0","100","61","100","1","False","True"
"jasonskjonsby","200","100","100","100","100","16","True","True"
"Abiding_Lebowski","116","16","100","100","100","6","False","True"
"LivingstoneInAfrica","200","100","100","100","100","25","True","True"
"griter34","200","100","100","100","100","4","True","True"
"XavYoung","101","1","100","100","100","5","False","True"
"same_ol_same_ol","111","11","100","56","100","1","False","True"
"TwistedBlister","200","100","100","100","100","15","True","True"
"darkjungle","200","100","100","100","100","74","True","True"
"Ussurin","106","6","100","100","100","19","False","True"
"totlmstr","173","73","100","9","100","9","False","True"
"hikaru_ai","200","100","100","100","100","28","True","True"
"DurinsFolk","136","36","100","100","100","16","False","True"
"amazingbluedart","97","2","95","35","100","8","False","False"
"Furryrodian","185","85","100","89","100","9","False","True"
"adad95","160","60","100","100","100","3","False","True"
"GoldStandardWhey","156","56","100","100","100","16","False","True"
"mintsthefox","200","100","100","100","100","8","True","True"
"qndk","162","62","100","100","100","6","False","True"
"thecarolinelinnae","200","100","100","100","100","60","True","True"
"the_butthole_theif","140","40","100","97","100","29","False","True"
"steve0suprem0","156","56","100","100","100","12","False","True"
"jujumber","115","15","100","100","100","44","False","True"
"konjurtek","109","9","100","86","100","4","False","True"
"master_sauce","112","12","100","52","100","4","False","True"
"jeremyosborne81","200","100","100","100","100","82","True","True"
"Kaekru","130","30","100","100","100","52","False","True"
"mike18cm","171","71","100","100","100","13","False","True"
"marcomc2","104","4","100","34","100","1","False","True"
"oversettDenee","200","100","100","100","100","20","True","True"
"THCBomb88","117","17","100","92","100","33","False","True"
"YossaRedMage","200","100","100","73","100","11","True","True"
"lqwwssd","114","14","100","44","100","13","False","True"
"Fredselfish","200","100","100","100","100","14","True","True"
"bamb00zled","113","13","100","100","100","17","False","True"
"Revan343","116","16","100","100","100","11","False","True"
"evesea","120","20","100","100","100","15","False","True"
"Asteroth555","200","100","100","100","100","27","True","True"
"andhowsherbush","125","25","100","100","100","18","False","True"
"Silencedlemon","167","67","100","100","100","16","False","True"
"Seryth","110","10","100","64","100","15","False","True"
"Fallout","198","98","100","100","100","30","False","True"
"Dgpo22","100","0","100","55","100","1","False","True"
"justhad2login2reply","104","4","100","100","100","22","False","True"
"Deluxe_Used_Douche","126","26","100","100","100","25","False","True"
"jay_owo","200","100","100","100","100","0","True","True"
"needsakoreangf","149","49","100","85","100","3","False","True"
"billiarddaddy","200","100","100","100","100","83","True","True"
"FLX_NewYork","200","100","100","100","100","14","True","True"
"bobdole776","195","95","100","100","100","23","False","True"
"RedBuffalo1427","102","2","100","19","100","41","False","True"
"blekkja","200","100","100","100","100","85","True","True"
"the_surfing_unicorn","107","7","100","100","100","3","False","True"
"jimicapone","115","15","100","100","100","15","False","True"
"justarandyguy","163","63","100","100","100","37","False","True"
"covok48","104","4","100","100","100","15","False","True"
"andrewsad1","200","100","100","100","100","125","True","True"
"joeality","120","20","100","100","100","13","False","True"
"Cadaverlanche","116","16","100","100","100","9","False","True"
"wolfeerine","200","100","100","100","100","35","True","True"
"absenthecon","190","90","100","100","100","9","False","True"
"cmdr_cyberphobic","107","7","100","48","100","6","False","True"
"ToFat4Fun","164","64","100","100","100","25","False","True"
"TheMightyWaffle","120","20","100","100","100","11","False","True"
"zoopi4","200","100","100","71","100","8","True","True"
"CostcoMuffins","116","16","100","21","100","0","False","True"
"Darkwratheon","123","23","100","100","100","8","False","True"
"kisaveoz","164","64","100","100","100","7","False","True"
"Ikillesuper","169","69","100","100","100","19","False","True"
"lukesvader","190","90","100","100","100","13","False","True"
"Fuzzy_Dice1","111","11","100","100","100","10","False","True"
"elkaki123","183","83","100","100","100","11","False","True"
"PlayingWitHouseMoney","105","5","100","14","100","0","False","True"
"NinjaSupplyCompany","200","100","100","100","100","209","True","True"
"SirWaddlezAlot","200","100","100","100","100","18","True","True"
"Saucy_Salmon","200","100","100","100","100","3","True","True"
"DrMaxCoytus","200","100","100","100","100","25","True","True"
"SSFW3925","101","1","100","43","100","0","False","True"
"SayYesToSarcasm","110","10","100","100","100","20","False","True"
"Eric-Cartman_99","109","9","100","58","100","3","False","True"
"jake831","166","66","100","100","100","36","False","True"
"nodice182","107","7","100","65","100","6","False","True"
"BloodySteel","116","16","100","100","100","69","False","True"
"versace_tombstone","111","11","100","100","100","33","False","True"
"avacado_of_the_devil","126","26","100","100","100","45","False","True"
"stickmaster_flex","167","67","100","100","100","20","False","True"
"SalmonBrah","108","8","100","24","100","4","False","True"
"Strikercharge","200","100","100","100","100","48","True","True"
"kellehertexas","106","6","100","100","100","8","False","True"
"wahoosjw","163","63","100","100","100","17","False","True"
"vnut08","134","34","100","100","100","60","False","True"
"StarManOfAtmora","200","100","100","100","100","16","True","True"
"LaGardie","109","9","100","100","100","51","False","True"
"justinbeatdown","200","100","100","100","100","50","True","True"
"jcsatan","113","13","100","100","100","14","False","True"
"Fightingrooster","200","100","100","100","100","21","True","True"
"kelptastic_1","115","15","100","52","100","4","False","True"
"NEPXDer","101","1","100","100","100","40","False","True"
"Palin_Sees_Russia","158","58","100","100","100","37","False","True"
"Lumyai","200","100","100","81","100","2","True","True"
"mR_D00DLES","200","100","100","49","100","0","True","True"
"zanotam","200","100","100","100","100","62","True","True"
"Lauflouya","102","2","100","100","100","3","False","True"
"an0nym0us3hat","132","32","100","100","100","6","False","True"
"MPT1313","200","100","100","100","100","29","True","True"
"jotarowinkey","200","100","100","100","100","8","True","True"
"exuvial","176","76","100","100","100","27","False","True"
"quikmcmuffins","167","67","100","100","100","3","False","True"
"Von32","147","47","100","100","100","9","False","True"
"JRPGpro","152","52","100","100","100","17","False","True"
"theganjaoctopus","194","94","100","100","100","21","False","True"
"Roc_City","200","100","100","100","100","24","True","True"
"RepentTheSin","115","15","100","100","100","2","False","True"
"mandalayt","137","37","100","50","100","2","False","True"
"brettbri5694","199","99","100","100","100","14","False","True"
"CalvinMcManus","107","7","100","49","100","5","False","True"
"MrMolester","163","63","100","100","100","35","False","True"
"therealkeeper","129","29","100","100","100","21","False","True"
"CC_Panadero","139","39","100","100","100","25","False","True"
"chadwickofwv","105","5","100","62","100","0","False","True"
"lostnspace2","137","37","100","100","100","7","False","True"
"Delision","191","91","100","100","100","25","False","True"
"DanKekington","104","4","100","46","100","0","False","True"
"Lumaexid","200","100","100","100","100","8","True","True"
"mlg_dog420","200","100","100","100","100","146","True","True"
"goldenguyz","200","100","100","100","100","33","True","True"
"AcrylicPaintSet2nd","176","76","100","100","100","14","False","True"
"NEWNHLISLAME","101","1","100","67","100","6","False","True"
"charbo187","200","100","100","100","100","42","True","True"
"Andrewhd","119","19","100","100","100","7","False","True"
"garrett127","100","0","100","33","100","14","False","True"
"Abeduler","112","12","100","55","100","0","False","True"
"Lets_Do_This_","103","3","100","100","100","14","False","True"
"optimistically_eyed","146","46","100","100","100","10","False","True"
"MidWest_Surfer","200","100","100","100","100","19","True","True"
"bxk21","139","39","100","100","100","21","False","True"
"Unvolta","163","63","100","100","100","3","False","True"
"shamelessfool","146","46","100","100","100","5","False","True"
"NinjaGrandma","114","14","100","100","100","12","False","True"
"j5txyz","108","8","100","85","100","5","False","True"
"Krellick","108","8","100","100","100","19","False","True"
"Livinglifeform","200","100","100","100","100","246","True","True"
"MagicSandwich27","143","43","100","100","100","15","False","True"
"thegreendutch","200","100","100","53","100","6","True","True"
"AkLoken","107","7","100","64","100","0","False","True"
"lvav68","114","14","100","100","100","4","False","True"
"TunkaTun","144","44","100","100","100","7","False","True"
"tkltangent","102","2","100","57","100","17","False","True"
"OOrochi","119","19","100","73","100","16","False","True"
"AmericanConrad","113","13","100","73","100","5","False","True"
"Youreridiculous","158","58","100","100","100","76","False","True"
"JedidiahSky","122","22","100","100","100","4","False","True"
"egotisticalnoob","200","100","100","100","100","28","True","True"
"Based_JuiceBox","120","20","100","100","100","27","False","True"
"financially","43","1","42","11","55","10","False","False"
"mojobytes","115","15","100","100","100","21","False","True"
"PM_ME_YOUR_BAN_NAME","200","100","100","100","100","20","True","True"
"are_you_nucking_futs","117","17","100","100","100","32","False","True"
"BoxNemo","155","55","100","100","100","19","False","True"
"Samic_OWillie","139","39","100","100","100","89","False","True"
"neoj8888","100","0","100","100","100","6","False","True"
"Nataschrist","200","100","100","100","100","4","True","True"
"Motorsagmannen","200","100","100","100","100","119","True","True"
"XxBigPeepee69xX","200","100","100","100","100","0","True","True"
"YoStephen","200","100","100","100","100","0","True","True"
"f0rgotten","200","100","100","100","100","58","True","True"
"hstarbird11","200","100","100","100","100","38","True","True"
"Enzemo","141","41","100","100","100","39","False","True"
"stella_r","103","3","100","63","100","0","False","True"
"greentangent","132","32","100","100","100","46","False","True"
"Mecha_Derp","115","15","100","100","100","31","False","True"
"dregan","200","100","100","100","100","55","True","True"
"Orangecup05","200","100","100","100","100","0","True","True"
"Moerdac","122","22","100","100","100","4","False","True"
"OkGJesus","144","44","100","84","100","14","False","True"
"Vikko","200","100","100","100","100","9","True","True"
"gregorianballsacks","100","0","100","100","100","3","False","True"
"StopWhiningPlz","200","100","100","100","100","12","True","True"
"kvothe1956","200","100","100","100","100","9","True","True"
"glugglug","200","100","100","100","100","0","True","True"
"Spazsquatch","113","13","100","100","100","7","False","True"
"Eren189","200","100","100","100","100","35","True","True"
"and_yet_he_complains","153","53","100","100","100","12","False","True"
"DingDongDideliDanger","200","100","100","100","100","21","True","True"
"AmbivalentX","200","100","100","92","100","1","True","True"
"uselessDM","162","62","100","100","100","12","False","True"
"Itzr","197","97","100","100","100","57","False","True"
"lazaplaya5","181","81","100","89","100","6","False","True"
"digdog303","200","100","100","100","100","23","True","True"
"marioguy25","200","100","100","100","100","9","True","True"
"apivan191","200","100","100","100","100","14","True","True"
"Blutarg","200","100","100","100","100","48","True","True"
"Disco_Hospital","103","3","100","3","100","0","False","True"
"Baseballkev219","200","100","100","100","100","34","True","True"
"Hey_its_Ferg","159","59","100","92","100","12","False","True"
"sawftacos","111","11","100","100","100","10","False","True"
"OneNightStandKids","200","100","100","100","100","35","True","True"
"MyDamnCoffee","200","100","100","100","100","19","True","True"
"fukmann","129","29","100","100","100","19","False","True"
"Saech","119","19","100","100","100","72","False","True"
"nicvanroon","129","29","100","93","100","10","False","True"
"TenebraeDE","108","8","100","27","100","5","False","True"
"gagnonca","181","81","100","100","100","65","False","True"
"boniggy","200","100","100","100","100","32","True","True"
"ezfriedchiken","200","100","100","100","100","30","True","True"
"dentastic101","200","100","100","100","100","3","True","True"
"Shacozzi","172","72","100","100","100","1","False","True"
"phives33","200","100","100","100","100","3","True","True"
"The_pun_fart","200","100","100","100","100","22","True","True"
"Mansyn","105","5","100","100","100","3","False","True"
"spawzing","200","100","100","98","100","4","True","True"
"anon_adderlan","149","49","100","100","100","13","False","True"
"Imperator_Crispico","200","100","100","100","100","34","True","True"
"Aeceus","106","6","100","100","100","35","False","True"
"Omaromar","200","100","100","100","100","33","True","True"
"NoradIV","200","100","100","100","100","50","True","True"
"Plutodigi","117","17","100","100","100","2","False","True"
"Liquor_N_Whorez","200","100","100","100","100","17","True","True"
"Cent0rea88","200","100","100","100","100","10","True","True"
"dogstarman","200","100","100","100","100","14","True","True"
"Fistacuffs87","45","0","45","10","39","0","False","False"
"thedarkone47","102","2","100","100","100","35","False","True"
"westsan","200","100","100","100","100","9","True","True"
"NoGravitasAtAll","103","3","100","70","100","1","False","True"
"tdogAF","104","6","98","23","100","2","False","False"
"bob0matic","104","4","100","100","100","5","False","True"
"EpilepticAuror","140","40","100","100","100","5","False","True"
"Raikkou","127","27","100","100","100","14","False","True"
"GenghisKazoo","200","100","100","100","100","27","True","True"
"DrStrangeDream","161","61","100","100","100","8","False","True"
"best-consolegamer","102","2","100","100","100","7","False","True"
"Gonomed","200","100","100","100","100","29","True","True"
"LapisRS","194","94","100","100","100","43","False","True"
"Tehrozer","188","88","100","100","100","0","False","True"
"UnoVonGalaxor","106","6","100","80","100","26","False","True"
"BatsintheBelfry45","100","0","100","100","100","12","False","True"
"KelloPudgerro","200","100","100","100","100","71","True","True"
"TaniksPERFECTED","200","100","100","100","100","19","True","True"
"Frostcrest","200","100","100","100","100","37","True","True"
"Pr0xyWash0r","104","4","100","100","100","27","False","True"
"hitthemfkwon","187","87","100","100","100","30","False","True"
"CaptKeef","137","37","100","100","100","4","False","True"
"rg90184","111","11","100","91","100","11","False","True"
"nanowerx","145","45","100","100","100","54","False","True"
"TheArgonian","117","17","100","100","100","13","False","True"
"BuzzedLightyears","120","20","100","100","100","2","False","True"
"The_Pelican1245","200","100","100","100","100","68","True","True"
"KermitMadMan","200","100","100","100","100","13","True","True"
"HumanautPassenger","200","100","100","100","100","50","True","True"
"KilKidd","119","19","100","97","100","10","False","True"
"SwissCheese64","200","100","100","100","100","36","True","True"
"blitzkriegski","112","12","100","100","100","3","False","True"
"WormFarmer64","113","13","100","47","100","0","False","True"
"lolscraper69","151","51","100","100","100","11","False","True"
"epicgamer17","200","100","100","100","100","62","True","True"
"YTAftershock","200","100","100","100","100","50","True","True"
"2MinutesHateIsRookie","110","10","100","72","100","1","False","True"
"brendanrobertson","120","20","100","100","100","5","False","True"
"worstdamnday","119","19","100","100","100","2","False","True"
"johnbeatty08","177","77","100","100","100","10","False","True"
"IIIDeadAgainIII","113","13","100","31","100","2","False","True"
"8BOXX","160","60","100","100","100","3","False","True"
"-aspirant-","117","17","100","100","100","0","False","True"
"trai_dep","200","100","100","100","100","10","True","True"
"RastaVampireDude","200","100","100","100","100","0","True","True"
"shitty-cat","200","100","100","100","100","8","True","True"
"OParnoShoshoi","200","100","100","100","100","13","True","True"
"HaxxorElite","200","100","100","100","100","32","True","True"
"21onDec23","200","100","100","100","100","13","True","True"
"gameld","200","100","100","100","100","31","True","True"
"Alburg9000","159","59","100","100","100","13","False","True"
"MrMineHeads","200","100","100","100","100","94","True","True"
"that_boy_zesty","197","97","100","100","100","12","False","True"
"AndreasBerthou","155","55","100","100","100","36","False","True"
"shoopdahoop22","200","100","100","100","100","55","True","True"
"shogo_guy","200","100","100","100","100","33","True","True"
"GabaskarIsTakenSooo","200","100","100","100","100","20","True","True"
"dom31489","139","39","100","100","100","2","False","True"
"crantastic","178","78","100","100","100","18","False","True"
"TheTrueMuffinMan","36","14","22","22","49","29","False","False"
"forteller","200","100","100","100","100","5","True","True"
"Pacific_Rimming","118","18","100","83","100","21","False","True"
"SevFTW","200","100","100","100","100","103","True","True"
"BenMcLean","200","100","100","100","100","25","True","True"
"Lordroomie","200","100","100","100","100","11","True","True"
"Crooooow","107","7","100","100","100","17","False","True"
"jozlynPlaysEve","159","59","100","100","100","24","False","True"
"TacticalPolonium","200","100","100","100","100","9","True","True"
"montereybay","200","100","100","100","100","3","True","True"
"craigertiger","180","80","100","100","100","6","False","True"
"WeightyUnit88","154","54","100","100","100","101","False","True"
"Thomas_K_Brannigan","122","22","100","100","100","10","False","True"
"skipearth","200","100","100","100","100","32","True","True"
"artist55","129","29","100","100","100","23","False","True"
"Scruffy_McHigh","113","13","100","100","100","7","False","True"
"Silver_Star","200","100","100","100","100","135","True","True"
"420io","200","100","100","100","100","3","True","True"
"BanterMaster420","113","13","100","100","100","12","False","True"
"MyNameIsOP","126","26","100","100","100","86","False","True"
"lustyperson","120","20","100","85","100","2","False","True"
"diegoesos","121","21","100","35","100","16","False","True"
"Keldrath","145","45","100","100","100","47","False","True"
"Thatniqqarylan","200","100","100","100","100","13","True","True"
"HaLoGuY007","200","100","100","100","100","41","True","True"
"scudzz","142","42","100","100","100","0","False","True"
"BruceOfChicago","115","15","100","100","100","20","False","True"
"DerekSavoc","200","100","100","100","100","0","True","True"
"AceofRains","150","50","100","82","100","0","False","True"
"MrMallow","200","100","100","100","100","99","True","True"
"RedErin","200","100","100","100","100","0","True","True"
"apostledeets","200","100","100","100","100","36","True","True"
"ricLP","100","0","100","100","100","14","False","True"
"iRunLikeTheWind","150","50","100","100","100","18","False","True"
"mglaman","200","100","100","49","100","5","True","True"
"You_coward","195","95","100","100","100","47","False","True"
"chiliwilly001","122","22","100","59","100","6","False","True"
"Cheesysock5","200","100","100","100","100","11","True","True"
"aletoledo","182","82","100","0","0","13","False","True"
"greenepc","122","22","100","74","100","15","False","True"
"Minim4c","104","4","100","100","100","11","False","True"
"SomberlySober","131","31","100","100","100","16","False","True"
"lindsaytheperson","115","15","100","90","100","1","False","True"
"rockytimber","200","100","100","100","100","10","True","True"
"TheDizzyDan","165","65","100","93","100","32","False","True"
"hglman","126","26","100","100","100","36","False","True"
"blueishfish","148","48","100","100","100","19","False","True"
"gnomz","118","18","100","95","100","3","False","True"
"xposijenx","178","78","100","100","100","20","False","True"
"Rathulf","159","59","100","100","100","19","False","True"
"AtCougarNation","119","19","100","100","100","11","False","True"
"erickgramajo","133","33","100","100","100","16","False","True"
"apxl","87","4","83","31","77","9","False","False"
"neutral-vote_pls","100","0","100","78","100","2","False","True"
"Bonhomhongon","200","100","100","100","100","41","True","True"
"emirikol2099","116","16","100","100","100","2","False","True"
"SocialForceField","121","21","100","100","100","12","False","True"
"taylor1288","174","74","100","100","100","58","False","True"
"RaptorX","130","30","100","100","100","6","False","True"
"drunkenknight9","126","26","100","100","100","5","False","True"
"how-about-that","107","7","100","100","100","9","False","True"
"Y2kurly","106","6","100","53","100","0","False","True"
"pete_topkevinbottom","127","27","100","100","100","0","False","True"
"kay_so","168","68","100","100","100","16","False","True"
"MCHammons15","128","28","100","100","100","20","False","True"
"GlassesMorty","169","69","100","100","100","0","False","True"
"worktogether","148","48","100","96","100","3","False","True"
"EightBitBite","132","32","100","100","100","0","False","True"
"BreakMyFallIfYouCan","200","100","100","100","100","0","True","True"
"09-11-2001","200","100","100","100","100","106","True","True"
"drqxx","200","100","100","100","100","54","True","True"
"glowyknight","200","100","100","100","100","5","True","True"
"applezapplezapplez","117","17","100","100","100","6","False","True"
"sammydow","200","100","100","100","100","46","True","True"
"GamingEtc4","200","100","100","100","100","28","True","True"
"illinoises","124","24","100","100","100","21","False","True"
"RedditRalf","159","59","100","100","100","20","False","True"
"ironicallyscreaming","164","64","100","100","100","6","False","True"
"kodeak","119","19","100","100","100","11","False","True"
"rockshow4070","123","23","100","100","100","29","False","True"
"Annwnfyn","109","9","100","79","100","9","False","True"
"nowhereian","110","10","100","100","100","97","False","True"
"WEEBERMAN","200","100","100","100","100","17","True","True"
"gwoovysmoothy","112","20","92","30","100","14","False","False"
"comebackjoeyjojo","200","100","100","100","100","66","True","True"
"aManOfTheNorth","200","100","100","100","100","16","True","True"
"0pensecrets","123","23","100","100","100","18","False","True"
"showa_shonen","132","32","100","77","100","12","False","True"
"catsfive","200","100","100","100","0","0","True","True"
"FuckRhino","200","100","100","100","100","0","True","True"
"requestdosh","127","27","100","95","100","0","False","True"
"GillicuttyMcAnus","174","74","100","100","100","0","False","True"
"JonSnoWight","200","100","100","100","100","0","True","True"
"SneakyNinja4782","200","100","100","100","100","0","True","True"
"reddtedd2","169","69","100","64","100","19","False","True"
"NotYourMothersDildo","171","71","100","100","100","39","False","True"
"Referencez","167","67","100","100","100","0","False","True"
"muufin","200","100","100","100","100","0","True","True"
"Thedupdup","200","100","100","100","100","0","True","True"
"Cookiemole","114","14","100","52","100","0","False","True"
"jasonhoblin","192","92","100","100","100","0","False","True"
"NorthernField","127","27","100","57","100","0","False","True"
"Neopergoss","115","15","100","100","100","0","False","True"
"Revelt","200","100","100","100","100","15","True","True"
"montydad5000","184","84","100","100","100","0","False","True"
"GreatMight","122","22","100","100","100","0","False","True"
"cristi1990an","200","100","100","100","100","0","True","True"
"beetawix-Hi","115","15","100","100","100","0","False","True"
"RottonGrub","105","5","100","93","100","0","False","True"
"sherrylavone","129","29","100","100","100","0","False","True"
"TheThingsUnsaid","200","100","100","100","100","0","True","True"
"Cassavetes14","110","10","100","48","100","1","False","True"
"chedg3s","111","11","100","95","100","0","False","True"
"cbobley","200","100","100","100","100","25","True","True"
"SteeleDuke","200","100","100","100","100","14","True","True"
"alexthomson666","140","40","100","100","100","3","False","True"
"bawlmerbits","111","11","100","76","100","0","False","True"
"denali42","170","70","100","100","100","159","False","True"
"adacmswtf1","133","33","100","100","100","0","False","True"
"Donnie_Jepp","116","16","100","83","100","1","False","True"
"Stefu03","129","29","100","39","100","1","False","True"
"maybe82","142","42","100","100","100","4","False","True"
"LoganJn","200","100","100","100","100","59","True","True"
"MZ603","120","20","100","100","100","101","False","True"
"unholygunner714","119","19","100","82","100","1","False","True"
"klunk88","164","64","100","100","100","0","False","True"
"dagoled","128","28","100","100","100","7","False","True"
"Sinnoz","129","29","100","100","100","33","False","True"
"ak9321","125","25","100","100","100","6","False","True"
"thiseffnguy","200","100","100","100","100","12","True","True"
"cyanide4suicide","200","100","100","100","100","76","True","True"
"saintpetejackboy","200","100","100","100","100","21","True","True"
"IndianLanny","177","77","100","100","100","2","False","True"
"Ideaslug","120","20","100","100","100","0","False","True"
"iryan72","200","100","100","45","100","0","True","True"
"irenezarate","154","54","100","100","100","0","False","True"
"TheLoneWanderer99","112","12","100","89","100","0","False","True"
"MachinShin2006","104","4","100","100","100","13","False","True"
"LeifEriccson","200","100","100","100","100","25","True","True"
"JohnnyRelentless","200","100","100","100","100","30","True","True"
"8bitsquid","103","3","100","28","100","0","False","True"
"heyheyluno","149","49","100","100","100","48","False","True"
"cyberworm_","146","46","100","100","100","6","False","True"
"Littlefreak100","146","46","100","100","100","8","False","True"
"Fiery_Eagle954","200","100","100","100","100","103","True","True"
"bikki420","112","12","100","100","100","9","False","True"
"redridingruby","102","2","100","100","100","7","False","True"
"Oliver-ToyCatFriend","127","27","100","100","100","8","False","True"
"ShowMeTheTyrant","200","100","100","61","100","5","True","True"
"OGbinky","114","14","100","100","100","4","False","True"
"Evocatus_Preliator","134","34","100","100","100","10","False","True"
"-DollFace","138","38","100","100","100","0","False","True"
"President-of-Reddit","200","100","100","100","100","0","True","True"
"Morgo311","200","100","100","100","100","16","True","True"
"MorpheusIndustry","116","16","100","45","100","0","False","True"
"TKN","105","5","100","35","100","4","False","True"
"Solidarity365","200","100","100","100","100","9","True","True"
"pap3rw8","200","100","100","100","100","24","True","True"
"soliderboypop","200","100","100","100","100","42","True","True"
"Leav","200","100","100","100","100","9","True","True"
"wombatmagic","179","79","100","100","100","0","False","True"
"___OP____","186","86","100","100","100","0","False","True"
"Big_J95","111","11","100","100","100","0","False","True"
"KnashDavis","141","41","100","100","100","83","False","True"
"Jinjrax","165","65","100","100","100","0","False","True"
"pipiopi","114","14","100","100","100","53","False","True"
"Chispy","200","100","100","100","100","68","True","True"
"therealml","183","83","100","100","100","0","False","True"
"Touristupdatenola","200","100","100","100","100","0","True","True"
"AnomalousM","113","13","100","100","100","1","False","True"
"swiskowski","200","100","100","100","100","0","True","True"
"Panthris","114","14","100","16","100","1","False","True"
"bitterjack","150","50","100","100","100","7","False","True"
"Kyr4l","200","100","100","100","100","0","True","True"
"JamesTheJerk","200","100","100","100","100","0","True","True"
"Nuguns21","200","100","100","100","100","7","True","True"
"Avatar_of_Green","122","22","100","100","100","30","False","True"
"l2daless","200","100","100","100","100","12","True","True"
"iFunnyPrince","200","100","100","100","100","12","True","True"
"GSUGinger","142","42","100","100","100","8","False","True"
"ObiBen","111","11","100","93","100","12","False","True"
"Py687","167","67","100","100","100","23","False","True"
"Kasufert","200","100","100","100","100","54","True","True"
"iBird","200","100","100","100","100","31","True","True"
"toxic_joe","105","5","100","80","100","11","False","True"
"ajb1102","140","40","100","100","100","0","False","True"
"iPadCaryVR","200","100","100","100","100","0","True","True"
"mrdoom","127","27","100","100","100","0","False","True"
"jameye11","200","100","100","100","100","15","True","True"
"chapstickbomber","146","46","100","100","100","57","False","True"
"pastorgasssssss","137","51","86","61","100","29","False","False"
"ItsOkToBeWhiteX10000","200","100","100","100","100","6","True","True"
"Sobsz","200","100","100","100","100","78","True","True"
"SrBoreas","106","6","100","100","100","4","False","True"
"RyanCap217","119","19","100","89","100","14","False","True"
"GreenChevy09","159","59","100","100","100","2","False","True"
"magadget","200","100","100","100","100","16","True","True"
"jamdram","63","2","61","25","83","11","False","False"
"9faggerz","191","91","100","100","100","4","False","True"
"ElCamo267","200","100","100","100","100","17","True","True"
"fatesjester","147","47","100","56","100","34","False","True"
"RazsterOxzine","200","100","100","100","100","68","True","True"
"avantesma","164","64","100","100","100","0","False","True"
"zayonis","196","96","100","100","100","0","False","True"
"AssAssIn46","200","100","100","100","100","0","True","True"
"sordin13","132","32","100","95","100","0","False","True"
"ingy2012","200","100","100","100","100","34","True","True"
"RZA3663","102","2","100","63","100","8","False","True"
"Kaarsty","200","100","100","100","100","13","True","True"
"bawitback","200","100","100","100","100","74","True","True"
"matt_finch","121","21","100","100","100","1","False","True"
"Hubertus_Hauger","200","100","100","23","100","0","True","True"
"youni89","200","100","100","100","100","44","True","True"
"JessLynnStudio","106","6","100","95","100","5","False","True"
"Bartman383","200","100","100","100","100","37","True","True"
"PotatoSaIIad","118","18","100","75","100","30","False","True"
"Belmish","200","100","100","100","100","5","True","True"
"Everythings","161","61","100","100","100","19","False","True"
"radii314","200","100","100","100","100","16","True","True"
"waldo06","200","100","100","100","100","7","True","True"
"RugerRedhawk","167","67","100","100","100","57","False","True"
"HerbTrees","137","37","100","100","100","4","False","True"
"sddgfdbdfbdbgfbfgb","200","100","100","55","100","1","True","True"
"babyd42","162","62","100","100","100","16","False","True"
"Ach301uz","105","5","100","100","100","7","False","True"
"ranshyn","135","35","100","100","100","12","False","True"
"meatyourmomma","102","2","100","100","100","3","False","True"
"WyatTheR10T","196","96","100","100","100","10","False","True"
"Aplefen","133","33","100","53","100","2","False","True"
"Kienose","123","23","100","94","100","21","False","True"
"Spiph","200","100","100","100","100","16","True","True"
"SearchLightsInc","200","100","100","100","100","12","True","True"
"SeaSickPirate","175","75","100","100","100","17","False","True"
"hazeofthegreensmoke","200","100","100","100","100","7","True","True"
"Romodude40","200","100","100","100","100","38","True","True"
"R3typ3","200","100","100","100","100","36","True","True"
"iskin","109","9","100","100","100","12","False","True"
"SkylineReddit252K19S","200","100","100","100","100","97","True","True"
"thenerdydovah","200","100","100","100","100","66","True","True"
"4trevor4","200","100","100","100","100","75","True","True"
"swisha223","118","18","100","100","100","14","False","True"
"Lazic21","131","31","100","100","100","0","False","True"
"warry0r","200","100","100","100","100","16","True","True"
"Lusankya","110","10","100","100","100","0","False","True"
"RadiantPumpkin","200","100","100","100","100","21","True","True"
"New_ShitLord","200","100","100","96","100","8","True","True"
"ep311","183","83","100","100","100","36","False","True"
"nearlydedicated","115","15","100","100","100","33","False","True"
"sinovictorchan","200","100","100","100","100","1","True","True"
"whitefox00","137","37","100","100","100","7","False","True"
"Letspartyman","161","61","100","50","100","21","False","True"
"llamajokey","144","44","100","100","100","3","False","True"
"3225678","200","100","100","100","100","14","True","True"
"Jeb_Kenobi","200","100","100","100","100","97","True","True"
"ace-","117","17","100","75","100","12","False","True"
"Starbursty2122","116","16","100","100","100","19","False","True"
"Nerdialismo","200","100","100","100","100","47","True","True"
"Cytoxin","105","5","100","34","100","13","False","True"
"rareiamgery","151","51","100","93","100","6","False","True"
"Yaastra","144","44","100","100","100","30","False","True"
"Hunonedred","200","100","100","100","100","3","True","True"
"Fat_Head_Carl","200","100","100","100","100","22","True","True"
"ThePlanetFinder","158","58","100","100","100","9","False","True"
"spittingdingo","106","6","100","100","100","0","False","True"
"CAW4","103","3","100","100","100","29","False","True"
"InsidAero","200","100","100","100","100","47","True","True"
"yodaman1","119","19","100","100","100","10","False","True"
"bencelot","200","100","100","100","100","21","True","True"
"MayBeeMaybeKnot","112","12","100","100","100","3","False","True"
"superfish1","125","25","100","71","100","31","False","True"
"CanonRockFinal","129","29","100","100","100","1","False","True"
"FlipsideTripping","200","100","100","100","100","4","True","True"
"Llodsliat","200","100","100","100","100","175","True","True"
"duescruentus","167","67","100","100","100","2","False","True"
"haveyouseenmymarble","105","5","100","87","100","1","False","True"
"SatanicBeaver","187","87","100","100","100","10","False","True"
"moschles","200","100","100","100","100","28","True","True"
"Turtuloo","200","100","100","100","100","30","True","True"
"TheGemKingMXL","200","100","100","100","100","24","True","True"
"ZorbaTHut","200","100","100","100","0","80","True","True"
"L0ading_","118","18","100","100","100","21","False","True"
"ElurSeillocRedorb","135","35","100","71","100","0","False","True"
"Fergus_the_Trump","121","21","100","100","100","4","False","True"
"Talking_Sponge","100","0","100","36","100","7","False","True"
"3rdEyeBall","79","3","76","17","67","23","False","False"
"richhomieram","200","100","100","100","100","60","True","True"
"fenite","157","57","100","100","100","7","False","True"
"SnazzyButterfly","138","38","100","100","100","3","False","True"
"TechnicallyHankHill","200","100","100","98","100","19","True","True"
"PedanticallySemantic","200","100","100","100","100","12","True","True"
"new-monkey","200","100","100","80","100","5","True","True"
"TheSpiffySpaceman","156","56","100","100","100","32","False","True"
"PityFool","200","100","100","100","100","18","True","True"
"betancourt1","139","39","100","43","100","2","False","True"
"BrownLightning88","200","100","100","100","100","6","True","True"
"TheGoldenCaulk","200","100","100","84","100","133","True","True"
"Austacker","184","84","100","100","100","13","False","True"
"MonkeyDKev","116","16","100","100","100","18","False","True"
"JoshyPow","138","38","100","39","100","11","False","True"
"Rat_Stick","114","14","100","100","100","21","False","True"
"Boo_R4dley","150","50","100","100","100","11","False","True"
"325Gerbils","144","44","100","93","100","36","False","True"
"JanetYellensFuckboy","200","100","100","100","100","381","True","True"
"happpster","132","32","100","80","100","16","False","True"
"Lu1g1number1","179","79","100","100","100","19","False","True"
"NobreLusitano","132","32","100","100","100","5","False","True"
"DAYNGER_DAYN","119","19","100","71","100","9","False","True"
"MayorMarla","107","7","100","100","100","19","False","True"
"TripleOGeg","133","33","100","100","100","14","False","True"
"maniakb416","200","100","100","100","100","36","True","True"
"pete7201","200","100","100","100","100","147","True","True"
"Nick_Dice","200","100","100","100","100","10","True","True"
"Byrned420","101","1","100","31","100","3","False","True"
"SevenMartinis","114","14","100","100","100","0","False","True"
"ChainChompsky","108","8","100","100","100","34","False","True"
"bijouokface","103","3","100","68","100","5","False","True"
"ur_mpm","200","100","100","100","100","37","True","True"
"lihimsidhe","200","100","100","100","100","32","True","True"
"jav099","135","35","100","100","100","11","False","True"
"snifty","200","100","100","100","100","6","True","True"
"Datgodapple","145","45","100","100","100","21","False","True"
"lesecksybrian","126","26","100","100","100","45","False","True"
"TheFerretman","200","100","100","100","100","21","True","True"
"Medial_FB_Bundle","108","8","100","100","100","10","False","True"
"BoneHugsHominy","156","56","100","100","0","22","False","True"
"RikerSays","104","4","100","59","100","2","False","True"
"Griseplutten","114","14","100","97","100","2","False","True"
"PJMFett","101","1","100","100","100","13","False","True"
"bluebullbruce","200","100","100","100","100","27","True","True"
"pfftYeahRight","200","100","100","100","100","96","True","True"
"Cumbria-Strong","118","18","100","100","100","6","False","True"
"sskkarz","150","50","100","100","100","8","False","True"
"AdaGirl","134","34","100","100","100","31","False","True"
"Average650","186","86","100","100","100","58","False","True"
"-VeggieStraw-","200","100","100","100","100","2","True","True"
"kowlown","110","10","100","100","100","16","False","True"
"kidkoala_1","200","100","100","100","100","33","True","True"
"JesusHolyChrist","152","52","100","100","100","29","False","True"
"charlesdickinsideme","200","100","100","100","100","45","True","True"
"Gnerus","104","4","100","100","100","19","False","True"
"BenjiYokai","200","100","100","100","100","31","True","True"
"Jimski42","128","28","100","100","100","5","False","True"
"AlinaWithAFace","110","10","100","90","100","11","False","True"
"Unseenmonument","200","100","100","100","100","8","True","True"
"_Fuzzy__","200","100","100","100","100","51","True","True"
"KCCCellist","200","100","100","100","100","27","True","True"
"Blondejobs","153","53","100","100","100","9","False","True"
"kongu3345","172","72","100","100","100","32","False","True"
"BadUsernam3","165","65","100","100","100","19","False","True"
"Dyalibya","115","15","100","100","100","46","False","True"
"kuytor435","200","100","100","100","100","24","True","True"
"MrNomis","126","26","100","100","100","1","False","True"
"Destado1","200","100","100","100","100","28","True","True"
"jwinter2","200","100","100","100","100","85","True","True"
"zoidbergx","200","100","100","100","100","16","True","True"
"sunny_deee","119","19","100","100","100","29","False","True"
"Yeet_Cannon","105","5","100","32","100","3","False","True"
"EarthisFucked","173","73","100","100","100","0","False","True"
"TheRealZaineyZaine","149","49","100","100","100","5","False","True"
"BASGTA","141","41","100","100","100","26","False","True"
"sablesable","121","21","100","100","100","33","False","True"
"All_The_Numbers","146","46","100","84","100","8","False","True"
"spark0","200","100","100","100","100","23","True","True"
"BeheritSyriac","133","33","100","72","100","12","False","True"
"soundacious","138","38","100","100","100","7","False","True"
"shane-from-5-to-7","136","36","100","100","100","14","False","True"
"truffs1010","200","100","100","74","100","16","True","True"
"vpniceguys","152","52","100","54","100","2","False","True"
"bluehands","111","11","100","100","100","24","False","True"
"Vasallo7G","200","100","100","100","100","19","True","True"
"Synux","145","45","100","100","100","3","False","True"
"beebish","133","33","100","100","100","2","False","True"
"TheDukeOfDance","169","69","100","100","100","13","False","True"
"green49285","138","38","100","100","100","25","False","True"
"MarkissC_","172","72","100","100","100","21","False","True"
"avsan2","107","7","100","54","100","0","False","True"
"turqeeneqq","105","5","100","68","100","3","False","True"
"EpicLapras","149","49","100","100","100","17","False","True"
"ViVaVl29","145","45","100","100","100","10","False","True"
"friendlysoviet","103","3","100","100","100","18","False","True"
"ltbadpuppy","110","10","100","100","100","3","False","True"
"Sheer10","177","77","100","100","100","14","False","True"
"BlazeHeatnix83","200","100","100","100","100","4","True","True"
"Qwintro","107","7","100","53","100","22","False","True"
"MsLyrebird-LuP","105","5","100","100","100","6","False","True"
"rabotat","147","47","100","100","100","26","False","True"
"sweep707","194","94","100","100","100","11","False","True"
"epymetheus","189","89","100","100","100","32","False","True"
"Kreg72","112","12","100","100","100","0","False","True"
"axonrecall","155","55","100","100","100","29","False","True"
"visionz","167","67","100","45","100","1","False","True"
"tyleeeer","200","100","100","100","100","35","True","True"
"ToniGrossmann","111","11","100","80","100","3","False","True"
"thievingstableboy","141","41","100","57","100","2","False","True"
"SirDigbyCeasar","101","1","100","33","100","6","False","True"
"mrcoatrack","46","1","45","18","57","1","False","False"
"mario2506","166","66","100","100","100","50","False","True"
"dogrescuersometimes","200","100","100","100","100","49","True","True"
"_TheHalfTruth_","196","96","100","100","100","19","False","True"
"PsyJak","109","9","100","100","100","4","False","True"
"VulGerrity","172","72","100","100","100","35","False","True"
"Pili410","151","51","100","60","100","10","False","True"
"insanebatcat","200","100","100","100","100","47","True","True"
"CrookedKeith","200","100","100","100","100","12","True","True"
"AvengerTree1","102","2","100","100","100","11","False","True"
"CSGODeimos","200","100","100","100","100","21","True","True"
"ImDirtyDan_","124","24","100","95","100","25","False","True"
"KingJosephKony","128","28","100","100","100","19","False","True"
"Lenininy","143","43","100","100","100","19","False","True"
"TDSisReal","200","100","100","75","100","8","True","True"
"akmjolnir","200","100","100","100","100","119","True","True"
"OwnPlant","200","100","100","100","100","5","True","True"
"lizard81288","200","100","100","100","100","25","True","True"
"avtarius","151","51","100","77","100","13","False","True"
"TheChubbyKoala","101","1","100","51","100","7","False","True"
"bingbangbong12","200","100","100","100","100","29","True","True"
"AceroInoxidable","200","100","100","100","100","55","True","True"
"Phrag","200","100","100","100","100","1","True","True"
"icameron","106","6","100","52","100","31","False","True"
"damien00012","200","100","100","100","100","20","True","True"
"Kirby8187","175","75","100","100","100","20","False","True"
"icantgetthenameiwant","200","100","100","100","100","39","True","True"
"maynardftw","200","100","100","100","100","29","True","True"
"katrina1215","200","100","100","100","100","13","True","True"
"psirenny","100","0","100","71","100","0","False","True"
"jazzar237","112","12","100","57","100","1","False","True"
"_BearHawk","200","100","100","100","100","91","True","True"
"IAmIndeedYou","180","80","100","100","100","7","False","True"
"philmtl","200","100","100","100","100","12","True","True"
"sgt_snuffles02","200","100","100","100","100","13","True","True"
"Thedudely1","136","36","100","78","100","13","False","True"
"nwmark","107","7","100","68","100","11","False","True"
"kysishuhs","115","15","100","70","100","6","False","True"
"DoYouKnowTheTacoMan","200","100","100","100","100","16","True","True"
"SuiXi3D","113","13","100","100","100","0","False","True"
"WeAreAllGeth","180","80","100","100","100","100","False","True"
"CraftyTim","200","100","100","100","100","54","True","True"
"Cliffinati","106","6","100","95","100","26","False","True"
"Cyberphil","112","12","100","69","100","19","False","True"
"bakedpotatoancake","151","51","100","100","100","3","False","True"
"woowoohoohoo","166","66","100","100","100","21","False","True"
"hellomiggy","107","7","100","63","100","31","False","True"
"jaxx2009","200","100","100","100","100","71","True","True"
"classicrando","200","100","100","100","100","7","True","True"
"AggresivePickle","200","100","100","100","100","123","True","True"
"Angelobo","109","9","100","69","100","8","False","True"
"Noogleader","101","1","100","49","100","3","False","True"
"Elliptical_Tangent","200","100","100","100","100","24","True","True"
"IDontExistOk","137","37","100","100","100","25","False","True"
"cdw0313","200","100","100","100","100","10","True","True"
"Dariego","135","35","100","97","100","8","False","True"
"tetractys_gnosys","200","100","100","100","100","9","True","True"
"anangusp","111","11","100","100","100","38","False","True"
"MK19","200","100","100","99","100","96","True","True"
"enormastits3","157","57","100","100","100","11","False","True"
"SorrowfulSkald","128","28","100","81","100","84","False","True"
"thewookie34","200","100","100","100","100","76","True","True"
"uradonkey003","131","31","100","100","100","4","False","True"
"Padapoo","200","100","100","100","100","21","True","True"
"waterdevil19","117","17","100","100","100","20","False","True"
"ronnieseeger","200","100","100","100","100","2","True","True"
"sinnerdizzle","138","38","100","100","100","27","False","True"
"Mr_HulaStache64","200","100","100","100","100","75","True","True"
"mynameisprobablygabe","200","100","100","100","100","20","True","True"
"roqueofspades","200","100","100","100","100","16","True","True"
"LatzeH","200","100","100","100","100","22","True","True"
"one-punch-knockout","200","100","100","100","100","11","True","True"
"maby51","134","34","100","76","100","23","False","True"
"fjaoaoaoao","191","91","100","100","100","26","False","True"
"MyNameIsPhip","172","72","100","100","100","23","False","True"
"rmeddy","200","100","100","100","100","15","True","True"
"JohnJRenns","176","76","100","100","100","22","False","True"
"saetyrios","103","3","100","35","100","0","False","True"
"theHamJam","200","100","100","100","100","43","True","True"
"JRummy91","121","21","100","100","100","32","False","True"
"Sanity_Assasin","180","80","100","100","100","48","False","True"
"fourthwallcrisis","200","100","100","100","100","26","True","True"
"SubmersibleGoat","200","100","100","100","100","25","True","True"
"p3ngwin","114","14","100","100","100","18","False","True"
"Little200bro","180","80","100","100","100","25","False","True"
"cabeza98","143","43","100","100","100","14","False","True"
"FrozenPhalanges","102","2","100","100","100","81","False","True"
"absonudely","103","3","100","35","100","6","False","True"
"kindaboth","121","21","100","100","100","12","False","True"
"awanderingsinay","118","18","100","100","100","6","False","True"
"TripleSecretSquirrel","159","59","100","100","100","11","False","True"
"yuckypants","200","100","100","100","100","47","True","True"
"sj1young","175","75","100","82","100","36","False","True"
"DRJT","200","100","100","100","100","93","True","True"
"SubieB503","200","100","100","100","100","10","True","True"
"ZanThrax","146","46","100","100","100","26","False","True"
"ThatGuyYouKnowkappa","161","61","100","100","100","15","False","True"
"SmokeCloud","116","16","100","100","100","12","False","True"
"jrod2112","120","20","100","100","100","1","False","True"
"ShitSportOpinions","200","100","100","50","100","9","True","True"
"raine_","171","71","100","100","100","56","False","True"
"jess0amae","198","98","100","100","100","23","False","True"
"we_belong_dead","107","7","100","100","100","28","False","True"
"TexasPhanka","113","13","100","100","100","2","False","True"
"biggiepants","200","100","100","100","100","36","True","True"
"Darkenmal","132","32","100","100","100","21","False","True"
"A550RGY","100","0","100","100","100","13","False","True"
"CosmosGatito","193","93","100","100","100","0","False","True"
"SDC_dude","162","62","100","100","100","0","False","True"
"KhanneaSuntzu","200","100","100","100","100","12","True","True"
"_thirdeyeopener_","141","41","100","100","100","48","False","True"
"Kordan9090","111","11","100","74","100","2","False","True"
"AngryRepublican","172","72","100","100","100","12","False","True"
"unixchato","130","30","100","80","100","3","False","True"
"pansimi","163","63","100","100","100","20","False","True"
"wankerpedia","161","61","100","100","100","10","False","True"
"faab64","200","100","100","100","100","4","True","True"
"Daroo425","142","42","100","100","100","29","False","True"
"B_Provisional","127","27","100","100","100","12","False","True"
"gil_bz","152","52","100","100","100","27","False","True"
"LeeHide","200","100","100","100","100","14","True","True"
"scheepstick","120","20","100","100","100","3","False","True"
"DaRandomStoner","186","86","100","76","100","11","False","True"
"HerbalGamer","200","100","100","100","100","25","True","True"
"Caynguin","200","100","100","100","100","56","True","True"
"Synecdochic","111","11","100","100","100","21","False","True"
"smacksaw","200","100","100","0","0","277","True","True"
"Commando0861","154","54","100","100","100","23","False","True"
"colorhaze","200","100","100","100","100","8","True","True"
"makorringa","200","100","100","100","100","31","True","True"
"GoldenRareRat","105","5","100","63","100","9","False","True"
"Fearwater5","186","86","100","99","100","11","False","True"
"JoeBlowTheScienceBro","136","36","100","100","100","3","False","True"
"joelwinsagain","129","29","100","100","100","10","False","True"
"villuvallu","158","58","100","100","100","13","False","True"
"PirateAdventurer","113","13","100","100","100","38","False","True"
"SomeRandomIrishGuy","200","100","100","100","100","70","True","True"
"sneakysnake128","200","100","100","100","100","22","True","True"
"AlkalineTea2751","200","100","100","100","100","26","True","True"
"156497","200","100","100","69","100","5","True","True"
"ToaKraka","200","100","100","100","100","33","True","True"
"VoiceofPrometheus","125","25","100","100","100","13","False","True"
"vine-compilation","200","100","100","100","100","8","True","True"
"MeshuggahIsLife","138","38","100","79","100","22","False","True"
"Fluffy_Mcquacks","150","50","100","100","100","3","False","True"
"electricmonk9","101","1","100","100","100","9","False","True"
"SmilingPinkamena","200","100","100","100","100","37","True","True"
"Posthumos1","113","13","100","100","100","7","False","True"
"evanroden","200","100","100","100","100","16","True","True"
"uncle_hobo","125","25","100","100","100","14","False","True"
"dwarfwithgiantism","125","25","100","62","100","1","False","True"
"Needlecrash","200","100","100","100","100","214","True","True"
"wowidk","108","8","100","100","100","6","False","True"
"bl4ckn4pkins","200","100","100","100","100","3","True","True"
"RAZORHOLER","169","69","100","100","100","3","False","True"
"mohit2695","123","23","100","100","100","13","False","True"
"otterdam","119","19","100","64","100","18","False","True"
"N_E-Z-L_P-10-C","100","0","100","100","100","18","False","True"
"belial03","200","100","100","100","100","14","True","True"
"clerk37","112","12","100","54","100","2","False","True"
"Tumeski","103","3","100","37","100","7","False","True"
"SanityContagion","174","74","100","100","100","17","False","True"
"lsc194","195","95","100","100","100","6","False","True"
"Raider-Force","141","41","100","79","100","10","False","True"
"Choreboy","152","52","100","100","100","18","False","True"
"mtcruse","112","12","100","100","100","6","False","True"
"Molbo_is_God","129","29","100","100","100","8","False","True"
"Nickolai808","125","25","100","100","100","7","False","True"
"avianeddy","200","100","100","100","100","29","True","True"
"generic_edgelord","174","74","100","100","100","4","False","True"
"ChildishGambueno","111","11","100","78","100","6","False","True"
"TheSqueaker98","150","50","100","100","100","11","False","True"
"anonmudkip","162","62","100","100","100","26","False","True"
"final8","141","41","100","89","100","3","False","True"
"borgolo","196","96","100","100","100","9","False","True"
"Tannerdactyl","125","25","100","100","100","30","False","True"
"bruti561","103","3","100","79","100","5","False","True"
"StaticSignal","104","4","100","100","100","17","False","True"
"chidedneck","200","100","100","100","100","70","True","True"
"Shadowglove","143","43","100","100","100","16","False","True"
"DatShitCradolfHitler","200","100","100","100","100","25","True","True"
"desireforjune","113","13","100","96","100","9","False","True"
"swordinthestream","188","88","100","100","100","21","False","True"
"whywouldyoueverask","200","100","100","100","100","15","True","True"
"youremumaregaye","110","10","100","100","100","11","False","True"
"DustinForever","160","60","100","90","100","17","False","True"
"VirtuosicElevator","134","34","100","100","100","34","False","True"
"The_Swiss_Memer","72","1","71","28","85","10","False","False"
"PROLAPSED_SUBWOOFER","130","30","100","100","100","36","False","True"
"futrtek","123","23","100","100","100","0","False","True"
"iluvbigblackducks","101","1","100","100","100","0","False","True"
"xGetSweatyx","123","23","100","51","100","62","False","True"
"implodedrat","200","100","100","100","100","23","True","True"
"JoeBoco7","200","100","100","100","100","65","True","True"
"Seriously_who_farted","102","2","100","100","100","4","False","True"
"x_R_x","200","100","100","100","100","13","True","True"
"caraway90","164","64","100","100","100","6","False","True"
"-Stahl","184","84","100","100","100","16","False","True"
"bce-flims","200","100","100","100","100","34","True","True"
"sageguitar70","157","57","100","100","100","19","False","True"
"KoolAidMan00","100","0","100","100","100","25","False","True"
"WeAreEvolving","200","100","100","100","100","18","True","True"
"sleepmeds","147","47","100","69","100","8","False","True"
"QuickScopeOfGod","200","100","100","100","100","18","True","True"
"DemocratTears2020","154","54","100","100","100","3","False","True"
"censoredandagain","200","100","100","100","100","6","True","True"
"DepressedElephant","114","14","100","100","0","19","False","True"
"Slickwats4","101","1","100","100","100","49","False","True"
"TommieKelly","200","100","100","71","100","6","True","True"
"chs","121","21","100","40","100","3","False","True"
"Masonite23","200","100","100","100","100","13","True","True"
"doubteddongle","200","100","100","100","100","39","True","True"
"WaffleEmperor1001","200","100","100","100","100","5","True","True"
"Epicsnailman","200","100","100","100","100","19","True","True"
"ZenMaster911","121","21","100","100","100","2","False","True"
"RockSmasher87","181","81","100","100","100","53","False","True"
"ItIsShrek","179","79","100","100","100","41","False","True"
"k1d_5h31d0n","200","100","100","100","100","60","True","True"
"Pigeooon","200","100","100","100","100","27","True","True"
"Pacblu202","200","100","100","100","100","17","True","True"
"19cheungh1","200","100","100","100","100","29","True","True"
"Nualkris","200","100","100","100","100","7","True","True"
"RapMar08","200","100","100","100","100","48","True","True"
"SlurperiorBlove","49","5","44","18","63","0","False","False"
"masaguaporfavor","110","10","100","100","100","4","False","True"
"loveforthetrip","112","12","100","100","100","42","False","True"
"BalefireX","182","82","100","100","100","76","False","True"
"owtwestadam","102","2","100","100","100","7","False","True"
"AnyFox6","101","1","100","72","100","9","False","True"
"DoNotWasteYourTime","200","100","100","100","100","3","True","True"
"TheGreenYoutuber","200","100","100","100","100","20","True","True"
"kaiiboraka","144","44","100","100","100","32","False","True"
"sankoni","131","31","100","53","100","6","False","True"
"ThatSavi","159","59","100","100","100","10","False","True"
"GhostTwoGhost","167","67","100","100","100","1","False","True"
"sitrucb","127","27","100","100","100","23","False","True"
"Edmundlannister","126","26","100","100","100","8","False","True"
"IIrisen225II","112","12","100","100","100","17","False","True"
"Goodguy1066","117","17","100","100","100","25","False","True"
"Megapiefan","200","100","100","100","100","27","True","True"
"CosmosFactor","200","100","100","100","100","21","True","True"
"Newatinvesting","123","23","100","100","100","0","False","True"
"Ima_White_Guy","199","99","100","100","100","5","False","True"
"Emmy_2212","107","7","100","99","100","2","False","True"
"PrettyWhore","103","3","100","100","100","15","False","True"
"ThatBritishGuy577","141","41","100","100","100","10","False","True"
"mtbmike","142","42","100","100","100","7","False","True"
"herecomestheD","105","5","100","94","100","3","False","True"
"alranican","167","67","100","100","100","29","False","True"
"Niall93","113","13","100","33","100","3","False","True"
"tacticalgetawaydrive","200","100","100","100","100","20","True","True"
"AirBall02","141","41","100","85","100","16","False","True"
"FieryBlake","200","100","100","100","100","61","True","True"
"CesiaFace","200","100","100","100","100","12","True","True"
"RafMarlo","200","100","100","100","100","44","True","True"
"Solarat1701","200","100","100","100","100","17","True","True"
"xbearface","106","6","100","100","100","25","False","True"
"Mordeshake-_-","114","14","100","63","100","6","False","True"
"MGaber","200","100","100","100","100","27","True","True"
"pm_me_your_clit2014","109","9","100","100","100","6","False","True"
"catpooptv","200","100","100","100","100","22","True","True"
"fixerofthings","166","66","100","100","100","9","False","True"
"imperialfishFTW","200","100","100","100","100","14","True","True"
"Paschal1","200","100","100","100","100","25","True","True"
"Eitjr","137","37","100","100","100","35","False","True"
"SILENTSAM69","144","44","100","100","100","17","False","True"
"TheRealMarkTwain","126","26","100","100","100","6","False","True"
"pm_me_cute_frogs_","139","39","100","100","100","33","False","True"
"UncleComrade","185","85","100","100","100","67","False","True"
"Jase_the_Muss","157","57","100","100","100","57","False","True"
"Harogoodbye","126","26","100","100","100","9","False","True"
"Laffenor","174","74","100","100","100","23","False","True"
"Crickate","120","20","100","100","100","18","False","True"
"TalkingMoose05","200","100","100","100","100","25","True","True"
"microtruong","200","100","100","100","100","28","True","True"
"vigilantcomicpenguin","113","13","100","100","100","182","False","True"
"connermckay","115","15","100","100","100","25","False","True"
"Wizard_Pope","200","100","100","100","100","43","True","True"
"ItsaMeHibob24","193","93","100","100","100","7","False","True"
"darwinianfacepalm","200","100","100","100","100","101","True","True"
"epstein_did_911","103","3","100","14","100","1","False","True"
"sculltt","200","100","100","100","100","25","True","True"
"heegyman","200","100","100","100","100","38","True","True"
"desivoltaire","125","25","100","78","100","7","False","True"
"Dr_JP69","193","93","100","100","100","39","False","True"
"Yoshe-Plays","200","100","100","100","100","36","True","True"
"senpaisix","200","100","100","100","100","34","True","True"
"FieryBlizza","194","94","100","100","100","71","False","True"
"GEN_Z_BOI_69","173","73","100","100","100","57","False","True"
"meme__creep","200","100","100","100","100","46","True","True"
"27and26","200","100","100","100","100","46","True","True"
"GertieFlyyyy","131","31","100","100","100","8","False","True"
"SaltedStorrent","185","85","100","100","100","68","False","True"
"creiepeecraller","200","100","100","100","100","17","True","True"
"17csteele","149","49","100","78","100","9","False","True"
"brianjonestown","132","32","100","100","100","18","False","True"
"Moosyfate17","150","50","100","100","100","28","False","True"
"Homemadeduck102","200","100","100","100","100","142","True","True"
"NightmaresAlive","200","100","100","100","100","32","True","True"
"DonkeyInACityCrowd","146","46","100","100","100","10","False","True"
"tom_HS","139","39","100","78","100","5","False","True"
"maroger","139","39","100","100","100","10","False","True"
"meeanne","136","36","100","100","100","23","False","True"
"SecretPotatoChip","200","100","100","100","100","51","True","True"
"adudethatlikesreddit","200","100","100","100","100","67","True","True"
"dominokos","101","1","100","100","100","7","False","True"
"Jezoreczek","200","100","100","100","100","31","True","True"
"harddisc","200","100","100","91","100","7","True","True"
"NameOfAction","139","39","100","100","100","34","False","True"
"lord_nut","200","100","100","100","100","15","True","True"
"pyr0phelia","145","45","100","100","100","25","False","True"
"Steampunkery","200","100","100","100","100","13","True","True"
"KennyCombination","200","100","100","100","100","38","True","True"
"NationalFirearmsAct","109","9","100","65","100","2","False","True"
"hamletloveshoratio","111","11","100","100","100","10","False","True"
"Hecateus","200","100","100","100","100","16","True","True"
"zzombie119","174","74","100","100","100","38","False","True"
"CoryHory","200","100","100","100","100","19","True","True"
"esme_fi","107","7","100","37","100","1","False","True"
"RickySlayer9","191","91","100","100","100","44","False","True"
"thebross9","188","88","100","100","100","14","False","True"
"markhuerta","163","63","100","100","100","46","False","True"
"Maedhros-Maitimo","200","100","100","100","100","11","True","True"
"ESSE_Leviathan","192","92","100","100","100","40","False","True"
"Smokeydawn","119","19","100","51","100","0","False","True"
"scungillipig","163","63","100","100","100","11","False","True"
"captainroyal","110","10","100","100","100","13","False","True"
"morriartie","130","30","100","100","100","14","False","True"
"MR_DURD3N","104","4","100","79","100","0","False","True"
"DaddyStalinHimself","120","20","100","46","100","5","False","True"
"afroamericano","153","53","100","100","100","1","False","True"
"DruidOfDiscord","200","100","100","100","100","43","True","True"
"Kidvette2004","200","100","100","100","100","41","True","True"
"TurkFebruary","116","16","100","100","100","42","False","True"
"Kevydee","107","7","100","100","100","30","False","True"
"_Dingaloo","193","93","100","100","100","21","False","True"
"Gheorghelaza","148","48","100","100","100","6","False","True"
"gregbard","200","100","100","100","100","30","True","True"
"mahtaileva","200","100","100","100","100","32","True","True"
"Painkiller3666","106","6","100","100","100","6","False","True"
"ZSCampbellcooks","200","100","100","100","100","10","True","True"
"Zayl","114","14","100","100","100","30","False","True"
"HailtheMirelurkKing","111","11","100","48","100","0","False","True"
"Carza10","142","42","100","78","100","1","False","True"
"piperman_","200","100","100","100","100","24","True","True"
"goldeeen","132","32","100","100","100","11","False","True"
"NoFascistsAllowed","122","22","100","100","100","7","False","True"
"harrygill1991","163","63","100","100","100","8","False","True"
"iLaffinGuerilla","70","12","58","23","94","1","False","False"
"OneThinDime","134","34","100","100","100","26","False","True"
"cig_palace","163","63","100","100","100","2","False","True"
"qazaqwert","137","37","100","100","100","104","False","True"
"diamente1","200","100","100","100","100","21","True","True"
"TypesWithEmojis","155","55","100","100","100","10","False","True"
"rad465","130","30","100","100","100","27","False","True"
"ChopperMaskDotA","196","96","100","100","100","9","False","True"
"IrisVacuo","139","39","100","100","100","8","False","True"
"Account_Overdrawn","135","35","100","100","100","14","False","True"
"selkiesidhe","100","0","100","100","100","3","False","True"
"wzzaful","108","8","100","100","100","9","False","True"
"samzplourde","135","35","100","100","100","72","False","True"
"UnobtrusiveEndosperm","200","100","100","100","100","13","True","True"
"headbiscuit","200","100","100","100","100","14","True","True"
"PandaBroPound","121","21","100","100","100","9","False","True"
"Pinkpetasma","114","14","100","87","100","6","False","True"
"ramsey5349","116","16","100","100","100","4","False","True"
"Zadist95","172","72","100","100","100","0","False","True"
"T0mTh3Tink3r","200","100","100","100","100","8","True","True"
"swaggymelon","200","100","100","100","100","34","True","True"
"NickLandis","167","67","100","100","100","35","False","True"
"CannibalisticZebra87","113","13","100","61","100","9","False","True"
"wc382954","200","100","100","100","100","17","True","True"
"doctor_leftnut","112","12","100","91","100","6","False","True"
"JustForBrowsing","176","76","100","100","100","43","False","True"
"SirCharlesV","132","32","100","100","100","0","False","True"
"Facky","200","100","100","100","100","0","True","True"
"fifthtimer","19","6","13","10","14","0","False","False"
"darkenhand","200","100","100","100","100","12","True","True"
"wrinkleneck71","101","1","100","100","100","3","False","True"
"8-bitexplor3r","136","36","100","100","100","4","False","True"
"Intilyc","200","100","100","100","100","42","True","True"
"DJ_8Man","146","46","100","100","100","8","False","True"
"SimpleBuffoon","114","14","100","85","100","3","False","True"
"rottingpikachu","183","83","100","32","100","0","False","True"
"Peter_Plays_Guitar","200","100","100","100","100","24","True","True"
"Yungsheets","157","57","100","100","100","14","False","True"
"TejanoPede","138","38","100","100","100","13","False","True"
"Tincansailorman","120","20","100","100","100","5","False","True"
"Wasabii12315","153","53","100","100","100","3","False","True"
"lv0r","109","9","100","100","100","7","False","True"
"Naurgul","200","100","100","100","100","13","True","True"
"loliver_","200","100","100","100","100","22","True","True"
"Atomic_Merp","113","13","100","100","100","16","False","True"
"AllHighAustin","162","62","100","100","100","16","False","True"
"AJ-Murphy","200","100","100","100","100","91","True","True"
"Lucyintheskywalker","123","23","100","100","100","2","False","True"
"nuggetinabuiscuit","123","23","100","100","100","153","False","True"
"BlackThroneRitual","108","8","100","100","100","10","False","True"
"bacchys1066","200","100","100","100","100","25","True","True"
"LittleGreenNotebook","200","100","100","100","100","17","True","True"
"DrgnFckr","174","74","100","100","100","8","False","True"
"SP-R117","117","17","100","93","100","2","False","True"
"champchumpchompchimp","108","8","100","100","100","4","False","True"
"74minutesofbump","197","97","100","100","100","11","False","True"
"chumshot","113","13","100","100","100","17","False","True"
"superking2","144","44","100","100","100","12","False","True"
"xolotl92","135","35","100","100","100","18","False","True"
"Black_Magic30","166","66","100","100","100","36","False","True"
"Blkknight8","123","23","100","100","100","6","False","True"
"D_S876","186","86","100","100","100","90","False","True"
"dash47","132","32","100","100","100","9","False","True"
"Xaviro_","200","100","100","100","100","10","True","True"
"MrCoppins138","106","6","100","100","100","1","False","True"
"firelow","200","100","100","100","100","22","True","True"
"Nagasaki320","29","2","27","15","17","1","False","False"
"Moor3z","153","53","100","100","100","17","False","True"
"HughJazkoc","102","2","100","100","100","16","False","True"
"WaltzyFox","172","72","100","100","100","9","False","True"
"JessNei","194","94","100","100","100","9","False","True"
"NoValidUsernames666","200","100","100","100","100","60","True","True"
"Kid_Vid","135","35","100","100","100","8","False","True"
"Ignacio1512","200","100","100","81","100","1","True","True"
"farzyness","174","74","100","68","100","8","False","True"
"bunnylovelybonez","107","7","100","57","100","5","False","True"
"mywoess","141","41","100","100","100","21","False","True"
"OctopusSporadicShift","200","100","100","63","100","0","True","True"
"HackRT","150","50","100","100","100","0","False","True"
"Slapped_with_crumpet","190","90","100","100","100","87","False","True"
"MrToon316","105","5","100","100","100","17","False","True"
"Carlo_theAce","111","11","100","39","100","4","False","True"
"MadameMusic","200","100","100","100","100","7","True","True"
"primase","106","6","100","100","100","8","False","True"
"nicknamebucky","200","100","100","100","100","80","True","True"
"hydes_zar94","200","100","100","100","100","199","True","True"
"Symb0lic_Acts","120","20","100","67","100","6","False","True"
"Burntolive","30","3","27","15","72","2","False","False"
"Durosity","131","31","100","100","100","16","False","True"
"EP1CN3SS2","158","58","100","100","100","9","False","True"
"remirenegade","129","29","100","100","100","10","False","True"
"Capt_TopGun","200","100","100","100","100","10","True","True"
"Matyuthm","142","42","100","69","100","17","False","True"
"Rice_DotcoM","200","100","100","66","100","11","True","True"
"Syreeta5036","150","50","100","100","100","11","False","True"
"Trantang","157","57","100","100","100","41","False","True"
"VoltronBugzilla","200","100","100","100","100","31","True","True"
"synapsii","148","48","100","100","100","50","False","True"
"jdoug13","137","37","100","100","100","5","False","True"
"koreth","175","75","100","95","100","12","False","True"
"conway1308","112","12","100","100","100","65","False","True"
"Matthew_John","200","100","100","100","100","14","True","True"
"thearkive","119","19","100","100","100","25","False","True"
"ANDnowmewatchbeguns","200","100","100","100","100","27","True","True"
"Seel007","122","22","100","100","100","28","False","True"
"IntellegentIdiot","200","100","100","100","0","41","True","True"
"DrTovar","152","52","100","49","100","0","False","True"
"TheMstar55","122","22","100","100","100","59","False","True"
"Kgrimes2","192","92","100","100","100","32","False","True"
"hahayourface","127","27","100","85","100","2","False","True"
"woodheadbob","174","74","100","46","100","2","False","True"
"Nidhogg-exe","110","10","100","100","100","17","False","True"
"OnePunchGoGo","200","100","100","100","100","30","True","True"
"utunga","122","22","100","95","100","1","False","True"
"AedraRising","132","32","100","100","100","22","False","True"
"PR1MEX","119","19","100","81","100","7","False","True"
"Spaghetti_Me_Harder","159","59","100","100","100","19","False","True"
"lulucmy","200","100","100","100","100","47","True","True"
"Low_Grade_Humility","116","16","100","100","100","6","False","True"
"jtchicago","160","60","100","100","100","17","False","True"
"PurpsTheDragon","200","100","100","100","100","91","True","True"
"Algebrace","200","100","100","100","100","30","True","True"
"Blazingscourge","199","99","100","100","100","37","False","True"
"blahblah2228","49","0","49","14","53","6","False","False"
"Cashrunner","200","100","100","100","100","16","True","True"
"ImBusyGoAway","200","100","100","100","100","26","True","True"
"Obese_Chungus","100","0","100","78","100","41","False","True"
"TheTrekMachine","200","100","100","100","100","39","True","True"
"ComradeSovietMoose","124","24","100","64","100","1","False","True"
"sheevpalpatin","181","81","100","100","100","22","False","True"
"OTS_","200","100","100","100","100","36","True","True"
"Notorious-P-I-G","61","52","9","22","64","0","False","False"
"MonsterHipster","186","86","100","100","100","9","False","True"
"Ivegotthatboomboom","172","72","100","100","100","18","False","True"
"FrankBlack2000","200","100","100","22","100","12","True","True"
"Locksa12","200","100","100","42","100","4","True","True"
"CommitZydecoPerverts","119","19","100","94","100","0","False","True"
"Destr3010","105","5","100","70","100","1","False","True"
"yagokoros","200","100","100","100","100","33","True","True"
"LordFiresnake","107","7","100","100","100","28","False","True"
"XxdatboixXx","129","29","100","100","100","57","False","True"
"elJefedcog","125","25","100","100","100","8","False","True"
"nojumpinginthesewers","160","60","100","100","100","1","False","True"
"WickedLSDragon","175","75","100","100","100","1","False","True"
"Puzzle_Master","150","50","100","90","100","123","False","True"
"KyleNES","122","22","100","99","100","4","False","True"
"Guszy","118","18","100","100","100","58","False","True"
"ThereOnceWasADonkey","200","100","100","100","100","17","True","True"
"Smongoing-smnd-smong","110","10","100","100","100","4","False","True"
"oquin1515","200","100","100","100","100","7","True","True"
"CharlieEchoDelta","193","93","100","100","100","97","False","True"
"mooddr_","113","13","100","100","100","21","False","True"
"unready1","173","73","100","99","100","8","False","True"
"northernpace","152","52","100","100","100","63","False","True"
"Biscuits0","123","23","100","100","100","48","False","True"
"valenciansun","137","37","100","100","100","42","False","True"
"Leedle_Of_Lee","19","7","12","4","22","0","False","False"
"MicrofrogDlive","128","28","100","100","100","3","False","True"
"dept_of_silly_walks","100","0","100","100","100","5","False","True"
"PboyAMR","181","81","100","100","100","0","False","True"
"numchux53","112","12","100","100","100","0","False","True"
"deanbartley","116","16","100","45","100","0","False","True"
"xpousojeda","200","100","100","100","100","0","True","True"
"jewleedotcom","118","18","100","100","100","8","False","True"
"Icecat1239","158","58","100","100","100","20","False","True"
"brandonopolis","112","12","100","100","100","6","False","True"
"RajivK510","164","64","100","100","100","4","False","True"
"taki1002","200","100","100","100","100","11","True","True"
"mendesdaponte","200","100","100","100","100","41","True","True"
"CommitXylenePerverts","135","35","100","100","100","0","False","True"
"SixGunRebel","200","100","100","100","100","75","True","True"
"Weedity","133","33","100","100","100","31","False","True"
"crola_redarac","127","27","100","51","100","1","False","True"
"Axod123","200","100","100","44","100","5","True","True"
"LETS_GET_HIGHer","175","75","100","89","100","3","False","True"
"PangurBaan","185","85","100","100","100","65","False","True"
"eidolonmire","113","13","100","100","100","10","False","True"
"blokess","126","26","100","80","100","2","False","True"
"jessa07","100","0","100","100","100","23","False","True"
"SweetLilMonkey","160","60","100","100","100","35","False","True"
"LethKink","200","100","100","100","100","7","True","True"
"Enix71","103","3","100","100","100","5","False","True"
"pmmeyourtoaster","147","47","100","96","100","11","False","True"
"KalbushanYadeav","170","70","100","99","100","3","False","True"
"cjgager","161","61","100","100","100","14","False","True"
"KillTheJudges","111","11","100","100","100","1","False","True"
"gardnerfreddie2","200","100","100","100","100","86","True","True"
"AtheaOfAltea","200","100","100","100","100","86","True","True"
"CalamisGames","123","23","100","48","100","4","False","True"
"Tank_the_Tortoise","110","10","100","100","100","8","False","True"
"Meyou9","161","61","100","60","100","0","False","True"
"Tefached666","113","13","100","100","100","12","False","True"
"Tylernal","200","100","100","100","100","21","True","True"
"TheZodiacGamer","136","36","100","47","100","18","False","True"
"nathanseaw","200","100","100","100","100","26","True","True"
"tyyyuuuvggf","109","9","100","100","100","9","False","True"
"washington5","127","27","100","100","100","4","False","True"
"D_bAg_Tr0LL","147","47","100","100","100","12","False","True"
"TryAgainStupid","113","13","100","57","100","0","False","True"
"Mrsmoobly","200","100","100","88","100","10","True","True"
"he77789","200","100","100","100","100","39","True","True"
"SamwiseDehBrave","128","28","100","100","100","1","False","True"
"misterchainsaw","152","52","100","100","100","23","False","True"
"Ace_Of_Spades_2911","200","100","100","100","100","32","True","True"
"wengchunkn","200","100","100","100","100","4","True","True"
"theGhostintheden","103","3","100","39","100","6","False","True"
"tadow9293","158","58","100","100","100","18","False","True"
"waka_flocculonodular","200","100","100","100","100","85","True","True"
"Rekhyt_19","144","44","100","100","100","13","False","True"
"GSSubmarine","200","100","100","100","100","75","True","True"
"Despacito_kittrn","200","100","100","100","100","28","True","True"
"Reversephoenix77","120","20","100","100","100","13","False","True"
"watercolorheart","200","100","100","100","100","28","True","True"
"electroicedrag","200","100","100","100","100","10","True","True"
"danceinthepuddles","122","22","100","72","100","3","False","True"
"KnockoutRoundabout","112","12","100","100","100","30","False","True"
"wellhungkid","111","11","100","78","100","1","False","True"
"johnxwalker","100","0","100","100","100","11","False","True"
"shovelhead823","159","59","100","100","100","4","False","True"
"mytwinkiedog","100","0","100","94","100","11","False","True"
"iamtheforger","160","60","100","100","100","22","False","True"
"TheZippy49","119","19","100","44","100","29","False","True"
"rubberduck774","200","100","100","100","100","70","True","True"
"JesseKarma","200","100","100","100","100","23","True","True"
"Brute1100","200","100","100","100","100","16","True","True"
"iguessitsokaythen","200","100","100","100","100","10","True","True"
"lgtbyddrk","183","83","100","100","100","3","False","True"
"INeedYourHelpFrank","132","32","100","37","100","4","False","True"
"Bladle","105","5","100","44","100","11","False","True"
"RobustLove","158","58","100","100","100","1","False","True"
"addiboy","146","46","100","94","100","9","False","True"
"LordBran","200","100","100","100","100","48","True","True"
"Rook_Castle","200","100","100","89","100","12","True","True"
"SFM61319","157","57","100","100","100","38","False","True"
"Dantronicus","102","2","100","36","100","2","False","True"
"jrod916","153","53","100","100","100","44","False","True"
"TheSpeedyRaccoon","25","6","19","19","33","5","False","False"
"Copper_Coil","102","2","100","46","100","2","False","True"
"ephryene","125","25","100","100","100","14","False","True"
"ace_valentine","200","100","100","100","100","31","True","True"
"Firebigfoot69","142","42","100","100","100","17","False","True"
"Whiskeymysticsandmen","145","45","100","89","100","4","False","True"
"boognish83","152","52","100","100","100","5","False","True"
