"username","karma","post_karma","comment_karma","num_posts","num_comments","tenure_days","earliest_post_at","earliest_comment_at","last_post_at","last_comment_at","active_communities","subreddit_entropy","n_interaction_partners","total_interactions","temporal_entropy"
"-Rick_Sanchez_","35686","2987.0","32699","144.0","7792","2678.5000595387846","1547615225.0","1544488577","1660456311.0","1660457362","100.0","6.243503019633973","100.0","1582.0",""
"420cherubi","180984","34989.0","145995","113.0","12294","3263.475682933899","1494134226.0","1493946684","1755972452.0","1742849852","100.0","5.445689008071411","100.0","3446.0",""
"5lash3r","103168","17182.0","85986","281.0","13692","5874.244624628693","1272139368.0","1268376248","1754315779.0","1742832034","100.0","4.950655536224421","100.0","1539.0",""
"8bitbebop","132851","28945.0","103906","132.0","21945","4986.681332373252","1380823351.0","1345061717","1650283967.0","1656863999","100.0","6.132906420678098","100.0","4682.0",""
"949paintball","129592","13950.0","115642","1724.0","23134","5229.816239533116","1324070582.0","1324054862","1675065402.0","1736302131","100.0","5.154844713683099","100.0","1120.0",""
"ADHDavid","194110","157778.0","36332","317.0","4638","4064.289745554143","1424754314.0","1424756352","1756155308.0","1742633699","100.0","5.741416587564567","100.0","1380.0",""
"AKnightAlone","676113","11014.0","665099","287.0","67738","5411.628054828136","1327219191.0","1308346323","1692104166.0","1695416634","100.0","6.035533871988712","100.0","7296.0",""
"Agent_Wolff","21784","6139.0","15645","146.0","2672","3194.881711318694","1499871684.0","1499873208","1729350625.0","1737938961","100.0","5.340768827911014","100.0","1125.0",""
"Akuuntus","252178","23354.0","228824","143.0","19003","4533.324568643691","1370376993.0","1384231746","1753379083.0","1742850560","100.0","5.41453591342997","100.0","1946.0",""
"Andrusz","15882","956.0","14926","27.0","2575","4902.257287030405","1378371846.0","1352355960","1723066382.0","1742441270","100.0","5.7962313148744595","100.0","763.0",""
"Anthraxious","190765","8101.0","182664","273.0","36160","4133.56294540884","1471075571.0","1418771152","1748966778.0","1742847280","100.0","5.1038357851093945","100.0","4352.0",""
"Audiblade","208714","87646.0","121068","368.0","12586","4118.621578710292","1425687605.0","1420062087","1752813276.0","1742809661","100.0","5.363265877672513","100.0","2474.0",""
"Augie279","171316","81169.0","90147","914.0","9153","3329.591192586331","1490890722.0","1488234313","1756007752.0","1741985162","100.0","5.862529420593117","100.0","3231.0",""
"AvenDonn","361144","146890.0","214254","474.0","14325","3628.1443978959624","1492385861.0","1462439317","1625083385.0","1629131596","100.0","4.741006176775642","100.0","4342.0",""
"AxeLond","127952","3968.0","123984","116.0","11317","4490.134315609562","1409248601.0","1387963389","1618387184.0","1742554827","100.0","5.553160181863261","100.0","2523.0",""
"Ayayoska","416924","349940.0","66984","1467.0","12502","3572.2893960613783","1469402298.0","1467265191","1704421704.0","1713901987","100.0","3.8506387475687687","100.0","3952.0",""
"BFG_v54","29197","1242.0","27955","67.0","3605","3731.927447453679","1453156066.0","1453472464","1723155275.0","1742808386","100.0","5.547689179629787","100.0","574.0",""
"BUTUNEMPLOYMENT","21126","173.0","20953","12.0","3120","2735.7675979420956","1539544427.0","1539540676","1597395032.0","1602426630","100.0","3.9906524001472308","100.0","2055.0",""
"BaIthazor","4863","211.0","4652","32.0","625","4644.734342008876","1378006513.0","1374605950","1615660152.0","1625009843","76.0","5.193822761108516","100.0","369.0",""
"Backupusername","2274881","35068.0","2239813","443.0","84016","5653.5332498766065","1287019160.0","1287445725","1754771891.0","1742800873","100.0","4.313576933209581","100.0","9835.0",""
"Bacon_Kitteh9001","159552","49965.0","109587","945.0","12205","4820.331282586734","1359508793.0","1359434376","1594518825.0","1598223494","100.0","5.895880544708254","100.0","2133.0",""
"BanjoKazooie0","22097","11289.0","10808","171.0","2006","3912.7371231606603","1460144025.0","1437850512","1753064507.0","1742676055","100.0","5.505876370543612","100.0","504.0",""
"BelCifer-Z","627549","539726.0","87823","1600.0","19967","2588.5619107277194","1553041617.0","1552259251","1719585488.0","1720482266","100.0","4.85663306317371","100.0","5454.0",""
"Belayamacht","473","0.0","473","1.0","64","2511.987219113426","1562856538.0","1558875305","1562856538.0","1571737655","16.0","3.3314890213680557","74.0","108.0",""
"Bensemus","209105","210.0","208895","28.0","37017","3819.7525889482513","1457940121.0","1445884378","1728325341.0","1742856727","100.0","5.608184215354101","100.0","2948.0",""
"BillyWhizz09","626339","323014.0","303325","934.0","25026","3597.7700429354168","1465065369.0","1465063671","1754935008.0","1742827040","100.0","5.135324861548801","100.0","3508.0",""
"Bond4141","335358","28444.0","306914","882.0","58340","4965.302499275566","1381633936.0","1346908868","1645051519.0","1645334499","100.0","5.895527953269798","100.0","9944.0",""
"Bootylove4185","31023","395.0","30628","11.0","911","2725.0337368193377","1567363651.0","1540468090","1733494143.0","1734308934","100.0","4.711469894031078","100.0","364.0",""
"Boredsobored12","43672","15861.0","27811","260.0","2856","3860.1282034792366","1442399395.0","1442395929","1755815411.0","1742705403","97.0","2.1798043664364695","100.0","1378.0",""
"BradGroux","747295","250436.0","496859","747.0","33202","5702.09510069575","1290619302.0","1283249990","1720749646.0","1742831043","100.0","4.673675095470834","100.0","4945.0",""
"Bramblestar5","10249","2070.0","8179","55.0","1085","4503.404243302337","1388024391.0","1386816881","1744243617.0","1742735134","100.0","5.590237816720085","100.0","390.0",""
"BrotherChe","429816","31548.0","398268","607.0","41638","4935.252263227163","1350364423.0","1349505213","1754425864.0","1742509687","100.0","5.523568661405189","100.0","3756.0",""
"CDBaller","85762","18924.0","66838","207.0","10189","4716.479759117025","1378662889.0","1368407158","1619838622.0","1693937400","100.0","4.505700868673658","100.0","2120.0",""
"CamelCash007","161814","117027.0","44787","397.0","8566","5128.4609846278945","1337039821.0","1332811981","1625014660.0","1625078879","100.0","5.335071432416788","100.0","1940.0",""
"CapitanTomato","8503","5599.0","2904","25.0","541","2678.312311488553","1551502931.0","1544504827","1735898959.0","1738901273","100.0","5.808872239331196","100.0","330.0",""
"Cephery","181119","67769.0","113350","327.0","11202","3361.027828210311","1489411918.0","1485518207","1750440075.0","1742842076","100.0","5.443233972247418","100.0","1614.0",""
"ChapterMaster202","21128","1786.0","19342","21.0","2474","2978.0819098426596","1603543534.0","1518604735","1687358923.0","1741979325","100.0","5.426669936439433","100.0","400.0",""
"Chargercrisp","54153","7827.0","46326","342.0","3177","2988.9862968838656","1517660791.0","1517662597","1754648293.0","1742833685","100.0","5.615029786550503","100.0","803.0",""
"CherryBlossomStorm","135639","16303.0","119336","451.0","32331","3626.235447820312","1462730702.0","1462604271","1662824146.0","1672760471","100.0","1.8371639766529508","100.0","5551.0",""
"ChooseWisely72","36244","5682.0","30562","194.0","6876","4482.630586656539","1393096951.0","1388611732","1585418722.0","1588956696","100.0","5.899011911071549","100.0","924.0",""
"CineKayla","47330","17814.0","29516","569.0","3188","3398.6031664020156","1482215352.0","1482271702","1601621852.0","1604355830","100.0","5.093458623522306","100.0","1063.0",""
"Cityman","414324","21994.0","392330","721.0","27584","5410.1634631738425","1308464188.0","1308472893","1639004108.0","1639520338","100.0","4.486172690677086","100.0","5121.0",""
"Clw1115934","52465","2349.0","50116","60.0","5059","5136.295394727836","1331613639.0","1332135095","1752614668.0","1742050652","100.0","5.870665137950468","100.0","914.0",""
"ComradePruski","100001","48197.0","51804","2221.0","14278","4028.7220840981963","1427857025.0","1427829430","1755837140.0","1742753175","100.0","5.678420328042442","100.0","2101.0",""
"CptSandbag73","150697","34558.0","116139","212.0","16284","4977.865902633231","1346203400.0","1345823405","1747690988.0","1742832401","100.0","6.123667197714706","100.0","1506.0",""
"CriminalMacabre","173889","4359.0","169530","172.0","31137","5640.762673739769","1296253459.0","1288549125","1735655548.0","1737231644","100.0","6.254110355992484","100.0","1981.0",""
"DICKSUBJUICY","95223","11686.0","83537","173.0","11240","5529.261419584607","1311976347.0","1298182834","1664724090.0","1666974048","77.0","4.124931479914299","100.0","2715.0",""
"DZP","54382","83.0","54299","10.0","8769","5970.258394545046","1365381361.0","1260080696","1630714999.0","1642059606","100.0","4.76114698190739","100.0","2892.0",""
"Dat_Harass","67126","176.0","66950","33.0","8544","4145.990172911791","1422413331.0","1417697471","1730539360.0","1742433339","100.0","5.912885453784897","100.0","1318.0",""
"Davethemann","1213863","572143.0","641720","3181.0","45373","3622.45562325184","1490479133.0","1462930857","1756151530.0","1742680749","100.0","4.820793217174769","100.0","7269.0",""
"Dead-Eyes","9436","2863.0","6573","129.0","1983","4560.105167440383","1412474013.0","1381917937","1748852679.0","1739158175","100.0","5.916929172515245","100.0","563.0",""
"DemonDog47","118420","10944.0","107476","89.0","4771","4930.369102026111","1371351843.0","1349927134","1734081938.0","1735885440","100.0","6.14408432550437","100.0","618.0",""
"Der_144","6908","912.0","5996","97.0","1653","3191.9042974679533","1501355977.0","1500130494","1746470851.0","1741124533","100.0","5.3513237123888615","100.0","686.0",""
"Dhruviya_Bhalu","36478","18874.0","17604","143.0","1744","2942.2119821776396","1526016216.0","1521703911","1753761177.0","1742848619","100.0","6.274302756672052","100.0","563.0",""
"Dinosaur_fan","126077","82686.0","43391","441.0","9481","2516.7277798653586","1558468125.0","1558465747","1624803634.0","1645236186","100.0","6.04355631176519","100.0","2499.0",""
"Dkusmider92","52591","11820.0","40771","83.0","3390","5192.3089479377095","1327419265.0","1327295535","1594340268.0","1594269566","97.0","4.317108346937928","100.0","1919.0",""
"DontForgetThisTime","62667","10887.0","51780","197.0","5078","4833.961400732348","1359247212.0","1358256764","1691550462.0","1692588977","100.0","5.640099755969372","100.0","917.0",""
"DontTakeMyNoise","166438","8535.0","157903","244.0","23342","2954.963957692153","1520674340.0","1520602144","1637608947.0","1637615117","100.0","4.275391183455518","100.0","6187.0",""
"Doulor76","15080","130.0","14950","8.0","5755","2781.8020786033103","1574770761.0","1535563331","1627555389.0","1686564146","100.0","3.9238183899667916","100.0","2550.0",""
"DrMacintosh01","91995","8217.0","83778","367.0","19219","3641.4923292848825","1462849328.0","1461286094","1754668913.0","1742783394","100.0","5.601863555328481","100.0","3277.0",""
"Dr_Adopted","182517","9399.0","173118","393.0","23055","5415.541299703704","1308337900.0","1308008264","1751763829.0","1742844767","100.0","5.606773197877249","100.0","3441.0",""
"Draedgal","57506","8529.0","48977","357.0","8593","5211.074478420626","1333740929.0","1325674198","1565257364.0","1575820810","100.0","5.300982054856583","100.0","864.0",""
"Dreadnasty","50175","432.0","49743","54.0","3278","5292.099763588715","1323161189.0","1318673614","1681180766.0","1693802200","100.0","5.422102088859296","100.0","693.0",""
"DsyelxicBob","72769","11326.0","61443","168.0","5503","5393.347111694755","1311237872.0","1309925844","1615916212.0","1615936890","100.0","5.944002628622147","100.0","490.0",""
"DutchRibbons","15445","7682.0","7763","88.0","1573","2489.8404556797336","1560887090.0","1560788820","1587245673.0","1589643437","100.0","4.503716945866433","100.0","924.0",""
"EMRLD007","11134","661.0","10473","23.0","1246","5293.584549080473","1563676358.0","1318545331","1652681031.0","1742435639","75.0","3.5029397574822196","100.0","657.0",""
"ETerribleT","232788","107624.0","125164","480.0","6477","2934.988414496018","1509628700.0","1522328038","1688684257.0","1706889184","100.0","6.262172479969854","100.0","2612.0",""
"EatMorTurkee","22813","4202.0","18611","52.0","2358","5272.974674468416","1320582298.0","1320326026","1639792884.0","1711758335","73.0","3.2696486974770886","100.0","761.0",""
"EdgarFrogandSam","180897","30014.0","150883","655.0","43976","4699.851664968241","1369843560.0","1369843855","1744380164.0","1668894975","100.0","4.6306257034834255","100.0","4158.0",""
"EntroperZero","235122","21460.0","213662","569.0","31177","5448.693588726399","1304627097.0","1305143914","1755642943.0","1742836774","100.0","3.2815289289901965","","",""
"Equality_Executor","61880","1125.0","60755","43.0","4837","3063.8658796741342","1528794942.0","1511193029","1754877923.0","1742767560","100.0","5.908574428854947","100.0","1650.0",""
"EternalDoubleDragon","2428","1019.0","1409","34.0","131","3420.25692043478","1475805151.0","1480400844","1593972863.0","1594731039","36.0","4.782702447846245","77.0","105.0",""
"Evil_This","95132","3263.0","91869","207.0","12026","4818.347567479246","1359602545.0","1359605813","1617048720.0","1632259114","100.0","5.8536701093938435","100.0","1444.0",""
"Farrug","128551","40633.0","87918","299.0","6084","2799.5315877366784","1534068600.0","1534031515","1747004110.0","1742761953","100.0","5.676516437447579","100.0","1415.0",""
"Fazblood779","110008","28149.0","81859","710.0","22817","4403.095716684099","1395659395.0","1395483576","1754652709.0","1742506994","100.0","4.744531043486006","100.0","1404.0",""
"Firecracker048","494850","139730.0","355120","1283.0","25406","5592.7701254883905","1297705565.0","1292695708","1756049216.0","1742851424","100.0","4.957752514220775","100.0","1149.0",""
"ForestOfGrins","27434","9887.0","17547","266.0","6457","5018.043709140693","1341460872.0","1342352071","1728907405.0","1734599578","100.0","5.249076581195549","100.0","870.0",""
"Fresded4ty","242008","185099.0","56909","520.0","6487","3015.607883496781","1515540898.0","1515362527","1679695396.0","1680261397","100.0","5.644686437391394","100.0","2584.0",""
"Gasoline_Dreams","75603","13833.0","61770","92.0","6610","4261.712639970625","1407698595.0","1407699077","1748387752.0","1742304037","100.0","4.2292926003126965","100.0","867.0",""
"GatorMD12","29558","940.0","28618","37.0","8901","3407.7980444542013","1481477009.0","1481477300","1587323117.0","1599025231","100.0","0.9799980670840391","100.0","3306.0",""
"GazzaON","17640","6438.0","11202","109.0","1037","4149.706906008367","1418411861.0","1417376375","1726502711.0","1733145100","97.0","5.437155137181671","100.0","430.0",""
"GeneralSpacey","34595","11356.0","23239","41.0","845","2592.2335136021316","1551471639.0","1551942077","1650680101.0","1660496877","100.0","6.099611454100562","100.0","517.0",""
"Generation-X-Cellent","175940","15370.0","160570","79.0","19080","2534.732227777858","1557967408.0","1556910189","1603071126.0","1603979154","100.0","5.674447940199946","100.0","3862.0",""
"Giggly_nigly","62004","8634.0","53370","159.0","4116","2478.2149597674443","1541529698.0","1561793282","1585233266.0","1585510064","100.0","6.106284719246865","100.0","988.0",""
"GoigDeVeure","115006","3224.0","111782","145.0","6172","2490.832250511031","1560940695.0","1560703149","1748450435.0","1742855904","100.0","5.025833709952366","100.0","1822.0",""
"GoldenDeLorean","25270","4485.0","20785","145.0","3064","5924.286268156715","1290977873.0","1264052723","1686336433.0","1742388303","100.0","6.022123728847967","100.0","1073.0",""
"GordionKnot","267343","15087.0","252256","468.0","19690","4333.253103106053","1401934872.0","1401517990","1753762323.0","1742762568","100.0","6.109699436029332","100.0","1745.0",""
"GotSomeMemesBoah","59650","25807.0","33843","120.0","6068","2736.294390852291","1539590482.0","1539495224","1646767251.0","1708619653","100.0","5.623101445694516","100.0","3449.0",""
"GraafBerengeur","133690","15901.0","117789","257.0","9885","3282.905733329168","1493591145.0","1492268005","1730685139.0","1741607764","100.0","5.230700708661569","100.0","2446.0",""
"Gradicus_The_Great","47826","31843.0","15983","918.0","3068","2804.214398223159","1533602065.0","1533626937","1672500774.0","1672500816","100.0","5.183358785766527","100.0","1729.0",""
"Grassyknow","41392","551.0","40841","31.0","10373","3477.7110172866423","1477286947.0","1475436830","1630785967.0","1648085298","100.0","5.133542512637632","100.0","3756.0",""
"HatrikLaine","40546","829.0","39717","39.0","5900","3424.801071386144","1482259710.0","1480008250","1687889084.0","1742397602","100.0","5.119688665261911","100.0","1559.0",""
"HaylingZar1996","136092","13790.0","122302","213.0","13945","3762.582528014978","1450823750.0","1450823933","1713811018.0","1714913001","100.0","5.808051186235897","100.0","1820.0",""
"HeathenHumanist","201549","34655.0","166894","279.0","10784","3374.3584994512853","1484599823.0","1484366490","1751085091.0","1742827205","100.0","5.445215280517702","100.0","1416.0",""
"Hideus_Ex","38195","15036.0","23159","201.0","2587","3903.608915221978","1438989961.0","1438639255","1754007068.0","1737835373","100.0","5.187908752521589","100.0","675.0",""
"Hongxiquan","118106","16792.0","101314","403.0","17315","5396.843672305636","1312483853.0","1309623774","1667410859.0","1742408879","100.0","2.070415388163252","100.0","3319.0",""
"HonoluluLion","32414","58.0","32356","15.0","13059","4566.6106135657765","1386780383.0","1381355911","1625810902.0","1628676379","100.0","5.197049705448578","100.0","2690.0",""
"HouAngelesDodgeStros","256613","52149.0","204464","255.0","15236","3200.795875604674","1499400627.0","1499362305","1581221554.0","1608783661","100.0","5.241175137225174","100.0","3477.0",""
"HyperbaricSteele","92594","49227.0","43367","117.0","5384","3600.2340808062368","1465451610.0","1464850845","1672288087.0","1680744838","100.0","6.0914574336323755","100.0","815.0",""
"IIceWeasellzz","32874","10879.0","21995","201.0","8563","4802.317086575903","1360990597.0","1360990874","1602307356.0","1602364421","100.0","5.022655710965766","100.0","2189.0",""
"IgnicionDigital","185390","115091.0","70299","1563.0","15364","3591.2742385589468","1466371327.0","1465624977","1755691272.0","1742827305","100.0","2.0523949084428246","100.0","5243.0",""
"JHBlancs","42218","6973.0","35245","419.0","11520","4934.7958779696655","1349544600.0","1349544708","1755147661.0","1742233193","100.0","4.990944113643423","100.0","470.0",""
"JINDerpson","3986","1268.0","2718","126.0","823","5111.626617452488","1334276539.0","1334266533","1587019545.0","1583428368","39.0","4.046297809804015","100.0","187.0",""
"JSBraga","256662","35117.0","221545","138.0","26288","4417.071165182478","1394278570.0","1394276125","1690097383.0","1692710552","100.0","4.508338128645225","100.0","4903.0",""
"JackHazardous","619366","126110.0","493256","1004.0","28120","2980.6188494342923","1518337216.0","1518385606","1625089892.0","1625097201","100.0","5.438577848459451","100.0","9039.0",""
"JayNico","104618","42965.0","61653","425.0","5852","4908.439044664444","1351819332.0","1351821942","1756159709.0","1716688690","100.0","5.695990275700145","100.0","755.0",""
"Jazzboss79","94872","26401.0","68471","257.0","9912","3085.043117854954","1509314371.0","1509363351","1587564074.0","1595814142","100.0","4.94438662165791","100.0","3166.0",""
"Jcraft153","110442","44850.0","65592","134.0","9432","3508.716403829825","1472757775.0","1472757980","1754493683.0","1742841620","100.0","5.398045114949826","100.0","1319.0",""
"JediMindTrick188","201064","134666.0","66398","256.0","13184","3577.6645865396767","1473736764.0","1466800858","1604077135.0","1608223759","100.0","5.40164236091822","100.0","2292.0",""
"JeroHasCrow","439790","414595.0","25195","672.0","1520","3005.0340185086566","1524826495.0","1516276140","1576620771.0","1576671285","100.0","5.402150763759359","100.0","1948.0",""
"Jim_Zawacki","5626","2966.0","2660","30.0","212","3219.9095379373844","1502231109.0","1497710896","1669135381.0","1735999009","35.0","4.239995379454038","100.0","194.0",""
"Jman0123","262088","20538.0","241550","211.0","13064","5228.47130446155","1327215127.0","1324171160","1713065411.0","1718026306","100.0","3.8116203035290237","100.0","970.0",""
"Jollybluepiccolo","15442","5231.0","10211","48.0","1102","2611.753917026503","1552180733.0","1550255543","1610331025.0","1611794351","100.0","5.851015815409754","100.0","567.0",""
"KATLKRZY","115667","78646.0","37021","478.0","3495","3165.6322693777083","1502322190.0","1502400454","1748050704.0","1740958025","100.0","5.547083588220175","100.0","1450.0",""
"Karate_Prom","114059","2922.0","111137","68.0","7214","3742.4877544180995","1453694837.0","1452560141","1732851344.0","1741217567","100.0","6.287402122038233","100.0","1199.0",""
"KefkaFollower","28365","2552.0","25813","57.0","4861","3703.3721908426037","1461369650.0","1455939727","1744948215.0","1742717502","23.0","1.4922408907967135","100.0","795.0",""
"Keroman","6840","1042.0","5798","46.0","827","6003.250210272186","1261632897.0","1257230267","1580018085.0","1742231300","56.0","5.232635351371566","100.0","145.0",""
"Klevvers","16713","13263.0","3450","83.0","1135","2706.6579489795367","1545150298.0","1542055839","1647629010.0","1651611572","100.0","5.176305326531031","100.0","790.0",""
"KrishaCZ","638547","332321.0","306226","3135.0","28161","4625.989358025246","1376046252.0","1376225606","1756143116.0","1742856469","100.0","5.463147072335834","100.0","2859.0",""
"Kryptosis","613811","12446.0","601365","379.0","64610","5586.640144071171","1293429763.0","1293225379","1753504518.0","1742852222","100.0","6.000705141720596","100.0","7522.0",""
"Ktmktmktm","30818","2118.0","28700","181.0","6220","5027.767435359861","1384725063.0","1341511982","1601401003.0","1603900350","100.0","5.7776366273225745","100.0","765.0",""
"Kyleman773","2441","15.0","2426","1.0","665","3538.082550770152","1491052747.0","1470220757","1491052747.0","1735419945","38.0","3.293741234240512","100.0","256.0",""
"LMGN","166807","78020.0","88787","1335.0","11840","4263.879748583022","1407511332.0","1407511880","1753300866.0","1742546281","100.0","6.166816076933667","100.0","2264.0",""
"Lakus","91067","10441.0","80626","160.0","11597","4479.348867846934","1392158404.0","1388895349","1708527720.0","1708631341","100.0","5.661005065489079","100.0","2228.0",""
"Larkos17","161215","1943.0","159272","31.0","16851","4237.753947933137","1415731730.0","1409769151","1739580545.0","1742850951","100.0","5.394373973752972","100.0","2122.0",""
"Laughing_Orange","122287","21.0","122266","2.0","11031","3227.8423729503816","1552926217.0","1497025512","1558992699.0","1742766299","100.0","5.212223631169286","100.0","1831.0",""
"LeBronJamesBond","681","100.0","581","15.0","222","3614.2525109473945","1450057284.0","1463639677","1585793227.0","1742808986","53.0","4.796413032600489","100.0","163.0",""
"Lelapa","79451","61330.0","18121","319.0","2905","4564.66609770883","1384275835.0","1381523944","1739810481.0","1742736764","100.0","5.671894237383867","100.0","508.0",""
"Leonader9001","45719","10805.0","34914","258.0","5725","3093.014164238197","1509310698.0","1508674672","1683369852.0","1690838432","100.0","5.302478401185334","100.0","1392.0",""
"LilBroomstickProtege","68938","8966.0","59972","195.0","5057","3107.52159385839","1503586736.0","1507421231","1753306211.0","1742557954","100.0","5.517390087273199","100.0","1241.0",""
"Limpinator","98454","21719.0","76735","431.0","5359","4156.597156927985","1416764164.0","1416781103","1753820832.0","1742384496","100.0","5.364720919229134","100.0","706.0",""
"LleoOneiro","6525","3121.0","3404","777.0","1840","2744.963405641287","1563482746.0","1538746260","1580353550.0","1578034570","100.0","4.368973213969502","100.0","1792.0",""
"LucaTheRaptor","67735","9209.0","58526","196.0","6696","2799.9637287955566","1535124556.0","1533994233","1706465397.0","1706876503","100.0","5.512238971497236","100.0","1713.0",""
"MLJFireDragon747","888826","872721.0","16105","6770.0","4306","2634.7889244537278","1548261358.0","1548265337","1598440793.0","1598025619","100.0","4.762188339531249","100.0","3842.0",""
"MMoney2112","157916","37205.0","120711","1683.0","21639","4004.497835766748","1443839270.0","1429922488","1717818890.0","1719775151","100.0","2.9519044852912546","100.0","3238.0",""
"MakotQ","681","574.0","107","8.0","19","3060.1361809095024","1503723263.0","1511515336","1585973995.0","1579812891","18.0","3.717850465126432","26.0","31.0",""
"MarenWilkinsIII","560","234.0","326","27.0","137","4661.340323563011","1371698623.0","1373171299","1651330550.0","1652669747","19.0","2.873181226822934","100.0","142.0",""
"MasterCraftYT04","3096","1613.0","1483","51.0","650","2827.9647442557057","1559933730.0","1531574951","1599222311.0","1635224843","73.0","4.879245022420151","100.0","413.0",""
"Mattakusisgreatness","42952","987.0","41965","34.0","10397","4952.784994691773","1351785473.0","1347990482","1586854511.0","1586689804","100.0","5.296195457695076","100.0","2280.0",""
"MattyMarshun","48156","9209.0","38947","149.0","6928","4924.9679923615495","1350802466.0","1350393872","1749169284.0","1742695994","100.0","1.4352105501551424","100.0","1491.0",""
"Maxrdt","259965","21684.0","238281","365.0","23251","5096.4873400115275","1336240521.0","1335574601","1746392851.0","1742852230","100.0","5.1054519682010175","100.0","1554.0",""
"Mikashuki","218061","49977.0","168084","497.0","14166","4219.782767111353","1407953984.0","1411321877","1747764505.0","1742123855","100.0","5.776252911940931","100.0","2983.0",""
"MiniEquine","34328","2170.0","32158","72.0","3575","4963.812337933856","1346631974.0","1347037723","1593105389.0","1595509434","100.0","5.657838423611885","100.0","509.0",""
"Mongo1021","165086","80312.0","84774","779.0","12162","5199.647499058991","1334690177.0","1326661566","1636987910.0","1643052446","100.0","5.245983206702446","100.0","1076.0",""
"MooseFlyer","340299","8384.0","331915","186.0","53266","5563.3866811356365","1295800226.0","1295234502","1750181228.0","1742860668","100.0","3.9748040085328213","100.0","6321.0",""
"MrLaughter","190481","12580.0","177901","833.0","23306","5844.29679259867","1270915548.0","1270963869","1734728873.0","1742101561","100.0","6.117664956398456","100.0","880.0",""
"Mrnofaceguy","90209","1158.0","89051","5.0","9093","3643.9927996820265","1461063510.0","1461070135","1554634887.0","1703070223","100.0","5.391816696844247","100.0","1351.0",""
"MsReclusivity","10463","1437.0","9026","99.0","3169","5763.550078809664","1278059466.0","1277940387","1592423514.0","1595867391","75.0","5.070759791065382","100.0","300.0",""
"Mythandros","125362","492.0","124870","21.0","23131","5101.680278345901","1335123852.0","1335125939","1654309076.0","1657519855","98.0","3.55065515743266","100.0","3576.0",""
"Najmul190","127123","84073.0","43050","64.0","2412","2828.7480482654632","1531499927.0","1531507285","1721054454.0","1741957406","100.0","4.31026296297498","100.0","1730.0",""
"NaraciaB0T","30098","10419.0","19679","122.0","3448","2644.9027083684255","1556920887.0","1547391523","1586895316.0","1587210290","100.0","5.257697227779914","100.0","1129.0",""
"Neksir","7035","2101.0","4934","81.0","1326","3750.314671800498","1469869964.0","1451883930","1746216712.0","1742735197","100.0","5.864601952603801","100.0","563.0",""
"NeuroticKnight","324783","149330.0","175453","898.0","31285","4749.500825083182","1364772120.0","1365554247","1751419135.0","1742857548","100.0","5.917942974499773","100.0","2545.0",""
"NightFang","628","46.0","582","8.0","126","5169.557109255299","1329221437.0","1329261385","1585495284.0","1688851600","25.0","3.7730619739282183","100.0","158.0",""
"Nintendroid","72610","15681.0","56929","166.0","6985","4846.808319177559","1365775176.0","1357146882","1755116978.0","1742848038","100.0","2.565824823414674","100.0","536.0",""
"NoNameRequiredxD","86678","4435.0","82243","194.0","8404","3012.671350094687","1518212468.0","1515616317","1613900143.0","1733505287","100.0","5.872570544010369","100.0","1982.0",""
"NookieNinjas","81358","17946.0","63412","184.0","16315","5351.425157616113","1313499263.0","1313547989","1750488079.0","1742822391","100.0","6.0514010336333754","100.0","3962.0",""
"Nornag3st","7079","19.0","7060","20.0","2770","4236.2091724353","1459350980.0","1409902651","1674479175.0","1742748076","80.0","3.266949306590585","100.0","526.0",""
"NottsNinja","248454","174398.0","74056","412.0","6667","2606.6092183117016","1550699776.0","1550700088","1754500813.0","1742839850","100.0","5.876480314532118","100.0","1665.0",""
"Number1Framer","164052","8431.0","155621","109.0","10300","3571.3671818469325","1468378030.0","1467345001","1756013727.0","1742858828","100.0","4.819170347627349","100.0","1321.0",""
"Original_betch","31051","10880.0","20171","72.0","3097","3537.6678127366085","1477465128.0","1470256628","1727135849.0","1742029201","100.0","5.696493471689607","100.0","528.0",""
"OstrichEmpire","312461","230454.0","82007","1494.0","7831","3438.5971056338785","1478643611.0","1478816338","1754268898.0","1742816715","100.0","6.156349657034079","100.0","2137.0",""
"PBJF","38950","29953.0","8997","434.0","2192","3019.8427877624417","1514996451.0","1514996712","1588057555.0","1608575668","100.0","5.345015848165766","100.0","1001.0",""
"PM_ME_UTILONS","34934","1626.0","33308","85.0","6899","2791.431325435222","1536900045.0","1534731463","1749076506.0","1742847157","100.0","4.329706150128039","100.0","1905.0",""
"PapayaSF","3119945","3005574.0","114371","9857.0","13577","3402.337120431841","1483662220.0","1481949203","1652243943.0","1643674459","100.0","5.252871948343137","100.0","12847.0",""
"Pardonme23","359819","2663.0","357156","253.0","94618","5061.17325094295","1346641755.0","1338625762","1753674412.0","1742858450","100.0","3.268048574640063","100.0","10144.0",""
"PavelEGM","19745","5352.0","14393","79.0","1485","3876.277333543218","1442621444.0","1441000770","1692482084.0","1741073022","100.0","6.32146335007943","100.0","363.0",""
"Pearberr","288741","13767.0","274974","257.0","32008","4701.5622716263215","1371304102.0","1369696153","1749509357.0","1742854010","100.0","4.586766040231501","100.0","3057.0",""
"Percevalve","33684","10866.0","22818","734.0","2472","3964.708193166747","1449004132.0","1433360346","1735583989.0","1738050429","100.0","2.7844855544623304","100.0","1528.0",""
"PhantomOSX","15366","1820.0","13546","261.0","5255","5683.253691066344","1307993092.0","1284878016","1751579361.0","1742779752","100.0","5.036508389681053","100.0","1354.0",""
"Picax8398","297801","102889.0","194912","972.0","29790","3893.3366762310184","1441393797.0","1439526847","1755902461.0","1742857040","100.0","5.78905491631474","100.0","3436.0",""
"Pint_A_Grub","11481","83.0","11398","6.0","8161","2364.8410503195832","1577871432.0","1571588870","1602353403.0","1627564735","100.0","4.028885276112275","100.0","4486.0",""
"PoeDameronski","25586","1360.0","24226","90.0","4222","2636.853850346238","1548342032.0","1548086965","1685641476.0","1739849318","100.0","5.698135976969024","100.0","1817.0",""
"PowerHungryFool","33799","22922.0","10877","83.0","1403","4146.560399930681","1420529201.0","1417648320","1636137284.0","1736574572","100.0","5.5575631577090165","100.0","660.0",""
"PresidentStool","35067","23967.0","11100","277.0","2220","3586.4429886512266","1465955848.0","1466042465","1755702013.0","1742388993","100.0","4.671585789465341","100.0","544.0",""
"ProdigiousPlays","141935","2620.0","139315","186.0","12270","3220.701923951736","1497642403.0","1497642494","1751664642.0","1741607462","100.0","4.87371887830341","100.0","2610.0",""
"Pufflekun","579100","106800.0","472300","2193.0","40389","6370.501517939537","1227545529.0","1225499810","1755078601.0","1741236479","100.0","5.608326910222091","100.0","2461.0",""
"Punkgoblin","69737","17248.0","52489","448.0","26393","5330.688819933752","1317406605.0","1315339628","1582823110.0","1582897176","100.0","5.319410728673599","100.0","3455.0",""
"R264Awesome","80240","44220.0","36020","333.0","3415","2968.517732916102","1440282677.0","1519431212","1637536627.0","1639074873","100.0","5.710062488103229","100.0","1540.0",""
"RDR911","139402","5449.0","133953","340.0","35380","5462.402346785938","1309899840.0","1303959582","1676412197.0","1686510786","100.0","5.776616318833937","100.0","3113.0",""
"RDay","379486","232532.0","146954","702.0","31965","4646.890319729665","1390339878.0","1374419822","1584713706.0","1584736389","100.0","6.07873726882771","100.0","3756.0",""
"RageQuitYT","102497","89921.0","12576","218.0","841","3308.77688980323","1490460825.0","1490032823","1733400931.0","1742294376","100.0","5.665989976252832","100.0","614.0",""
"Ramin_HAL9001","105870","16721.0","89149","229.0","8280","4819.302861068392","1376846855.0","1359523380","1677249160.0","1688690490","100.0","5.983413000660436","100.0","1549.0",""
"RandomCookie1234","31754","26172.0","5582","137.0","1648","2624.765912410788","1552128229.0","1549131374","1686421442.0","1697058339","100.0","5.688901320844309","100.0","1174.0",""
"RandomRedditorWithNo","486861","58517.0","428344","524.0","145089","3739.3306452837282","1452832774.0","1452832982","1676072148.0","1742536274","","","","",""
"ReadySetJihad","13925","10317.0","3608","244.0","1347","3365.572748553587","1485346943.0","1485125665","1580091362.0","1580153791","100.0","5.535583690903238","100.0","853.0",""
"Real-Terminal","429312","12363.0","416949","656.0","63040","5001.0208265875335","1346284220.0","1343822953","1750952419.0","1742856469","100.0","4.617796995609998","100.0","3922.0",""
"Realworld","157167","1163.0","156004","42.0","16337","6025.156968157211","1258426352.0","1255337591","1714749425.0","1726817261","100.0","5.096714202319826","100.0","1291.0",""
"Reaper4578","20518","11988.0","8530","77.0","929","3333.7506662908445","1488298187.0","1487875097","1600373919.0","1656209917","100.0","5.725818148244822","100.0","433.0",""
"RedditorUpNorth","3528","193.0","3335","13.0","1398","4817.273096170856","1393124337.0","1359698761","1720938313.0","1742523941","63.0","4.4454979579582945","100.0","219.0",""
"RespectYoSmelf","62467","7673.0","54794","283.0","10443","4661.1710001445945","1380087069.0","1373185983","1674779488.0","1722218072","100.0","3.100432522659729","100.0","2639.0",""
"RexxZX","31440","11582.0","19858","147.0","3316","3035.430733280036","1520745171.0","1513649943","1645528090.0","1648439803","100.0","6.213980892505147","100.0","1248.0",""
"RichterNYR35","66073","16191.0","49882","1512.0","11477","5156.476527898797","1341327538.0","1330391587","1598381553.0","1599054576","100.0","5.296060001592551","100.0","2888.0",""
"RobsZombies","38978","3656.0","35322","171.0","5881","4974.340705934536","1356444699.0","1346128123","1684076181.0","1742841045","100.0","5.860065668401591","100.0","890.0",""
"Roguesix293","18210","1604.0","16606","323.0","7086","3701.674478169677","1461611052.0","1456086486","1754264285.0","1742833021","100.0","1.5932566347844015","100.0","5467.0",""
"RolandTheJabberwocky","276590","2840.0","273750","87.0","28245","4903.3256432971775","1355927175.0","1352263826","1678388904.0","1686590627","100.0","5.987269087795873","100.0","3505.0",""
"RoseUpPdx","14862","8802.0","6060","62.0","591","2452.300029584953","1564097242.0","1564032440","1738615721.0","1737051137","100.0","5.6310516579897705","100.0","547.0",""
"Roxxagon","1128471","909426.0","219045","2701.0","26616","3164.003532515022","1502540533.0","1502541258","1662414979.0","1662454063","100.0","4.735998330959539","100.0","8143.0",""
"Runkleman","132487","33151.0","99336","326.0","3924","4722.1599752489365","1379605683.0","1367916542","1751041538.0","1742666822","100.0","6.069035761546769","100.0","1018.0",""
"S33N03ViL","15589","5268.0","10321","172.0","1542","3747.7929723096527","1452099504.0","1452101852","1676567670.0","1677200239","100.0","5.699010377062596","100.0","709.0",""
"SMTCubes","161210","144189.0","17021","566.0","3237","3027.324811655984","1514313743.0","1514350302","1588197211.0","1602458448","100.0","5.230677175872082","100.0","1645.0",""
"Saltire_Blue","1105391","511038.0","594353","781.0","29072","3730.934263657522","1459958260.0","1453558447","1754585634.0","1742851500","100.0","3.951587592983941","100.0","10102.0",""
"Samniss_Arandeen","87421","24282.0","63139","278.0","7330","3847.1931717616208","1443612305.0","1443513678","1745809302.0","1742645558","100.0","5.258014906652265","100.0","863.0",""
"SarahC","303285","34467.0","268818","3099.0","100895","6279.738565135093","1241120162.0","1233341758","1756056677.0","1742831658","100.0","4.817824089335076","100.0","5340.0",""
"Satyromaniac","27501","1245.0","26256","105.0","7048","4706.205971638207","1385495311.0","1369294975","1651556318.0","1656657794","100.0","5.133746531681393","100.0","1556.0",""
"ScottsZombieBrother","34624","17262.0","17362","475.0","5125","3482.406500005118","1476243331.0","1475031250","1622381260.0","1612062278","100.0","5.835148429370595","100.0","1320.0",""
"Security_Six","103179","2506.0","100673","145.0","27607","3951.3779234961917","1442208477.0","1434512120","1695676717.0","1696553249","100.0","2.7825153429048326","100.0","3748.0",""
"Send_Me_Tiitties","82106","8901.0","73205","64.0","4990","2925.5166657464592","1524779313.0","1523146534","1742421645.0","1742722472","100.0","5.4911134234559","100.0","1120.0",""
"SeymourPant","350350","299942.0","50408","604.0","6535","2980.5857266224284","1518464332.0","1518388568","1607873124.0","1608479299","100.0","5.855596037135937","100.0","3052.0",""
"ShellInTheGhost","46469","15605.0","30864","643.0","7240","6035.691590494398","1254880149.0","1254427422","1747606485.0","1742774263","100.0","5.263098563183098","100.0","1359.0",""
"Shibacki","72969","11646.0","61323","288.0","6862","3007.8566710522578","1520795016.0","1516032360","1603396964.0","1604532958","100.0","5.7085503789076375","100.0","1758.0",""
"ShivanMarauder","29351","5269.0","24082","166.0","2876","5098.388383078343","1335499665.0","1335410421","1678307673.0","1687034999","100.0","5.582104793081742","100.0","666.0",""
"Shkeke","112107","39780.0","72327","548.0","6269","3263.874432293022","1493235187.0","1493912427","1655316850.0","1655336515","100.0","6.236909269119467","100.0","1638.0",""
"Shmookley","96195","87531.0","8664","229.0","1424","2771.3931561098057","1538876897.0","1536462810","1710599972.0","1733664548","100.0","5.171363646889558","100.0","1030.0",""
"SickofUrbullshit","22913","0.0","22913","1.0","5107","3100.890296189272","1592949115.0","1507994258","1592949115.0","1601677890","100.0","5.746907934543335","100.0","1584.0",""
"Sidorovich_Stalks","179531","154537.0","24994","84.0","2168","2643.1555773662612","1556786876.0","1547542539","1743335703.0","1742557756","100.0","5.569726956079523","100.0","681.0",""
"Silvystreak","126170","20628.0","105542","464.0","21154","3823.386144774316","1445824994.0","1445570619","1588491466.0","1588548646","100.0","5.823425475929248","100.0","1789.0",""
"SockMonkey4Life","74020","3486.0","70534","320.0","13652","3790.442301193727","1448955557.0","1448416968","1742275504.0","1740538090","100.0","4.656230071484233","100.0","1608.0",""
"SoupGFX","13038","533.0","12505","49.0","6925","4985.497853021608","1346180263.0","1345164169","1692659322.0","1741912163","100.0","5.195525786977566","100.0","2054.0",""
"SpinningHead","1126781","131704.0","995077","2135.0","113543","5702.845029338087","1283199963.0","1283185375","1751994806.0","1742860340","100.0","2.3001502036616652","","",""
"Spocks_Goatee","164447","11774.0","152673","265.0","29687","4127.382914628312","1419539045.0","1419305303","1755656880.0","1742781227","100.0","5.48865216643888","100.0","3327.0",""
"Spoon_Elemental","764220","172429.0","591791","1754.0","39783","4402.161672122465","1398891280.0","1395564419","1756003162.0","1742852500","100.0","6.047028861390049","100.0","4008.0",""
"StendhalSyndrome","143819","21641.0","122178","95.0","19729","5436.763314318693","1314743504.0","1306174838","1756012607.0","1742821116","100.0","4.854421997207452","100.0","1071.0",""
"Stormsoul22","170590","56671.0","113919","620.0","12450","5166.57862261544","1345178100.0","1329518796","1676301602.0","1676502632","100.0","5.078804924961652","100.0","2659.0",""
"SumthingStupid","135985","16325.0","119660","310.0","9452","5254.477418958506","1318218229.0","1321924341","1701482470.0","1701897073","100.0","6.239469987304273","100.0","960.0",""
"Swartz55","134685","24320.0","110365","314.0","10920","3536.9059481189015","1457321957.0","1470322517","1738089553.0","1739945669","100.0","6.065774785816144","100.0","2180.0",""
"SweetzDeetz","398544","96930.0","301614","405.0","41207","5047.281835014364","1339817264.0","1339826041","1712460143.0","1734541224","100.0","6.1977914685507995","100.0","11024.0",""
"TKCoolReddit","60929","16563.0","44366","192.0","5855","2610.600522910936","1551029075.0","1550355307","1588176282.0","1594553219","100.0","5.6451411747150875","100.0","1492.0",""
"Texas_HardWooD","37941","4745.0","33196","206.0","5356","3831.229098002952","1471126774.0","1444892999","1604362583.0","1604443948","100.0","4.495508218664012","100.0","5699.0",""
"ThadeusOfNazereth","85965","27189.0","58776","418.0","3181","3594.3285498673827","1465358336.0","1465361207","1755894400.0","1742580370","100.0","4.734101057790721","100.0","1167.0",""
"Thann","110780","9025.0","101755","95.0","4159","5495.83698615213","1321594040.0","1301070879","1684524841.0","1692895272","100.0","5.652676592299104","100.0","1323.0",""
"TheBlack220","21083","1571.0","19512","24.0","3610","3268.9016392974554","1494274138.0","1493478094","1576791135.0","1613654141","100.0","3.0583724906661995","100.0","2037.0",""
"TheMuffStufff","63804","14715.0","49089","652.0","10553","4470.696859435373","1391657268.0","1389642988","1755472848.0","1742832415","100.0","4.965721226455721","100.0","2616.0",""
"TheNewBo","13864","3570.0","10294","371.0","2690","2690.53451134552","1543446788.0","1543449016","1706710756.0","1706716003","100.0","6.031653907307904","100.0","1211.0",""
"ThePlumThief","125367","4431.0","120936","133.0","10934","4716.32470469456","1389221606.0","1368420744","1754816241.0","1742797597","100.0","5.907224724840615","100.0","1222.0",""
"The_body_in_apt_3","127305","1214.0","126091","77.0","10597","2596.2812289529406","1551668376.0","1551592501","1580782972.0","1596510139","100.0","3.286623090557294","100.0","3449.0",""
"Theek3","19551","7088.0","12463","105.0","5627","3829.691712247663","1445372286.0","1445025836","1665687249.0","1688153105","100.0","5.62538203007839","100.0","1894.0",""
"Therandomfox","596936","50966.0","545970","610.0","61603","3921.4622983770596","1456074300.0","1437096858","1649413510.0","1649586901","100.0","6.046320547690397","100.0","9743.0",""
"Theta291","32771","13042.0","19729","157.0","3540","3390.6217040694783","1482956073.0","1482961486","1613633990.0","1742859866","100.0","4.984953404989771","100.0","1117.0",""
"Thor-Loki-1","26674","2331.0","24343","55.0","4991","2795.39628686249","1534466564.0","1534388963","1604001045.0","1604685714","100.0","5.850224112797324","100.0","1580.0",""
"Tiurpslen","114477","1848.0","112629","118.0","7624","5063.0145352277295","1363272289.0","1338466747","1617394450.0","1688600449","25.0","0.2345179816734012","100.0","990.0",""
"TomSwirly","365185","7297.0","357888","300.0","55992","6636.21626751235","1208843672.0","1202542118","1675427517.0","1677005039","100.0","5.627474818992379","100.0","7047.0",""
"TooSmalley","1011820","284579.0","727241","345.0","12453","5161.467724958937","1331007426.0","1329960393","1750873092.0","1742825498","100.0","5.637983164209405","100.0","2886.0",""
"ToyVaren","977641","597646.0","379995","3011.0","45054","3045.110132086818","1512799799.0","1512813690","1672014885.0","1673137110","100.0","3.8319067521644286","100.0","12027.0",""
"TrannysNeedPimozide","4978","1114.0","3864","13.0","1114","2369.917086542072","1573588871.0","1571150370","1574725683.0","1574743339","100.0","5.402280527560075","100.0","519.0",""
"Treenut1","13888","92.0","13796","28.0","4131","3321.3359979787606","1528482254.0","1488947778","1588387053.0","1597795927","100.0","6.219680062158926","100.0","1107.0",""
"TreesmasherFTW","87038","3556.0","83482","50.0","5175","3832.5017465327323","1451059880.0","1444783058","1735829881.0","1742825594","100.0","6.165340323988868","100.0","582.0",""
"Trevmiester","136038","12765.0","123273","367.0","18350","5260.409068593424","1321412945.0","1321411866","1645992004.0","1648742909","100.0","4.511943281681206","100.0","3025.0",""
"TurboAbe","124747","35217.0","89530","262.0","6534","3512.563071702476","1474524521.0","1472425761","1685638510.0","1725564635","100.0","6.173289223095407","100.0","1049.0",""
"Turbojelly","244222","78393.0","165829","753.0","16625","6123.216114528968","1247581016.0","1246865339","1754472073.0","1742839845","100.0","5.224376043137273","100.0","1768.0",""
"UchihaEmre","38056","14681.0","23375","357.0","3490","4153.978752507791","1417016414.0","1417007448","1750615587.0","1742772164","100.0","5.544355688948507","100.0","1259.0",""
"Umadbro7600","35284","7503.0","27781","53.0","4591","3694.5187747404752","1472786034.0","1456704791","1645869273.0","1740670455","100.0","5.54812934655895","100.0","1197.0",""
"UniverseGuyD","143754","88109.0","55645","718.0","5129","5544.86577530918","1297051934.0","1296834811","1636199906.0","1673727319","100.0","5.528735015312666","100.0","765.0",""
"Username_Taken_65","60189","6609.0","53580","177.0","7760","2702.4601924495373","1546377317.0","1542418654","1741799801.0","1742829276","100.0","5.878011115673685","100.0","769.0",""
"VerySuperAnonymous","23979","841.0","23138","55.0","758","2729.6240566923498","1540153838.0","1540071697","1566163872.0","1573996305","100.0","5.097220898197827","100.0","443.0",""
"VictoryLap1984","20977","201.0","20776","29.0","1533","3297.9017607924425","1494379395.0","1490972504","1752161468.0","1742502007","100.0","5.602894496146987","100.0","666.0",""
"W_Edwards_Deming","138100","61601.0","76499","506.0","26249","5114.752210909813","1333983569.0","1333996626","1756069834.0","1742853804","100.0","4.873083700639549","100.0","1662.0",""
"Warhawk42","117689","1217.0","116472","41.0","9335","3692.8725888542253","1484078069.0","1456847026","1679017731.0","1708707370","30.0","2.6838384368850843","100.0","1571.0",""
"WindyCityBluez","138050","123862.0","14188","585.0","4655","3481.3903190438064","1478317401.0","1475119095","1594156147.0","1601983947","100.0","4.671393301952181","100.0","1864.0",""
"WiseMonkeyGoodMonkey","43218","395.0","42823","18.0","3190","5026.316023679978","1394350863.0","1341637515","1616431400.0","1624945718","100.0","4.081072142318379","100.0","1156.0",""
"Wuz314159","724903","303832.0","421071","2600.0","62200","2938.2906838244667","1522051652.0","1522042905","1756161061.0","1742840474","100.0","5.090124819777992","","",""
"XSC","544642","56628.0","488014","1165.0","47903","5606.555428507361","1305960423.0","1291504832","1755889886.0","1742854250","100.0","4.936166353199925","100.0","4312.0",""
"XavierRV","1867","274.0","1593","36.0","315","4416.418031783612","1408340153.0","1394332704","1675197365.0","1707405908","70.0","5.42298258068222","100.0","190.0",""
"XmiteYT","145894","34608.0","111286","408.0","7058","3194.0682751175236","1508975757.0","1499943724","1752021095.0","1733611556","100.0","5.208227072983933","100.0","2123.0",""
"Xx_scribbledragon_xX","147192","102564.0","44628","309.0","5558","2478.4861533072453","1561769710.0","1561770020","1756061586.0","1742853945","100.0","5.832270245382021","100.0","1069.0",""
"YddishMcSquidish","182340","29755.0","152585","571.0","19772","4538.818876324492","1385773912.0","1383757274","1652425243.0","1653017635","100.0","6.099461723601902","100.0","3825.0",""
"Zach-317","230766","223590.0","7176","660.0","1267","2779.5702179686696","1537319271.0","1535756359","1683468248.0","1683660017","100.0","5.826782987423799","100.0","981.0",""
"ZekeCool505","83738","1678.0","82060","30.0","4829","3607.557007861645","1464208714.0","1464218301","1694637703.0","1742513248","61.0","2.9419897393244954","100.0","1066.0",""
"Zerei","249576","30565.0","219011","780.0","29126","4981.864012745233","1361304944.0","1345478177","1754325279.0","1742831491","100.0","3.4016654764462784","100.0","8389.0",""
"Zoidbergthecrab","3369","482.0","2887","13.0","397","3059.8035455373397","1517588583.0","1511544202","1750229022.0","1738339909","58.0","4.420987948525507","100.0","296.0",""
"Zoolinz","134216","1999.0","132217","40.0","6079","4168.3826425723155","1467203264.0","1415762969","1652725601.0","1677857933","100.0","3.2205943442753906","100.0","1647.0",""
"birduprandy","5898","205.0","5693","22.0","447","3654.351022499085","1488766533.0","1460175302","1744431250.0","1742541986","44.0","4.424744698407828","100.0","141.0",""
"blueevey","170616","24097.0","146519","620.0","22428","3406.1746255489797","1486553401.0","1481617744","1755303372.0","1742857731","100.0","5.326218127606687","100.0","3168.0",""
"bonerwashington","166987","85904.0","81083","1134.0","19408","5112.017194424511","1334713547.0","1334232947","1648731692.0","1650483255","100.0","6.338266289120553","100.0","3746.0",""
"bookman_","176350","38047.0","138303","262.0","16728","3614.891490991494","1465930652.0","1463584609","1587579089.0","1606201811","100.0","5.901426702118653","100.0","2880.0",""
"bumblesski","21731","5670.0","16061","113.0","2952","3469.025989912464","1514526652.0","1476187389","1750015733.0","1742833705","100.0","5.475005342145025","100.0","1066.0",""
"butt_mucher","28892","1007.0","27885","21.0","6770","4895.655954299666","1356354988.0","1352926561","1642212163.0","1658654688","100.0","5.118394657808321","100.0","1647.0",""
"bydy2","181162","39918.0","141244","511.0","19839","3959.660374799837","1433796719.0","1433796580","1751563243.0","1742789340","100.0","3.7616404362551883","100.0","2762.0",""
"cakan4444","252089","103270.0","148819","803.0","19836","4843.337121606701","1368283278.0","1357446910","1697385611.0","1693001671","100.0","3.7343207005733503","100.0","9817.0",""
"cfox0835","95057","1792.0","93265","103.0","11168","3959.5101614446744","1433988902.0","1433809560","1645977821.0","1661931551","100.0","5.291782704727716","100.0","1473.0",""
"chickenoflight","219815","105535.0","114280","1300.0","13679","4745.632645829041","1367779639.0","1365888578","1587927813.0","1596389628","100.0","4.589582255416863","100.0","2202.0",""
"chiguayante","254731","55082.0","199649","296.0","16487","4590.296357151088","1379513937.0","1379309634","1647704577.0","1727376931","100.0","5.409700256711939","100.0","3492.0",""
"chintan22","32147","2061.0","30086","94.0","7419","2546.103309236387","1565185110.0","1555927914","1642716180.0","1688796572","100.0","4.4402152880223325","100.0","3201.0",""
"chunktv","63401","58465.0","4936","247.0","1752","4418.899964807037","1371592852.0","1394118284","1745187831.0","1742660985","100.0","5.939583639260805","100.0","773.0",""
"civdude","65242","14782.0","50460","253.0","7123","4370.698529070163","1398358832.0","1398282889","1755536605.0","1742674411","93.0","3.758407399057221","100.0","1851.0",""
"cjsmoooth-__-","4007","3855.0","152","138.0","122","2854.242313064364","1529388722.0","1529304707","1588232821.0","1581139753","53.0","4.399850545597163","100.0","213.0",""
"clone9786","35811","8943.0","26868","265.0","3721","5163.573304161504","1329776097.0","1329778510","1756066427.0","1742855237","100.0","5.49524010165568","100.0","623.0",""
"cnreal","24411","1182.0","23229","59.0","1793","3885.6513816056954","1537922927.0","1440190965","1651749876.0","1686174652","100.0","5.718110309948312","100.0","704.0",""
"codevii","85948","5116.0","80832","54.0","16815","5026.243981740439","1342591138.0","1341643765","1737941228.0","1742576886","100.0","5.700593752105705","100.0","1126.0",""
"colin23567","394960","6794.0","388166","140.0","32620","5136.593257179191","1332099185.0","1332109589","1751758561.0","1742855588","100.0","4.962258210978792","100.0","4008.0",""
"commmander_fox","252403","142554.0","109849","865.0","15210","3022.0813117844086","1515197661.0","1514803422","1614690216.0","1614811771","100.0","5.516351889349857","100.0","4425.0",""
"conglock","109473","9035.0","100438","143.0","10704","5310.266820134873","1317282452.0","1317104195","1668657165.0","1669767138","100.0","6.086992649388369","100.0","2306.0",""
"connectalllthedots","83026","67717.0","15309","112.0","2031","3664.3795937585996","1459346408.0","1459308852","1711923846.0","1738698502","83.0","3.767053158408543","100.0","1277.0",""
"coolwali","2408096","2298072.0","110024","4649.0","16069","3133.449713073599","1512278556.0","1505181195","1755627894.0","1742850119","100.0","5.759635949476157","100.0","7096.0",""
"cowpuncher","22344","7145.0","15199","149.0","2283","5414.828359184014","1309366406.0","1308070081","1566995557.0","1570460915","74.0","4.808852403845826","100.0","391.0",""
"cubbyad","63430","15383.0","48047","158.0","6966","4706.066263347163","1423813324.0","1369307127","1742011406.0","1742314542","100.0","5.564418306316391","100.0","1531.0",""
"d311h0p","69614","1249.0","68365","121.0","9737","4618.402929104688","1377297768.0","1376881240","1666266240.0","1706271064","100.0","3.5551385720121553","100.0","2055.0",""
"daguy11","39378","12433.0","26945","113.0","4155","5123.582380670207","1344448653.0","1333233736","1609534969.0","1610586235","100.0","5.151168358406352","100.0","841.0",""
"derpmasterrr","80676","44780.0","35896","438.0","6509","4968.76209039065","1312730940.0","1346610210","1703599291.0","1713644275","100.0","2.5372911699076166","100.0","1305.0",""
"designerdy","69260","5306.0","63954","191.0","12641","5680.288953101494","1287851148.0","1285134290","1726850588.0","1742828591","100.0","5.443145914846504","100.0","1194.0",""
"dharmabum1234","36280","22102.0","14178","84.0","1687","5903.334831446807","1265859495.0","1265863127","1741225142.0","1742411477","100.0","4.838628627969123","100.0","536.0",""
"dildodicks","548352","197583.0","350769","428.0","60181","3223.684977944281","1511900915.0","1497384875","1751487390.0","1742843007","100.0","4.018263627007973","100.0","6828.0",""
"domerock_doc","31507","1461.0","30046","12.0","2310","2878.332407316077","1527208655.0","1527223338","1713623918.0","1742411580","65.0","3.4495754534490173","100.0","548.0",""
"drakoman","167364","14.0","167350","3.0","13927","5612.262614413983","1469998622.0","1291011769","1565572925.0","1742860236","100.0","6.385966953625112","100.0","1054.0",""
"dreadpiraterobbie","6606","2688.0","3918","70.0","2562","3750.10137162838","1469533082.0","1451902501","1649471713.0","1652441931","100.0","5.375144694887435","100.0","1132.0",""
"dublozero","48049","18765.0","29284","457.0","5605","2783.494831771296","1537206375.0","1535417307","1755983662.0","1742760680","100.0","5.995320697928363","100.0","1764.0",""
"dukefett","276731","30857.0","245874","766.0","42742","4971.98619404559","1388607903.0","1346331654","1755815863.0","1742854004","100.0","4.467497651462413","100.0","5209.0",""
"dustractor","115186","18227.0","96959","363.0","12403","4317.810013755149","1402698369.0","1402852477","1755835870.0","1742855210","100.0","5.887102632079836","100.0","1332.0",""
"eazolan","253955","2203.0","251752","161.0","51834","5041.035108858482","1358138256.0","1340365830","1735985846.0","1742824066","100.0","5.49085025279236","100.0","5216.0",""
"ennuicorn","18728","1461.0","17267","16.0","823","4170.827847773645","1420591202.0","1415551738","1636314619.0","1735071752","53.0","4.371350301328879","100.0","333.0",""
"ermguger","643","114.0","529","8.0","174","2724.157812069641","1541401506.0","1540544030","1745446662.0","1718233638","62.0","5.100155000534572","100.0","169.0",""
"eshansingh","62455","18395.0","44060","629.0","7997","4023.212602723415","1438426862.0","1428305697","1755914308.0","1741267840","100.0","5.681345014296761","100.0","2330.0",""
"fudman3","9242","137.0","9105","19.0","892","4070.4063402550114","1472169716.0","1424228159","1610700752.0","1735120342","100.0","5.532095963331019","100.0","276.0",""
"gregshortall","24589","5564.0","19025","104.0","2614","6294.720445157905","1234292399.0","1232047421","1591924971.0","1604210047","100.0","4.776851295203748","100.0","647.0",""
"heretik","241043","91919.0","149124","602.0","12556","7188.311089447535","1279299657.0","1154841190","1755992734.0","1742838682","100.0","5.334393364022108","100.0","1667.0",""
"humorgep","39947","6036.0","33911","55.0","5076","2580.7072587256466","1553500545.0","1552938162","1752838078.0","1742829203","96.0","2.4774411063852106","100.0","4912.0",""
"iamjack","61203","4957.0","56246","113.0","6679","6443.6989431661095","1220639952.0","1219175682","1627800598.0","1686303008","84.0","4.584629716172822","100.0","458.0",""
"ikcaj","101905","20690.0","81215","323.0","6418","4424.841983135138","1393431982.0","1393604924","1756123073.0","1742756096","100.0","4.269905411602634","100.0","1516.0",""
"ilovethissheet","350662","66813.0","283849","207.0","24829","4524.50799742008","1391831494.0","1384993781","1756062951.0","1742028726","100.0","5.970608531579835","100.0","3118.0",""
"infectedwithinsanity","2149","1090.0","1059","39.0","217","5028.84469840499","1341419922.0","1341419091","1592026922.0","1590610830","87.0","5.688697399055196","100.0","196.0",""
"iownadakota","353330","4527.0","348803","214.0","19753","5402.691283080614","1402798097.0","1309118747","1652665876.0","1660408942","100.0","5.885102776398379","100.0","3536.0",""
"iroxnoah","14894","193.0","14701","13.0","1312","4101.414519612119","1427466102.0","1421549060","1713050452.0","1735440040","100.0","6.343798242295178","100.0","342.0",""
"itspinkynukka","42502","804.0","41698","27.0","9293","4102.293777665151","1423993901.0","1421473093","1698639026.0","1742849408","100.0","5.373418697062281","100.0","1736.0",""
"jake354k12","85090","34558.0","50532","360.0","9334","3289.921713038785","1492824514.0","1491662040","1654158424.0","1654321255","100.0","5.984989251954007","100.0","2793.0",""
"jamescookenotthatone","2749962","2406467.0","343495","3375.0","9295","2528.7114461357974","1551402826.0","1557430608","1755292900.0","1742779970","100.0","5.245834323138236","100.0","3802.0",""
"jkh77","34714","506.0","34208","20.0","6231","6574.482645716736","1240211822.0","1207875977","1674771070.0","1686340615","100.0","4.667093903673813","100.0","758.0",""
"kbxads","29325","2417.0","26908","318.0","8421","4798.716974246969","1372174791.0","1361302132","1750773395.0","1732366614","100.0","5.475002406593211","100.0","1584.0",""
"kite737","28044","5941.0","22103","77.0","1098","5719.007864114121","1389893304.0","1281789000","1755478864.0","1742809080","100.0","5.542020605098964","100.0","259.0",""
"labledcrazy","7626","2360.0","5266","141.0","2112","2915.2710580252083","1524031764.0","1524031861","1618542292.0","1618542311","100.0","2.6799350637182933","100.0","1805.0",""
"laxt","88942","2130.0","86812","238.0","22559","5680.892958472835","1294911807.0","1285082130","1585518620.0","1592254212","100.0","5.7425555420183905","100.0","1579.0",""
"leafyyfak","63530","35021.0","28509","227.0","3348","2550.0256859594665","1556498810.0","1555589063","1755844476.0","1742349918","100.0","5.061008186629612","100.0","1086.0",""
"leoyoung1","29459","1032.0","28427","171.0","9575","6194.244906372884","1276457684.0","1240728523","1744946171.0","1742818083","100.0","6.027110361576034","100.0","2211.0",""
"llllIIIIIIlllII","255","99.0","156","3.0","61","2532.598605883436","1556915779.0","1557094764","1585958694.0","1739295550","26.0","3.694565977465975","54.0","87.0",""
"longbowsandchurches","37836","26053.0","11783","75.0","3304","2903.5802914902542","1525034736.0","1525041947","1574039045.0","1574479004","100.0","6.00885852154298","100.0","1964.0",""
"mainfingertopwise","526930","3177.0","523753","45.0","31172","3678.429063955151","1460648345.0","1458095014","1581001548.0","1581043389","100.0","6.0315126219884325","100.0","3461.0",""
"marman98","14380","4369.0","10011","45.0","887","3046.217488594676","1531430274.0","1512718095","1609800724.0","1740859683","100.0","5.683300298569046","100.0","550.0",""
"maxvalley","201737","9353.0","192384","114.0","32370","3169.7842820528012","1514599692.0","1502041925","1689795592.0","1691556172","100.0","5.804882472345026","100.0","5139.0",""
"melonangie","11677","12.0","11665","7.0","3895","4787.747950143392","1389595322.0","1362249865","1585017288.0","1712665725","100.0","6.074098718828261","100.0","774.0",""
"memedealer22","83826","25097.0","58729","657.0","12775","3531.4276598579518","1470800939.0","1470795939","1755399760.0","1742851172","100.0","5.386262863773563","100.0","1854.0",""
"menice4","64442","8655.0","55787","163.0","4508","3023.6345916949904","1514806066.0","1514669261","1712753531.0","1713976917","100.0","6.353041156459579","100.0","928.0",""
"merikariu","105476","21040.0","84436","208.0","7973","3722.5831203333923","1458650685.0","1454280109","1755953151.0","1742849095","100.0","4.9998393947327555","100.0","1119.0",""
"mexicodoug","412228","879.0","411349","28.0","83188","6918.232942597858","1179631281.0","1178175965","1640368233.0","1742846459","100.0","5.039565714122399","100.0","2813.0",""
"mguardian_north","23990","186.0","23804","38.0","5407","3231.0775832293184","1512602282.0","1496746189","1753730307.0","1742653818","100.0","5.662224983169251","100.0","1409.0",""
"mikeli72","2680","106.0","2574","37.0","443","3611.0939712126965","1487311932.0","1463912774","1615298128.0","1738468361","92.0","5.8034760170673465","100.0","252.0",""
"mikewilzn","60312","26100.0","34212","315.0","8011","4481.440772443403","1388968502.0","1388714811","1588283904.0","1596088618","100.0","4.864351127898329","100.0","1478.0",""
"mischa_steen","11722","846.0","10876","13.0","394","3070.5272378964723","1510674118.0","1510617741","1662482448.0","1726909709","90.0","5.717332524760259","100.0","369.0",""
"mossyskeleton","98346","22694.0","75652","735.0","12912","6176.381222895519","1242271902.0","1242271958","1753289962.0","1742675131","100.0","5.259076437159393","100.0","1080.0",""
"mt-egypt","115402","12343.0","103059","248.0","26272","3331.3057013131015","1519322782.0","1488086484","1755511011.0","1742700380","100.0","6.375599568473186","100.0","2929.0",""
"mugatu1994","15916","1870.0","14046","151.0","1714","5226.526842807129","1337315595.0","1324339378","1696728139.0","1696852546","68.0","5.152026246471787","100.0","364.0",""
"n8mare27","79784","17166.0","62618","273.0","4036","3344.2708927181006","1496919022.0","1486966293","1756043821.0","1742785377","100.0","4.575703947679615","100.0","1048.0",""
"nicktanisok","47638","4122.0","43516","34.0","4987","5382.23864443308","1322478726.0","1310885880","1658682932.0","1742727797","85.0","1.0172795070633602","100.0","1552.0",""
"ninjabiomech","50134","9882.0","40252","185.0","5157","3053.4098556365043","1512096611.0","1512096688","1752081942.0","1742847684","100.0","5.189312434105096","100.0","895.0",""
"ninjaraiden56","32850","996.0","31854","152.0","3948","5201.326529457801","1337830868.0","1326516688","1754881033.0","1741967019","100.0","5.099816607041407","100.0","853.0",""
"nomad_kk","48302","293.0","48009","24.0","6126","4796.740472325197","1361990221.0","1361472924","1713164042.0","1742747006","100.0","5.013373394972014","100.0","553.0",""
"notacrackheadofficer","130556","10798.0","119758","753.0","36043","5884.571223003011","1267461764.0","1267484348","1672676260.0","1733942838","100.0","5.25033959365256","100.0","4515.0",""
"nutxaq","129933","968.0","128965","63.0","20016","4253.572457191121","1466978801.0","1408402642","1695601369.0","1723509982","100.0","5.171705561361833","100.0","4449.0",""
"oarabbus","244135","36745.0","207390","451.0","31636","5228.730589656783","1326261684.0","1324148980","1691220290.0","1696339237","100.0","4.322657227849359","100.0","5069.0",""
"orionsbelt05","417686","69664.0","348022","552.0","34039","5175.265380366017","1329282566.0","1328768375","1661822823.0","1682685155","100.0","5.54874038524653","100.0","4787.0",""
"papagert","11282","1572.0","9710","166.0","2397","5194.288489813772","1327125237.0","1327124779","1633833809.0","1636907336","100.0","4.5990837575240375","100.0","527.0",""
"paracog","226923","2502.0","224421","117.0","23474","5325.217018454597","1335497911.0","1315812555","1711767140.0","1742844343","100.0","6.074256767914699","100.0","1607.0",""
"personalist","67952","5736.0","62216","158.0","7562","5280.802573160789","1329358125.0","1319649964","1755224639.0","1733861055","100.0","5.164695597705046","100.0","1540.0",""
"pieawsome","379204","208222.0","170982","2422.0","17096","4013.6572220099774","1433950945.0","1429131323","1728846049.0","1728914618","100.0","3.0731233935471756","100.0","21363.0",""
"piedude3","87737","36565.0","51172","720.0","9823","4310.423979823728","1409874897.0","1403490676","1755235693.0","1742684959","100.0","5.903319858988475","100.0","1358.0",""
"pleasedothenerdful","124177","7399.0","116778","82.0","11769","4755.071027528925","1365100632.0","1365073172","1747927252.0","1742828823","100.0","5.7681925880564595","100.0","1156.0",""
"przemko271","288691","130485.0","158206","787.0","23227","4059.7691286388094","1431024401.0","1425147257","1719193864.0","1721399601","100.0","5.661210405131046","100.0","3009.0",""
"qquicksilver","364073","272730.0","91343","2422.0","14213","6735.949481899551","1221221192.0","1193925276","1743971266.0","1742571862","100.0","5.445236905682011","100.0","3436.0",""
"questionmarkjohndoe","189925","139779.0","50146","2561.0","16460","2563.7897439892013","1554399762.0","1554399878","1607374022.0","1596398468","100.0","5.361507319205197","100.0","11056.0",""
"quickhakker","304745","147846.0","156899","2923.0","36126","4191.630565699628","1413591399.0","1413754432","1755868990.0","1742662066","100.0","5.5951743002893775","","",""
"raccooneater47","284642","266768.0","17874","952.0","3688","2518.2661544999096","1552592290.0","1558333118","1618183775.0","1618259780","100.0","5.798933584614767","100.0","1730.0",""
"realister","325516","39577.0","285939","897.0","104917","6259.194603201287","1286565186.0","1235116901","1648368033.0","1648490717","","","","",""
"reldra","7500","2013.0","5487","162.0","1744","4616.795873406831","1376963607.0","1377020152","1755820543.0","1740299070","93.0","4.517560425510205","100.0","719.0",""
"rinvevo","220349","157719.0","62630","265.0","4162","4031.746856066863","1427491398.0","1427568388","1756061415.0","1742756855","100.0","4.799073398018384","100.0","766.0",""
"rogue-wolf","154682","47185.0","107497","120.0","5079","3162.717052101192","1503027277.0","1502652565","1741252248.0","1742860169","100.0","5.17172053059633","100.0","712.0",""
"ron_swansons_meat","42703","419.0","42284","7.0","7470","5391.49733721323","1310530841.0","1310085949","1670252257.0","1682463742","100.0","5.296097325026675","100.0","1408.0",""
"rtechie1","68149","863.0","67286","52.0","35995","5701.698597364547","1370977094.0","1283284561","1626917256.0","1649141080","100.0","5.455792602733118","100.0","5344.0",""
"rwp80","105531","25735.0","79796","339.0","15001","3662.9050486492833","1522399654.0","1459436325","1754726453.0","1742331927","100.0","6.070303343717848","100.0","3274.0",""
"saarth","13210","1745.0","11465","57.0","1991","5077.396722695706","1314707084.0","1337224245","1700575743.0","1708404734","100.0","5.255206423627605","100.0","708.0",""
"satoukage","61204","39722.0","21482","72.0","1827","3152.355239792974","1509742943.0","1503547830","1587783748.0","1606146781","100.0","3.957786234016648","100.0","911.0",""
"sblinn","136312","24630.0","111682","1478.0","26972","7382.966500466668","1144945650.0","1138023018","1752593262.0","1742842021","100.0","4.877344411496672","100.0","1396.0",""
"scotbud123","73248","1220.0","72028","48.0","21875","4678.717067738437","1372045637.0","1371670170","1677468603.0","1742777735","100.0","5.342168549208617","100.0","2509.0",""
"scubaguy194","126939","17138.0","109801","585.0","13856","4078.8875065642014","1423498782.0","1423495445","1677855793.0","1724848579","100.0","5.52997762156555","100.0","6282.0",""
"scumbag760","27415","14484.0","12931","248.0","4146","5360.2082349126285","1315960839.0","1312789335","1756070780.0","1742839091","100.0","5.643255459031439","100.0","1740.0",""
"seeker135","295469","2697.0","292772","204.0","51687","6691.3269504429045","1198655013.0","1197780679","1666678258.0","1667478567","100.0","5.618204193679228","100.0","3637.0",""
"sexy-snickers","273025","33774.0","239251","279.0","23399","2544.4621347533443","1556891584.0","1556069800","1672214966.0","1698637796","100.0","4.551162849804662","100.0","5146.0",""
"shooshmashta","32407","4572.0","27835","126.0","4600","5217.590804028114","1341006015.0","1325111484","1739161244.0","1742836215","100.0","5.770250981225285","100.0","749.0",""
"sigharewedoneyet","205337","6436.0","198901","208.0","16109","4657.387327740024","1398372123.0","1373513065","1752046811.0","1742759821","100.0","5.38977045391632","100.0","1666.0",""
"silas0069","67088","1217.0","65871","80.0","7572","6510.970344298159","1228616700.0","1213363493","1678715684.0","1735668364","100.0","4.701514644209215","100.0","1092.0",""
"skunkboy72","121137","39366.0","81771","555.0","10867","4975.743580713981","1346563172.0","1346007086","1753636731.0","1742822784","100.0","4.525898931222226","100.0","1348.0",""
"solidstatemasterrace","129282","518.0","128764","15.0","15739","3543.756608821562","1470243851.0","1469730761","1641491461.0","1671822750","65.0","2.122682569798723","100.0","3713.0",""
"some_random_kaluna","409445","142758.0","266687","1208.0","54797","4888.289594265477","1354093429.0","1353563112","1718187723.0","1718959943","100.0","4.466742486055234","","",""
"spartaincow88","35250","13380.0","21870","292.0","4891","3418.9706341785304","1480511915.0","1480512271","1655200657.0","1682320712","100.0","5.812990234022409","100.0","1957.0",""
"spartanwolf223","52177","31120.0","21057","221.0","3383","2615.8298774847112","1548250034.0","1549903633","1754521296.0","1742774784","100.0","5.756230519031873","100.0","1239.0",""
"strengthener","35631","17909.0","17722","549.0","2216","3438.5343065081124","1482334860.0","1478821971","1567216449.0","1573839642","100.0","4.719449538873584","100.0","1255.0",""
"t-to4st","123013","16665.0","106348","278.0","9727","3631.7490476068856","1462277229.0","1462128218","1753615667.0","1742649364","100.0","6.026183639393002","100.0","1509.0",""
"taikiji","19011","15369.0","3642","342.0","709","5004.634487654015","1379952133.0","1343510917","1734273277.0","1737129886","100.0","6.094620981006903","100.0","430.0",""
"tech98","83869","24795.0","59074","379.0","3529","5484.478294903716","1301021455.0","1302052414","1676569851.0","1663111796","100.0","5.93400019796594","100.0","633.0",""
"tekende","396023","13122.0","382901","526.0","35934","5919.599819065222","1262792031.0","1264457915","1721191842.0","1726803434","100.0","4.344698656882446","100.0","3219.0",""
"tenby7","9154","353.0","8801","44.0","1742","3192.7311786083437","1501736801.0","1500059367","1588074409.0","1587192158","100.0","4.81268979339141","100.0","633.0",""
"thatoneguy54","359734","14080.0","345654","148.0","30434","5314.364857595787","1317430996.0","1316750218","1756114054.0","1742742578","100.0","3.856109863348628","100.0","9912.0",""
"the_ocalhoun","755517","51082.0","704435","566.0","56662","4173.47066632036","1418583279.0","1415323477","1599552158.0","1599729631","100.0","5.987844544435021","100.0","7639.0",""
"theblackestmamba","2093","709.0","1384","94.0","390","4805.432714025877","1360441964.0","1360721957","1624142220.0","1701480285","100.0","5.560947694077719","100.0","251.0",""
"thechaseofspade","365365","245386.0","119979","2350.0","10099","4134.484912215532","1422581551.0","1418691848","1754929060.0","1742500032","100.0","3.2847994579950375","100.0","8221.0",""
"thecriclover99","150572","118131.0","32441","6440.0","10501","4831.895161624007","1371652808.0","1358435603","1728790472.0","1742693010","100.0","5.225617982487688","100.0","7305.0",""
"theghostalive","1339","646.0","693","13.0","122","3544.320202516491","1469597388.0","1469682080","1746406540.0","1742690626","15.0","3.3358516213236147","81.0","117.0",""
"theycallmeponcho","441617","28538.0","413079","301.0","27649","4657.70134344396","1373490967.0","1373485950","1749845125.0","1742843652","100.0","4.381405378629182","","",""
"thnksqrd","158241","5.0","158236","5.0","13513","4526.654404888774","1390561147.0","1384808406","1654917023.0","1742860461","100.0","5.451131950966387","100.0","4008.0",""
"tonnal","39928","7407.0","32521","216.0","2787","3592.516008386841","1465733627.0","1465517964","1738432532.0","1739886079","100.0","3.7722844569440177","100.0","799.0",""
"toxicur1","21011","10420.0","10591","194.0","1914","2828.92325985773","1536947748.0","1531492378","1644709394.0","1646885363","100.0","3.944062748809611","100.0","1462.0",""
"travlr2010","10254","2329.0","7925","103.0","1760","4509.417907005427","1387400386.0","1386297641","1753245385.0","1742737326","100.0","5.260050954938458","100.0","545.0",""
"turdmogrol","288452","56096.0","232356","941.0","25339","5155.408087408333","1330476646.0","1330484090","1710875255.0","1719275024","100.0","5.835787074829796","100.0","3125.0",""
"tutoredzeus","116671","21900.0","94771","372.0","10256","4923.247294655302","1350541938.0","1350542783","1755972933.0","1742853312","100.0","4.71640140069958","100.0","1322.0",""
"ulpisen","153790","5118.0","148672","258.0","17428","5471.573469732026","1309318455.0","1303167402","1733954717.0","1734366810","100.0","5.734594368709017","100.0","1495.0",""
"uncommoncommoner","245365","63688.0","181677","1585.0","27600","2831.4616589691077","1531257184.0","1531273063","1749142753.0","1742857235","100.0","4.063782625916685","100.0","4579.0",""
"uniptf","215564","66489.0","149075","902.0","24550","4567.635832720521","1385438139.0","1381267615","1736020863.0","1723404649","100.0","4.930755586443459","100.0","3233.0",""
"unluckyparadox","14283","2184.0","12099","43.0","2236","3954.4954571335293","1426642504.0","1434242944","1659510832.0","1678110311","100.0","5.36393852005632","100.0","1261.0",""
"velocirapper99","7209","845.0","6364","61.0","750","4667.693739230346","1377384949.0","1372622613","1752879200.0","1740027543","100.0","6.217037925821108","100.0","348.0",""
"weeman2525","127065","73823.0","53242","234.0","4293","4834.580827963231","1389566895.0","1358203569","1755730640.0","1742860077","100.0","4.767306525918714","100.0","670.0",""
"welcometotheyeet","28066","16389.0","11677","335.0","3602","2823.680371003899","1531947618.0","1531945369","1752346926.0","1742753652","100.0","4.832049999527352","100.0","1173.0",""
"whisperingsage","230513","9162.0","221351","247.0","42891","5400.514787800359","1313842658.0","1309306876","1720495655.0","1742655989","100.0","5.226999071949096","100.0","1882.0",""
"whistlepig33","30881","274.0","30607","22.0","10434","3930.8485787641202","1517240365.0","1436286037","1584112257.0","1634863990","100.0","4.8659964900302395","100.0","2114.0",""
"whitey71020","54125","59.0","54066","5.0","6631","3822.489476248451","1448057423.0","1445648264","1560883581.0","1742854973","100.0","3.0737183323946815","100.0","1042.0",""
"wildcolonialboy","11586","1197.0","10389","27.0","1478","5273.324738008264","1332658130.0","1320296098","1730159134.0","1742718251","100.0","5.373516175655381","100.0","325.0",""
"wolfiester","133304","14993.0","118311","176.0","10156","3163.976295440801","1505048262.0","1502543804","1730675828.0","1731447674","100.0","4.051581979514673","100.0","2557.0",""
"woodrowwilsonlong","13722","5643.0","8079","101.0","3114","3721.518640042629","1453945443.0","1454372146","1658793617.0","1662340013","100.0","5.42139294372878","100.0","589.0",""
"woodswalker","1845","38.0","1807","7.0","548","5033.829051590995","1394541993.0","1340988527","1666292580.0","1740099627","51.0","4.558128755120154","100.0","149.0",""
"xereeto","464377","223526.0","240851","1470.0","29728","5120.61940788133","1333489095.0","1333489841","1577305869.0","1577336669","100.0","5.976511532159302","100.0","3600.0",""
"yeetboy","146669","7282.0","139387","383.0","12012","4283.726150158056","1408627950.0","1405797419","1754413070.0","1742781266","100.0","6.14091669068058","100.0","2287.0",""
"yoloswagrofl","196443","123571.0","72872","433.0","3529","4487.375716593218","1388201311.0","1388202097","1755652398.0","1742850731","100.0","5.67787008739065","100.0","624.0",""
"yvaN_ehT_nioJ","320285","7684.0","312601","175.0","34795","6069.553836759676","1278562793.0","1251501908","1698517297.0","1742831258","100.0","4.131617729381044","100.0","3343.0",""
"zacharia_jumblia","1570","574.0","996","10.0","134","3220.8493064750346","1505821197.0","1497629980","1554279700.0","1575225721","46.0","4.762266256152878","100.0","201.0",""
"zealshock","61612","34352.0","27260","142.0","2347","2998.773248386273","1518462087.0","1516817352","1737411137.0","1742383033","100.0","5.2251753221579325","100.0","602.0",""
"zoeblaize","32432","555.0","31877","15.0","3876","4603.976229282872","1401357574.0","1378127815","1679076979.0","1741666390","100.0","5.486396072830228","100.0","528.0",""
"zubatman4","197822","77693.0","120129","392.0","14810","4871.691999424492","1355125621.0","1354997173","1609914939.0","1611034343","100.0","1.8866583424197625","100.0","7009.0",""
"bfandreas","449559","10028.0","439531","96.0","34365","3728.91972613588","1491306250.0","1453732698","1659452487.0","1669916713","100.0","4.53301071372999","100.0","5046.0",""
"zandrewz","8803","369.0","8434","24.0","1340","4904.35767219714","1370049467.0","1352174860","1640546475.0","1684108259","100.0","5.285278051135448","100.0","583.0",""
"Cherveny2","67381","26126.0","41255","302.0","6095","4979.337122959398","1348109880.0","1345696636","1756156546.0","1742857037","100.0","4.674977265708456","100.0","734.0",""
"DanBetweenJobs","96583","4086.0","92497","150.0","5304","4476.898402260001","1392991372.0","1389107342","1754583239.0","1742819047","100.0","5.135324116014006","100.0","1021.0",""
"escapelogic","3565","1494.0","2071","24.0","300","5384.892841534998","1325880287.0","1310656623","1582501686.0","1580755764","30.0","4.1084379222245575","96.0","121.0",""
"al666in","278679","171531.0","107148","404.0","7321","5233.7234729276515","1326240443.0","1323717657","1752208158.0","1742664456","100.0","4.411899781527341","100.0","1939.0",""
"DeathSludge","126223","49341.0","76882","102.0","1117","4777.6222524298255","1363098844.0","1363124803","1738515676.0","1712153197","59.0","4.679349086265318","100.0","428.0",""
"uberstimmt","4699","1149.0","3550","29.0","803","5076.368740452326","1335065648.0","1337313107","1585408291.0","1732251608","50.0","4.6667688698707375","100.0","167.0",""
"snuggl","43383","8539.0","34844","99.0","6350","6428.927404156971","1241704443.0","1220452039","1745223015.0","1742564748","100.0","5.31933798218957","100.0","613.0",""
"MBCnerdcore","209543","18199.0","191344","197.0","34300","4115.639031313691","1429895017.0","1420320155","1743653161.0","1742848607","100.0","4.675213531070645","100.0","4779.0",""
"rileybjorback1","3278","626.0","2652","61.0","471","4361.430345344838","1400819959.0","1399083786","1563893874.0","1575341240","25.0","4.001777638210609","71.0","123.0",""
"Paarrthurnax","66266","5733.0","60533","70.0","3886","3431.770293880729","1480036347.0","1479406415","1730675184.0","1731197637","100.0","6.112304532428037","100.0","965.0",""
"DuesCataclysmos","128230","72644.0","55586","176.0","5273","4157.607279354894","1418358778.0","1416694100","1754855191.0","1742842331","100.0","5.35886278480543","100.0","546.0",""
"ParkJiSung777","12446","1335.0","11111","290.0","2856","3564.8491029105776","1467924625.0","1467908407","1605967565.0","1623212268","100.0","5.223279765080851","100.0","1255.0",""
"Humavolver","70848","64291.0","6557","50.0","740","4142.839368385916","1424886576.0","1417970049","1753066101.0","1740619332","49.0","4.462885014118163","100.0","354.0",""
"mracidglee","106004","26461.0","79543","2248.0","13511","6008.7462843641415","1261087686.0","1256755692","1677870731.0","1687933925","93.0","3.868809922130216","100.0","2962.0",""
"kfoxtraordinaire","17869","3322.0","14547","126.0","2468","3919.6686760023017","1438458168.0","1437251998","1753194044.0","1742557299","100.0","5.9872266136286605","100.0","777.0",""
"Au_Struck_Geologist","187109","27496.0","159613","225.0","7530","4076.3708811616457","1423864837.0","1423712928","1746122759.0","1737139426","100.0","5.6609200072425665","100.0","906.0",""
"hotcakes","71661","33081.0","38580","699.0","1498","6992.533063335568","1187285266.0","1171756516","1722013600.0","1741167756","100.0","5.688172945380977","100.0","450.0",""
"osm0sis","134661","27668.0","106993","845.0","13438","5475.218554681805","1307338996.0","1302852490","1734469008.0","1734725359","100.0","4.641189454653805","100.0","2377.0",""
"sun827","94005","485.0","93520","53.0","15296","5589.28391974323","1300219892.0","1292997243","1722959794.0","1742839670","100.0","4.9031204953795156","100.0","1453.0",""
"-AVENTUS-","6287","731.0","5556","75.0","2016","3738.1632205889928","1476124559.0","1452934072","1744000239.0","1740370216","84.0","3.9311066350553494","100.0","852.0",""
"ridl","119643","61402.0","58241","396.0","10712","6241.927914163241","1237904305.0","1236608803","1740883271.0","1742755457","100.0","6.028654252922786","100.0","1946.0",""
"braddavery","21767","13899.0","7868","385.0","4550","5564.779737622605","1295811543.0","1295114406","1702759798.0","1735751530","100.0","4.5394653311615425","100.0","2120.0",""
"RIDER_OF_BROHAN","5373","86.0","5287","13.0","1231","5461.240970688426","1314852460.0","1304060156","1667842696.0","1729921861","43.0","3.586911407381877","100.0","427.0",""
"ActaCaboose","59886","33862.0","26024","186.0","3876","3544.9119847760403","1469633366.0","1469630981","1725417477.0","1742766100","100.0","4.889869372741504","100.0","914.0",""
"whitefrobro","77939","69804.0","8135","628.0","1313","4728.827129669907","1373502231.0","1367340713","1566582360.0","1568951651","68.0","4.860076392089479","100.0","361.0",""
"EsseAeternum","2924","710.0","2214","32.0","347","3974.6333620840146","1478685637.0","1432503055","1741953012.0","1742362078","59.0","4.307209957250634","100.0","175.0",""
"djdedeo0","4779","130.0","4649","14.0","2524","5087.549271326736","1336989372.0","1336347121","1588979422.0","1608083473","100.0","4.568182457313822","100.0","694.0",""
"LordHyperBowser","195927","66351.0","129576","439.0","12887","3389.6337218710532","1483427527.0","1483047025","1755273052.0","1742855953","100.0","4.37348495696006","100.0","3387.0",""
"surf_rider","228072","174834.0","53238","596.0","4938","4645.661969067755","1376581109.0","1374526185","1755443494.0","1742835045","100.0","5.433422293949482","100.0","887.0",""
"Spoonwrangler","134900","16645.0","118255","503.0","23184","4029.533410323425","1428258285.0","1427759693","1754774430.0","1740833164","100.0","6.1263549292131545","100.0","4770.0",""
"Violent_Paprika","70622","31712.0","38910","248.0","4051","3790.2782544613297","1448427097.0","1448431339","1751043228.0","1742772544","100.0","5.834463329663322","100.0","856.0",""
"xxx_trojanwormdotexe","44557","33080.0","11477","181.0","1491","3648.41926795779","1459358212.0","1460687956","1636153853.0","1592360416","100.0","5.930367811973978","100.0","680.0",""
"W00DSY_0WL","4273","209.0","4064","16.0","565","3706.4046911746514","1480017219.0","1455678016","1728695228.0","1741805711","72.0","3.705261667695789","100.0","375.0",""
"Peacockblue11","89090","52954.0","36136","395.0","4064","5084.503343465949","1336609375.0","1336610293","1752343337.0","1742780514","100.0","5.8877195820427275","100.0","960.0",""
"buttking","109860","1631.0","108229","58.0","14839","5716.714322522896","1282188845.0","1281987265","1648530432.0","1662700161","100.0","4.859406569389509","100.0","2446.0",""
"myotheralt","232376","11750.0","220626","768.0","33012","6907.331300100565","1184100079.0","1179117959","1755797373.0","1742860748","100.0","5.664495113635471","100.0","1032.0",""
"mellow_notes","4943","118.0","4825","10.0","261","3412.598691588265","1512221385.0","1481062857","1580747055.0","1695752149","95.0","6.204789482885997","100.0","214.0",""
"Jayken","161371","5827.0","155544","78.0","11229","4543.825156484608","1410893389.0","1383324891","1755745379.0","1742838717","100.0","4.350663115792852","100.0","1958.0",""
"PresidentSuperDog","86500","238.0","86262","19.0","8855","5596.594595765634","1295661475.0","1292365612","1750628531.0","1742788683","100.0","5.613196394927892","100.0","767.0",""
"MarkUriah","27193","240.0","26953","19.0","2052","2960.611245543645","1641075070.0","1520114574","1754743410.0","1741214858","100.0","5.090137625720049","100.0","457.0",""
"tomzo","8803","1061.0","7742","36.0","1361","5335.777767910449","1312899305.0","1314900187","1667619991.0","1721354094","61.0","4.794302105033791","100.0","214.0",""
"deaddonkey","315401","2439.0","312962","17.0","25628","5125.844903263171","1374044443.0","1333038387","1699017642.0","1708624119","100.0","5.600596060984174","100.0","1974.0",""
"terberculosis","33635","23874.0","9761","24.0","1285","4457.400326456725","1423407672.0","1390791999","1587606767.0","1730688835","100.0","5.752667797921093","100.0","533.0",""
"TheMrPancake","17214","169.0","17045","39.0","3407","4514.866154439107","1428523917.0","1385826952","1720973243.0","1742228105","51.0","1.1385019219174106","100.0","1328.0",""
"mulligrubs","185444","37167.0","148277","663.0","8145","5904.036843487317","1282411055.0","1265802605","1756132631.0","1741760567","100.0","4.503776659837593","100.0","874.0",""
"Thickas2","27618","369.0","27249","19.0","3030","6177.295669733717","1276357577.0","1242193043","1749170835.0","1742174052","100.0","5.369019135613842","100.0","573.0",""
"Book8","42467","5780.0","36687","276.0","7719","6177.840896574074","1261847454.0","1242145936","1746123960.0","1742237117","47.0","3.902674890863934","100.0","647.0",""
"dylandgs","11575","504.0","11071","53.0","1731","4824.728287614432","1364294170.0","1359054866","1753076373.0","1742716611","100.0","5.5297518049478835","100.0","326.0",""
"guruscotty","179554","5649.0","173905","357.0","17261","6366.918260347639","1331505305.0","1225809653","1659388937.0","1660180616","100.0","4.589545832143149","100.0","2956.0",""
"_why_isthissohard_","66703","5123.0","61580","95.0","7363","3120.4047718486822","1506556304.0","1506308419","1659641156.0","1660358365","100.0","5.772190218751975","100.0","2340.0",""
"PopcornInMyTeeth","1279713","218130.0","1061583","118.0","32528","3909.5846866153925","1440368950.0","1438123275","1691027303.0","1742614676","100.0","1.2997559433264225","100.0","7067.0",""
"0Kpanhandler","5200","673.0","4527","33.0","2065","3464.802135424468","1476551661.0","1476552488","1675627426.0","1691114057","100.0","5.490795645318929","100.0","664.0",""
"joxterthemighty","10282","3110.0","7172","73.0","1028","5677.253727035823","1298885645.0","1285396671","1749936616.0","1742355784","42.0","4.147691886043674","100.0","177.0",""
"Kylebeast420","30506","625.0","29881","42.0","5561","4792.327739363542","1365877611.0","1361854277","1639333081.0","1687702127","100.0","5.200518388283289","100.0","819.0",""
"Yungveezy","13281","3988.0","9293","58.0","1082","3497.790546259041","1476408429.0","1473702291","1739471649.0","1742600126","100.0","5.691411169301207","100.0","300.0",""
"drusilla1972","34735","78.0","34657","10.0","2847","3807.7113628256707","1582560960.0","1446925133","1722734727.0","1740563423","82.0","4.784988174639419","100.0","569.0",""
"Igotgoingon","8448","193.0","8255","31.0","2138","3374.172515238173","1485588291.0","1484382890","1747414414.0","1742670446","100.0","5.398710539235342","100.0","624.0",""
"The_dog_says","289424","67422.0","222002","92.0","10591","5159.098945090961","1332044677.0","1330165247","1717976862.0","1742793283","100.0","5.5644886202226225","100.0","970.0",""
"agemma","146538","13279.0","133259","176.0","15640","4916.370884292349","1352340126.0","1351136952","1633694810.0","1634252258","100.0","4.266779806510689","100.0","4391.0",""
"Salt_Salt_MoreSalt","67567","25167.0","42400","355.0","3890","3416.6261682332747","1480715416.0","1480714896","1752132748.0","1741852383","100.0","5.21233785866814","100.0","1093.0",""
"Hans_Delbruck","44842","1436.0","43406","42.0","6341","5047.472760176598","1427473663.0","1339809751","1729384839.0","1742847507","100.0","2.7074519549627216","100.0","1113.0",""
"KingShish","154535","9539.0","144996","862.0","14391","5794.336666879386","1275706151.0","1275280710","1699108730.0","1741257891","100.0","1.7525238909432426","100.0","1441.0",""
"conrocket","9919","1063.0","8856","70.0","1382","5123.5144275638795","1333241385.0","1333239752","1737911112.0","1740815936","100.0","5.275555790337345","100.0","299.0",""
"Purplestufff","7081","438.0","6643","17.0","572","4725.0726204093735","1368914987.0","1367665125","1579472761.0","1594489140","100.0","5.830832418693864","100.0","309.0",""
"SamuraiJakkass86","405426","81780.0","323646","1377.0","41084","6209.603008633413","1265568240.0","1239401700","1755810627.0","1742855751","100.0","5.582955674425963","100.0","3875.0",""
"Sisyphos89","9343","1544.0","7799","94.0","2056","4240.282320928659","1430312615.0","1409551008","1605360669.0","1624362136","75.0","4.364487621171332","100.0","450.0",""
"Dan5-O","12099","7453.0","4646","56.0","1277","5005.791875978807","1341625535.0","1343410983","1636749000.0","1740672915","95.0","4.820802290391224","100.0","881.0",""
"Harshmage","8100","1030.0","7070","102.0","1063","5326.189902692686","1341710798.0","1315728594","1738956560.0","1742807572","100.0","5.890181105894085","100.0","191.0",""
"Triphaz808","3163","911.0","2252","27.0","842","4462.270835357974","1390540841.0","1390371202","1614396555.0","1675880054","84.0","5.311938830721688","100.0","530.0",""
"gonzofish","219200","6807.0","212393","188.0","13144","5171.620679239551","1334011811.0","1329083376","1723643443.0","1742774766","100.0","5.100299072269344","100.0","1015.0",""
"juanyboy91","7233","2768.0","4465","83.0","609","5446.646750442799","1313818369.0","1305321124","1653748870.0","1707320328","24.0","3.325332339029605","100.0","168.0",""
"aregulardude","37460","307.0","37153","40.0","10512","5399.730622570567","1313084852.0","1309374678","1720357657.0","1721695005","100.0","5.100827516711451","100.0","2269.0",""
"justwantasandwich","12397","8607.0","3790","59.0","340","3557.7673072064117","1465878583.0","1468520309","1744128632.0","1740199385","78.0","5.1045639321803735","100.0","255.0",""
"chrislaw","18060","120.0","17940","17.0","3003","4967.506781109387","1378064353.0","1346718819","1749560381.0","1742731282","100.0","5.722584568558223","100.0","780.0",""
"VojvodaSrpski","5714","1497.0","4217","83.0","2898","3861.0004219863204","1438387716.0","1442320969","1620470145.0","1621082937","100.0","5.351786819569643","100.0","1450.0",""
"alwaysDL","92201","7146.0","85055","100.0","4860","4922.786308056458","1350418509.0","1350582669","1740360151.0","1740361676","100.0","5.471837591539353","100.0","514.0",""
"trancertong","101549","8614.0","92935","179.0","6913","6844.754081054906","1207528754.0","1184524654","1743028918.0","1742743720","100.0","6.159079226773031","100.0","661.0",""
"thebroadwayflyer","22844","1.0","22843","2.0","5123","4790.382548200025","1446766449.0","1362022355","1501295769.0","1731367018","100.0","4.766412337793586","100.0","581.0",""
"jt2424","18530","4040.0","14490","460.0","7507","3468.0909920112513","1476681297.0","1476268346","1738500302.0","1737701534","100.0","3.1408999581331107","100.0","1721.0",""
"Purpledrank","66490","10973.0","55517","575.0","16894","6457.7571556389","1237053353.0","1217961190","1624418073.0","1624559146","100.0","5.351715805563265","100.0","1520.0",""
"happysmash27","143645","27026.0","116619","819.0","31029","3852.2646728321856","1444797857.0","1443075741","1744933052.0","1741331418","100.0","4.870808075627581","100.0","5979.0",""
"Dodge1992","26094","14006.0","12088","280.0","2320","3563.0247369454523","1468064684.0","1468066072","1610259032.0","1610259247","63.0","3.347064952104876","100.0","546.0",""
"redplanetlover","65057","226.0","64831","19.0","8884","4723.911815198936","1388296193.0","1367765429","1737571979.0","1742140125","100.0","5.537661384997819","100.0","921.0",""
"PoizonMyst","15479","3836.0","11643","51.0","1761","4559.016347391424","1156154057.0","1382012398","1740448259.0","1741965969","88.0","3.790186202956059","100.0","571.0",""
"punkinhat","10657","478.0","10179","30.0","1896","3926.673923256016","1483147695.0","1436646784","1734057607.0","1734214539","85.0","4.4566219338255735","100.0","635.0",""
"commiessuck","13333","3461.0","9872","114.0","2197","5492.534704870554","1301702282.0","1301356413","1578971532.0","1582641556","35.0","3.246010845895779","100.0","408.0",""
"plaustrarius","6924","90.0","6834","7.0","875","4562.3492826636","1391025087.0","1381724434","1676596598.0","1742860419","100.0","5.793078827510561","100.0","364.0",""
"weavez22","11781","7424.0","4357","55.0","880","3537.4825407134713","1470348074.0","1470272921","1559426512.0","1584401795","55.0","4.308615828491389","100.0","484.0",""
"Getapizza2","19437","8683.0","10754","16.0","1445","3505.414839689525","1478060874.0","1473043572","1572805869.0","1596269129","100.0","5.855742287582893","100.0","603.0",""
"SomeTexasRedneck","42774","7305.0","35469","35.0","3197","4756.872207254919","1363048893.0","1364917656","1728860735.0","1731173665","100.0","5.1620947169315015","100.0","756.0",""
"basilobs","285276","22352.0","262924","285.0","15437","5599.33320953052","1295464888.0","1292129026","1753966243.0","1742846622","100.0","3.007843493836697","100.0","1087.0",""
"DontGetCrabs","59711","3697.0","56014","136.0","12358","4555.8449867362615","1382849193.0","1382286409","1594696759.0","1603294769","100.0","5.843379912981063","100.0","2440.0",""
"davou","69221","12151.0","57070","589.0","11059","5688.297157149514","1284442493.0","1284442542","1752431732.0","1742852197","100.0","4.556750463266749","100.0","1398.0",""
"chumbalong","4678","196.0","4482","22.0","1346","6421.403019825786","1334025043.0","1221102196","1547092118.0","1594867142","73.0","4.743706653245421","100.0","195.0",""
"whitechapel8733","25232","2189.0","23043","58.0","2465","4219.3337094213175","1411331900.0","1411360985","1755331465.0","1739900994","100.0","6.207780309468441","100.0","753.0",""
"ZealousVisionary","45871","2464.0","43407","98.0","6691","5093.28540514544","1343970568.0","1335851559","1599370372.0","1610155795","100.0","5.901422738707671","100.0","994.0",""
"Sauronmordor756","126044","99739.0","26305","785.0","1776","4148.704173541657","1451190298.0","1417463378","1753075200.0","1741577721","100.0","5.0650352615753995","100.0","985.0",""
"Meimou","1758","101.0","1657","25.0","947","3417.72362433521","1480622078.0","1480620098","1549913545.0","1742615203","35.0","2.028330284905011","100.0","468.0",""
"morganational","70289","1486.0","68803","91.0","12200","4634.127520024572","1382662301.0","1375522802","1753997955.0","1742854679","100.0","5.227699107335514","100.0","797.0",""
"Tha_Dude_Abidez","304327","222062.0","82265","1510.0","11554","4060.744146061007","1420826659.0","1425063126","1755887034.0","1742769719","100.0","1.8260151610645752","100.0","9358.0",""
"noyurawk","107381","2556.0","104825","58.0","5772","5766.375240783322","1277771854.0","1277696600","1740175263.0","1741982546","100.0","5.229878239878924","100.0","648.0",""
"adrixshadow","63891","2627.0","61264","276.0","26937","5697.72116134111","1301166948.0","1283628313","1755410588.0","1742815169","90.0","3.0840416878365953","100.0","3681.0",""
"Anymation","70417","31088.0","39329","635.0","6148","3600.7901490559952","1465202619.0","1464803153","1717004093.0","1740463027","100.0","4.286822363910439","100.0","1687.0",""
"supsy0","18592","1372.0","17220","56.0","1901","4709.329877551957","1394577807.0","1369025321","1611499679.0","1688112874","100.0","6.419683085247211","100.0","311.0",""
"Meremadesings","126407","76553.0","49854","14298.0","5667","4222.489536594989","1412777766.0","1411088327","1756162579.0","1741816879","14.0","0.5934921876394004","100.0","2796.0",""
"bluntymctokems","7280","179.0","7101","1.0","607","4554.812436339179","1743048349.0","1382375629","1743048349.0","1742503844","63.0","4.605530173271434","100.0","305.0",""
"jwinf843","23031","2371.0","20660","64.0","3839","5142.2326507819","1334185188.0","1331622523","1698044329.0","1742512973","100.0","6.025310007774422","100.0","546.0",""
"chuxarino","13048","7777.0","5271","291.0","1545","6249.480886289618","1235424512.0","1235956276","1609088451.0","1587178936","43.0","3.7518801020722936","100.0","449.0",""
"xXSilentSpyXx","72445","9436.0","63009","88.0","4280","4884.358103105497","1356552763.0","1353902885","1718329130.0","1741840468","100.0","3.4476273202668124","100.0","956.0",""
"Hansjibbleforth","5760","2368.0","3392","53.0","762","5154.369755306564","1330844643.0","1330573879","1724193681.0","1742569275","25.0","4.038500064607558","100.0","136.0",""
"Sexualrelations","29355","5841.0","23514","143.0","3432","4906.016590788045","1354258661.0","1352031593","1753505020.0","1742813929","100.0","6.013189956952772","100.0","566.0",""
"confusedsquirrel","121653","12297.0","109356","241.0","7521","5498.375775307732","1303577014.0","1300851760","1755532645.0","1742832239","100.0","4.304108995878215","100.0","667.0",""
"kiloglobin","32272","15636.0","16636","542.0","4748","6751.78070064934","1192494636.0","1192557575","1750860360.0","1742507734","100.0","6.170746868288042","100.0","963.0",""
"Mad_Max_Rockatanski","38934","648.0","38286","34.0","3796","3871.9161586823147","1446561688.0","1441377872","1706115937.0","1742565655","99.0","4.359010919558156","100.0","554.0",""
"losferwords","14238","3533.0","10705","113.0","4081","6422.047068180801","1222183037.0","1221046562","1586971307.0","1592355488","79.0","5.000059367029854","100.0","270.0",""
"Nexgod2","43428","730.0","42698","20.0","1815","5917.4891810021745","1269965413.0","1264640364","1569206165.0","1698358736","100.0","3.937026484394319","100.0","445.0",""
"buShroom","66142","4227.0","61915","101.0","3853","4616.365587611541","1406345355.0","1377057443","1750219029.0","1742672539","100.0","6.073010088465745","100.0","789.0",""
"deweyweber","5592","504.0","5088","75.0","2685","5410.90296592309","1309947425.0","1308409414","1755004800.0","1742819931","100.0","4.979457385186706","100.0","490.0",""
"Coryperkin15","181541","16316.0","165225","252.0","12844","5200.223284792362","1355962082.0","1326612139","1746474855.0","1742766497","100.0","5.68529908341454","100.0","1924.0",""
"RevampedZebra","24436","8873.0","15563","136.0","4689","3772.6267516398952","1450034305.0","1449956480","1750015952.0","1742857563","100.0","5.4788994562362054","100.0","965.0",""
"laybak","39588","28069.0","11519","514.0","3855","4338.897972994121","1420351619.0","1401030647","1755526279.0","1741902173","100.0","4.505492385552252","100.0","1871.0",""
"Agrez3254","2277","98.0","2179","7.0","650","2832.715041923705","1536970049.0","1531164853","1598652120.0","1599917232","100.0","5.464263003635823","100.0","384.0",""
"animus_desit","13134","3064.0","10070","72.0","2735","3875.235986124884","1441566730.0","1441091044","1756009798.0","1742482147","100.0","5.426033489198684","100.0","671.0",""
"BigFang","82294","10931.0","71363","419.0","11381","4446.483816312466","1391734817.0","1391735232","1755964428.0","1742768785","100.0","4.634379623567915","100.0","1356.0",""
"toofooly24","9509","2565.0","6944","395.0","2196","3030.5574795772795","1513276519.0","1514071268","1638234165.0","1639381070","100.0","5.126960529727349","100.0","1257.0",""
"BeastModular","110301","474.0","109827","16.0","11229","4912.407153225497","1380832126.0","1351479457","1593454066.0","1594798555","100.0","4.185985323658942","100.0","1362.0",""
"ImDomina","556394","503255.0","53139","317.0","1514","4412.593108700801","1394651232.0","1394663391","1698786081.0","1698781047","63.0","2.6804522931546084","100.0","1387.0",""
"Franzferdinan51","3428","363.0","3065","92.0","1835","4426.36655196808","1423448203.0","1393473366","1606153125.0","1623436959","100.0","5.753935862392995","100.0","800.0",""
"v3ngi","6425","290.0","6135","58.0","1949","5183.7555628679165","1336870459.0","1328034956","1636650171.0","1636803244","91.0","2.91938819598894","100.0","534.0",""
"BingoRage","6958","336.0","6622","41.0","2011","4558.628964104583","1327400951.0","1382045895","1706429009.0","1707915483","76.0","4.984683594060316","100.0","269.0",""
"redlinezo6","106434","5847.0","100587","210.0","15717","5462.771342314609","1303957635.0","1303927994","1755323466.0","1742613594","100.0","5.168425699892284","100.0","859.0",""
"KoofNoof","131866","103253.0","28613","610.0","4793","4554.596996548695","1380417689.0","1382394258","1620228820.0","1620364137","100.0","4.899232678856602","100.0","1815.0",""
"logicallyillogical","160933","39339.0","121594","253.0","12229","5133.889340519064","1332542823.0","1332343400","1755282051.0","1742709958","100.0","4.123072601098878","100.0","1170.0",""
"MrAlcoholico","56201","36650.0","19551","141.0","1570","3074.147784425034","1514137952.0","1510305071","1643753970.0","1643225306","100.0","4.840171097448728","100.0","711.0",""
"PewPewiShootyou","12824","3233.0","9591","85.0","2353","5026.624286418902","1346560721.0","1341611102","1711580990.0","1741905173","54.0","1.7003129381042468","100.0","958.0",""
"pherilux","8003","1132.0","6871","67.0","1946","5922.527510516006","1266961370.0","1264205064","1619663866.0","1739481986","65.0","5.740918855317393","100.0","143.0",""
"sizzler","28745","4489.0","24256","273.0","5986","6133.355826967778","1259086696.0","1245989498","1646869329.0","1688155384","100.0","6.0613148753247295","100.0","903.0",""
"DnaK","43179","9306.0","33873","220.0","4151","4965.227581295672","1325568419.0","1346915779","1735989133.0","1742416930","100.0","5.501529687851393","100.0","1092.0",""
"joculator","301420","14277.0","287143","2175.0","33359","5674.958988689096","1293503087.0","1285594986","1701869945.0","1701888829","100.0","4.916016888242584","100.0","4575.0",""
"Willdoeswarfair","46682","20919.0","25763","163.0","1937","3109.8289599845257","1507304132.0","1507222221","1752936430.0","1742739033","100.0","5.149173092536392","100.0","741.0",""
"GoCuse","20974","3456.0","17518","75.0","5492","5163.186547291044","1332175999.0","1329812126","1618985857.0","1641935624","67.0","4.867324765940258","100.0","180.0",""
"blukami","8498","1973.0","6525","139.0","1186","3628.4554023830674","1462198493.0","1462412898","1706348788.0","1739796384","100.0","5.293514504707775","100.0","335.0",""
"ky420","95441","28103.0","67338","689.0","25898","6316.401716340369","1216165693.0","1230174337","1755606906.0","1742860768","100.0","3.3978495574954612","100.0","1695.0",""
"Leann_426","11929","4.0","11925","2.0","1796","3519.4510172663768","1471410121.0","1471830878","1542653495.0","1742079429","100.0","5.326670593004283","100.0","382.0",""
"johnnnbockkk","33699","17200.0","16499","147.0","1620","4910.45471595691","1351308442.0","1351648159","1642039387.0","1642395466","100.0","5.582497709584809","100.0","556.0",""
"dinosaur_socks","61781","2864.0","58917","57.0","6190","4628.789444627731","1373425501.0","1375984039","1742442122.0","1742793981","100.0","4.491072032578081","100.0","1321.0",""
"QwertyLime","132665","103538.0","29127","846.0","9520","4207.822610684007","1412342519.0","1412355574","1753669873.0","1742832857","100.0","5.923735582175237","100.0","542.0",""
"eekabug","2725","161.0","2564","18.0","548","4162.427107096089","1431593539.0","1416277746","1610872207.0","1613263349","100.0","5.0857657452782865","100.0","207.0",""
"casualLogic","174880","8024.0","166856","175.0","11731","4477.589914150266","1389286530.0","1389047680","1752780396.0","1742573830","100.0","4.6482122062980356","100.0","1191.0",""
"cyribis","23971","1247.0","22724","13.0","4553","4726.70375155346","1370019383.0","1367524245","1445358476.0","1742846237","75.0","2.4654611596023623","100.0","541.0",""
"slacker1985","39480","266.0","39214","25.0","1574","5534.20874652266","1304633725.0","1297755814","1564371005.0","1572980473","100.0","5.865983001694457","100.0","382.0",""
"JVNoctis","61","40.0","21","16.0","489","4026.296692693297","1456398899.0","1428039416","1619052776.0","1673002391","67.0","5.3622000630443","100.0","407.0",""
"Quantum_Finger","189635","1646.0","187989","33.0","6830","5702.47021883332","1283550146.0","1283218025","1505668611.0","1742681954","100.0","5.0382647043237245","100.0","1037.0",""
"Inaglasscage","230996","7210.0","223786","35.0","9441","3812.906059527894","1540695871.0","1446476369","1662642056.0","1691214838","100.0","6.075084531563083","100.0","1985.0",""
"leftylugnutz","60778","1298.0","59480","72.0","9437","5725.821470515119","1297059211.0","1281200478","1576461145.0","1596245992","100.0","4.206817658563807","100.0","700.0",""
"nietzsche_was_peachy","18575","39.0","18536","13.0","1637","5208.483224956575","1338701680.0","1325898503","1620185318.0","1732536809","100.0","5.005987647960248","100.0","346.0",""
"darksidesar","85820","73.0","85747","30.0","32734","3901.470087799907","1445628406.0","1438824440","1745787750.0","1742854895","100.0","4.933466324821879","100.0","12298.0",""
"pear1jamten","14396","2241.0","12155","141.0","2522","6675.517558728355","1209136668.0","1199146739","1700702750.0","1742859066","77.0","4.632375409144354","100.0","426.0",""
"packofdogs","53512","49431.0","4081","44.0","392","3975.6474079414124","1434983803.0","1432415521","1588282148.0","1588482561","63.0","4.728011603486931","100.0","384.0",""
"BooneBrothers","4431","1857.0","2574","73.0","425","3736.1501118174306","1418701077.0","1453108088","1587715776.0","1586815009","100.0","5.922206570358613","100.0","264.0",""
"ClosetCaseGrowSpace","299660","128990.0","170670","316.0","14622","2994.4554198676874","1517151598.0","1517190510","1753020781.0","1742821007","80.0","2.129485904790579","100.0","2723.0",""
"LoneKharnivore","358240","4940.0","353300","286.0","44722","4913.491896380473","1356970084.0","1351385759","1670730996.0","1671481171","100.0","5.604163065699421","","",""
"mutantscreamy","28268","8249.0","20019","44.0","2542","4445.691671184652","1427925317.0","1391803699","1630771089.0","1631717947","100.0","5.166597588185748","100.0","681.0",""
"Auzy","20174","2918.0","17256","25.0","2769","6267.2969549772115","1331349449.0","1234417003","1587859815.0","1612065850","100.0","4.619656632650987","100.0","604.0",""
"kuukiechristo73","14254","666.0","13588","29.0","2010","4793.963597551725","1478194820.0","1361713007","1729910527.0","1742829467","93.0","3.8460567751722317","100.0","507.0",""
"jak151d","5714","374.0","5340","20.0","990","4641.3808838887735","1399869641.0","1374896154","1618777735.0","1736881843","91.0","4.73562027723965","100.0","300.0",""
"McLovin804","287881","7067.0","280814","437.0","27588","5292.842289886491","1318980292.0","1318609889","1704381439.0","1704398964","100.0","5.823911740031004","100.0","3237.0",""
"Riot_is_Dogshit","847","258.0","589","85.0","2098","4198.291081380662","1413178116.0","1413179115","1601264597.0","1653952664","100.0","5.465802047918011","100.0","593.0",""
"UcDat","28538","6646.0","21892","463.0","6357","4255.599563040035","1411721603.0","1408227663","1689058950.0","1700013192","100.0","5.2655371903237995","100.0","967.0",""
"MonkeysDontEvolve","58347","6023.0","52324","149.0","5203","6026.609129874433","1256170865.0","1255212437","1752414984.0","1742776994","100.0","5.918509062729756","100.0","522.0",""
"LizzardFish","50017","5974.0","44043","155.0","6598","5926.428858852569","1278814120.0","1263868013","1686161443.0","1688165003","100.0","5.711682293475178","100.0","793.0",""
"PM_ME_YOUR_HANDCUFFS","99110","57622.0","41488","548.0","5556","3467.5867008929617","1476406951.0","1476311976","1755884193.0","1742739040","100.0","4.426794019789785","100.0","1710.0",""
"kommie178","16479","4539.0","11940","205.0","2887","5303.30237860904","1322710881.0","1317706142","1685701942.0","1688154398","100.0","5.333508652337885","100.0","727.0",""
"ChristianLS","126109","25100.0","101009","193.0","6024","2922.0739935622914","1523703956.0","1523444275","1755570201.0","1742849454","100.0","3.9098937119038366","100.0","864.0",""
"LTerminus","140827","32139.0","108688","92.0","11009","4839.436350197246","1359243674.0","1357784168","1753374351.0","1742837052","100.0","4.666512171976714","100.0","2471.0",""
"MimiIsBirb","85405","19868.0","65537","411.0","7573","3925.5117971685527","1437063506.0","1436747250","1617468414.0","1624706011","100.0","5.860700476837917","100.0","1512.0",""
"sourboysam","48098","13999.0","34099","278.0","3904","5034.823909845984","1340997294.0","1340902684","1750368933.0","1742857605","100.0","1.8764840454050684","100.0","1296.0",""
"A_Rampaging_Hobo","226148","2660.0","223488","31.0","18233","5118.49459840317","1334625549.0","1333673537","1667038240.0","1667091171","100.0","5.985718735512609","100.0","2218.0",""
"DefinitelyAJew","58753","26146.0","32607","154.0","3352","3547.606873420673","1487884952.0","1469398237","1718706052.0","1722003504","100.0","5.174665417299922","100.0","840.0",""
"GenericEvilDude","48562","1764.0","46798","73.0","4383","5332.783454389362","1324050644.0","1315158981","1751649748.0","1741038736","100.0","5.238291738451871","100.0","661.0",""
"justinmchase","47990","3479.0","44511","124.0","10035","5179.8478834980315","1357329908.0","1328372616","1582839303.0","1583114767","83.0","4.578275202408012","100.0","1393.0",""
"Rotten_BananaMC","14304","5766.0","8538","165.0","1857","3528.5785446785308","1471041897.0","1471042288","1587783185.0","1605901904","100.0","4.234347643144327","100.0","873.0",""
"Theodore_Blunderbuss","79566","51272.0","28294","489.0","1190","5097.259257035567","1342434227.0","1335508275","1749449070.0","1742483755","100.0","5.379515438784667","100.0","342.0",""
"solidrecommendation","1516","473.0","1043","4.0","129","2903.8220288918747","1528396484.0","1525021252","1671562365.0","1740224262","28.0","4.270053030121889","100.0","147.0",""
"Overlord_C","60594","32719.0","27875","231.0","2237","3631.7452757573487","1462229853.0","1462128684","1754850157.0","1740419388","100.0","4.855047510186883","100.0","714.0",""
"Dabearzs","10532","227.0","10305","12.0","713","4936.293708135428","1351714399.0","1349415700","1708413020.0","1742686525","100.0","5.1761166918386525","100.0","235.0",""
"Mr_NeCr0","23156","2810.0","20346","244.0","5627","5172.546029568957","1334250218.0","1329003500","1756163794.0","1742760433","57.0","3.9957448306398544","100.0","617.0",""
"Deganawida33","165996","144739.0","21257","1073.0","8182","3365.436013255859","1486069375.0","1485137806","1728241220.0","1728481310","100.0","4.067966117434528","100.0","2973.0",""
"aspoels","203490","103475.0","100015","1031.0","20125","4091.5507652681126","1422400736.0","1422401492","1750970857.0","1742823542","100.0","5.330714851828002","100.0","3097.0",""
"-Samg381-","38705","11574.0","27131","510.0","5784","3097.7323722840847","1508341641.0","1508267402","1755815068.0","1742754394","100.0","5.335238376375168","100.0","1317.0",""
"TeddyBongwater","53912","4205.0","49707","165.0","15010","3857.4017432293185","1448741849.0","1442631969","1744742709.0","1742786550","100.0","5.071480353971276","100.0","2863.0",""
"IndependentSession","15268","311.0","14957","35.0","2516","5018.312952995521","1342472903.0","1342329241","1664839515.0","1742401100","41.0","4.058426626378606","100.0","788.0",""
"sillygaythrowaway","25996","14800.0","11196","245.0","2364","3094.6839548153926","1508459406.0","1508530787","1753190538.0","1742396143","100.0","5.402466893322414","100.0","1056.0",""
"freethinker78","103582","68840.0","34742","1501.0","15315","3206.3191928394112","1502602529.0","1498885503","1712859704.0","1712884308","100.0","4.969268128841904","100.0","5910.0",""
"etrefal","5216","1469.0","3747","106.0","1256","2937.8584813354414","1521558767.0","1522080509","1748698113.0","1742616624","100.0","5.521538686390359","100.0","714.0",""
"gintoddic","45097","13440.0","31657","266.0","7693","5481.88618463581","1302276501.0","1302276516","1754914859.0","1742739658","100.0","5.397465902832929","100.0","839.0",""
"JAGGGER","6382","2950.0","3432","663.0","1065","5124.462128347802","1333458212.0","1333157955","1752298955.0","1742139727","61.0","3.0936918852384383","100.0","451.0",""
"adescuentechable","382269","170683.0","211586","810.0","17716","4107.502238746145","1422668020.0","1421023290","1708866238.0","1708971841","100.0","4.849508294364945","100.0","2353.0",""
"rarra93","51936","1477.0","50459","31.0","773","4089.7223614181826","1422487397.0","1422559472","1673545529.0","1741900919","75.0","5.350851259646901","100.0","332.0",""
"Rockdaboat07","8147","26.0","8121","9.0","3558","3203.8322414255667","1505252389.0","1499100379","1574287131.0","1694647114","100.0","5.577079114502016","100.0","1264.0",""
"Boatzanhoez","3547","852.0","2695","20.0","737","3895.071251832895","1471966879.0","1439377329","1642233818.0","1679364169","81.0","4.845150639674698","100.0","319.0",""
"LMFA0","513524","445124.0","68400","2808.0","21395","5694.190933251668","1284198660.0","1283933389","1754018446.0","1742793832","100.0","6.299327494332614","100.0","5984.0",""
"alexf2000","8282","5198.0","3084","106.0","1718","7146.729911574512","1158434006.0","1158434022","1649679059.0","1649682736","36.0","2.3071317542472496","100.0","1027.0",""
"AnAdventureCore","46966","15375.0","31591","261.0","2978","5257.85454781742","1321717520.0","1321632854","1752705115.0","1742782542","52.0","4.939357523673113","100.0","159.0",""
"triedmyrealname","2066","785.0","1281","19.0","191","4803.599103256249","1363068386.0","1360880525","1713121351.0","1738419526","27.0","3.5737684336455446","100.0","125.0",""
"malibooyeah","46826","2.0","46824","1.0","6139","5256.349063433207","1443838081.0","1321762929","1443838081.0","1742728507","100.0","5.856200679450135","100.0","1705.0",""
"Mastur_Of_Bait","102434","37179.0","65255","268.0","8749","3244.8932831125458","1496159824.0","1495552709","1695351610.0","1718056671","100.0","5.604146064478824","100.0","1743.0",""
"blvsh","14390","1312.0","13078","143.0","5643","5651.92259542051","1287563563.0","1287585377","1712600584.0","1742842233","100.0","5.744195620069819","100.0","1111.0",""
"meglet","104269","6953.0","97316","359.0","15371","7140.631768331415","1149792839.0","1158960905","1742944495.0","1742827705","100.0","4.223025013653232","100.0","2062.0",""
"iam1whoknocks","140426","14521.0","125905","117.0","10990","4717.880999279908","1367985038.0","1368286572","1748074097.0","1742819793","100.0","3.1538440329567887","100.0","2237.0",""
"UTRuser74","41047","29376.0","11671","134.0","1574","3110.3001043306817","1509833849.0","1507181562","1712534226.0","1715069940","100.0","5.7504738209726","100.0","506.0",""
"MyBawllzAreSaggin","6351","1990.0","4361","18.0","517","4922.3146015429165","1364932397.0","1350623510","1617989756.0","1652702948","59.0","4.4131589188077935","100.0","374.0",""
"ysalih123456","14532","59.0","14473","15.0","2054","2841.445776799826","1538444267.0","1530410577","1607153135.0","1609745882","100.0","5.9381930935366745","100.0","576.0",""
"Waldo_where_am_I","42359","970.0","41389","118.0","4911","4140.4725538159855","1418570954.0","1418174664","1727813374.0","1741122809","100.0","4.816411316370935","100.0","1406.0",""
"icekid","41094","39149.0","1945","397.0","1239","5603.385557505047","1209704683.0","1291778981","1754046493.0","1739334220","63.0","3.3293657252107174","100.0","1722.0",""
"RampantC0re","3310","47.0","3263","8.0","618","4654.163214711354","1399757680.0","1373791792","1542252000.0","1733457928","19.0","4.028946391954607","40.0","46.0",""
"Thementalrapist","118556","66380.0","52176","545.0","10406","5306.095095713878","1317505387.0","1317464878","1745255732.0","1741578271","56.0","3.988472520163111","100.0","503.0",""
"boredON","3318","435.0","2883","26.0","487","4980.443275984537","1345600199.0","1345601196","1736298993.0","1742799389","41.0","3.896603000246728","100.0","198.0",""
"josefykrakowski","59075","53708.0","5367","353.0","1549","2904.742448959119","1524941555.0","1524941748","1613315883.0","1614696009","100.0","6.032500268145761","100.0","859.0",""
"KevinMack25","17262","8936.0","8326","673.0","1680","4550.8351407689","1390920865.0","1382719340","1605080701.0","1737739383","41.0","4.456572630631445","100.0","246.0",""
"yashendra2797","85308","33184.0","52124","379.0","8282","4195.22090208103","1414517560.0","1413444411","1746349736.0","1742829685","100.0","5.706982996451653","100.0","710.0",""
"BillyClinton3000","2945","1313.0","1632","44.0","177","3722.5012442631028","1454321749.0","1454287390","1575835078.0","1574406611","51.0","5.145882212628836","100.0","149.0",""
"whathathgodwrough","19391","600.0","18791","30.0","3654","4888.126968311367","1353702111.0","1353577328","1664362641.0","1732326045","100.0","4.224432133249055","100.0","1908.0",""
"xombae","445456","13597.0","431859","123.0","23037","3548.6790919388195","1469542597.0","1469305625","1755816887.0","1742860600","100.0","5.771221185836645","100.0","1901.0",""
"chanadian","10240","3278.0","6962","318.0","1338","5019.313138023783","1348610019.0","1342242844","1755467398.0","1739397012","42.0","1.5638789483601858","100.0","834.0",""
"Inquisitive_Cretin","45064","6701.0","38363","68.0","2226","3608.8155863446273","1476714228.0","1464109833","1750172109.0","1742253896","100.0","5.2236992610774635","100.0","828.0",""
"Njwest","548642","242276.0","306366","567.0","12645","5060.011992913402","1378748119.0","1338726464","1751900672.0","1742828517","100.0","4.688298836778129","100.0","2233.0",""
"You-Dense","7844","249.0","7595","40.0","1073","4927.419430057222","1350258556.0","1350182462","1575770786.0","1683773245","76.0","4.580336692517262","100.0","296.0",""
"Rimm","142586","6958.0","135628","123.0","16546","5515.7632209577905","1302285951.0","1299349559","1750796297.0","1742467694","100.0","4.283156064526787","100.0","1866.0",""
"tal_i_ban","34789","304.0","34485","24.0","10256","4760.863968896725","1369257442.0","1364572855","1631242826.0","1631858688","86.0","2.1458780079806616","100.0","5760.0",""
"b_lumenkraft","495778","383902.0","111876","1171.0","15069","4388.209241448773","1394998564.0","1396770224","1685100513.0","1694339572","100.0","5.617447552723005","100.0","4273.0",""
"crazyjosh4321","1837","336.0","1501","23.0","301","3193.6249423128697","1501305588.0","1499982308","1729217229.0","1741382330","66.0","4.955605752936168","100.0","218.0",""
"serch54","14087","4615.0","9472","93.0","2535","5569.327390734341","1297939211.0","1294721617","1751296836.0","1742269790","100.0","5.469308423627011","100.0","457.0",""
"x50_Spence","57657","28361.0","29296","535.0","3649","4978.089075495244","1345802108.0","1345804608","1755086147.0","1742322651","100.0","4.928507381357106","100.0","699.0",""
"TarturasVII","7927","194.0","7733","20.0","934","4052.8887350993523","1429878911.0","1425741918","1592571590.0","1608097816","100.0","5.866933107955262","100.0","421.0",""
"lowkey","802","7.0","795","3.0","313","7296.673069563425","1145478874.0","1145478952","1170297774.0","1589905807","3.0","0.43683290323409685","60.0","91.0",""
"easyfeel","165613","6261.0","159352","48.0","19274","4804.866885256861","1425995972.0","1360771007","1682435787.0","1692097729","100.0","4.514026680044296","100.0","2930.0",""
"wslmllr","45721","23530.0","22191","373.0","3884","3772.278107332002","1450021597.0","1449986678","1655574425.0","1659051004","100.0","5.571973397330184","100.0","1068.0",""
"DarbeliMatkapTr","473","132.0","341","60.0","170","3978.211633735371","1429186699.0","1432194023","1731090871.0","1741261560","30.0","3.3295852767221383","100.0","154.0",""
"HELP_MANBABIESGOTME","70844","4257.0","66587","126.0","7728","3696.6519754129263","1456900376.0","1456520778","1604316574.0","1625080891","100.0","5.604992444804607","100.0","1124.0",""
"Uhillbilly","620958","554195.0","66763","19866.0","15695","3689.4294811574314","1457367186.0","1457144802","1588224621.0","1596357832","100.0","3.5866009234448075","100.0","14378.0",""
"shallowandpedantik","149684","3168.0","146516","30.0","8407","2818.773191671355","1533476377.0","1532369506","1628612481.0","1742757672","100.0","5.970295838296701","100.0","2255.0",""
"DuranStar","22017","32.0","21985","5.0","3991","4862.602468786806","1362807790.0","1355782657","1756090870.0","1719964168","68.0","4.712173279609445","100.0","869.0",""
"magicmurph","162269","55303.0","106966","299.0","12835","5770.378552492118","1283826118.0","1277350805","1720755139.0","1727844283","100.0","5.6246100292171635","100.0","1828.0",""
"PokeyPete","14195","181.0","14014","10.0","2138","4805.718801849109","1425576865.0","1360697408","1666742930.0","1742855997","100.0","6.008420741576044","100.0","364.0",""
"StanleyMel","1009","238.0","771","17.0","173","4051.344619355323","1461895963.0","1425875338","1735807417.0","1742789687","27.0","4.3179041662967235","69.0","98.0",""
"Tbone3319","28589","4784.0","23805","75.0","1201","3581.6742322973823","1461081494.0","1466454860","1729023062.0","1740584702","100.0","5.734435143928927","100.0","554.0",""
"Locupleto","23219","9579.0","13640","194.0","4979","5701.900256462787","1290613189.0","1283267332","1678640142.0","1742553863","100.0","5.224558933143216","100.0","733.0",""
"thisimpetus","286647","2852.0","283795","236.0","23358","4855.592230442685","1356385983.0","1356388346","1741136642.0","1742815110","100.0","5.990226614519641","100.0","3519.0",""
"Xixdead3yexix","2352","335.0","2017","41.0","1157","5279.613151414875","1320861362.0","1319752939","1641956502.0","1690406284","22.0","3.6951973669247673","100.0","640.0",""
"-Jim-Lahey","24747","5518.0","19229","141.0","4237","4091.200102538008","1424321514.0","1422431827","1684254322.0","1716236132","100.0","5.210470526616773","100.0","635.0",""
"halfabean","67000","745.0","66255","38.0","8788","5723.432087927213","1282419661.0","1281406984","1677564851.0","1738028035","100.0","4.976996680238603","100.0","1467.0",""
"ploydgrimes","37413","4035.0","33378","87.0","6271","4677.769385857951","1376941439.0","1371752242","1750253848.0","1742822928","100.0","5.463269615879501","100.0","803.0",""
"ZoMgPwNaGe","181834","70241.0","111593","499.0","5993","5446.863165236805","1309312052.0","1305302540","1755621338.0","1742759591","100.0","5.039328253163256","100.0","1051.0",""
"PopcornPlayaa_","120233","47379.0","72854","621.0","5888","3891.563750350649","1438787895.0","1439680410","1601918276.0","1601944208","100.0","5.959266835228524","100.0","2287.0",""
"Cornan_KotW","66396","1958.0","64438","51.0","10286","4804.695365332409","1365748011.0","1360785839","1718679311.0","1742005167","64.0","2.2313179424896195","100.0","1121.0",""
"man_on_campus","9553","4132.0","5421","347.0","1529","5100.912802719733","1334674052.0","1335192653","1755278241.0","1741983959","100.0","4.618709319305298","100.0","724.0",""
"VvVigilante","893","148.0","745","52.0","417","5418.763543377105","1318815276.0","1307730350","1617775472.0","1705723020","29.0","4.200869657116501","70.0","118.0",""
"thepinkanator95","20961","14409.0","6552","747.0","2080","5190.787543212545","1327466012.0","1327427477","1722614283.0","1738987420","61.0","5.097384696587388","100.0","351.0",""
"Whackjob-KSP","198686","10761.0","187925","398.0","17316","4583.853499491469","1379866720.0","1379866579","1752064023.0","1742858716","100.0","4.808685158197168","100.0","2288.0",""
"GGRIDE","4628","4858.0","-230","227.0","816","3103.4888778410077","1507711606.0","1507770083","1578498060.0","1578524908","100.0","5.827088229716377","100.0","806.0",""
"grungebot5000","324713","13784.0","310929","332.0","55189","4804.886385819109","1360735332.0","1360769339","1750345657.0","1742825984","100.0","3.5600414577421824","100.0","8857.0",""
"thamasthedankengine","606236","132254.0","473982","1886.0","43534","4263.260512346308","1408226560.0","1407565815","1710255304.0","1735363657","100.0","2.576180460531093","100.0","14706.0",""
"Swan_Writes","64818","320.0","64498","30.0","8234","6516.565703225671","1223071867.0","1212880247","1632375324.0","1730523080","100.0","3.939476432169535","100.0","1085.0",""
"TheWidowGarrett","52351","103.0","52248","7.0","2021","4142.387735235302","1526645216.0","1418009224","1586826594.0","1599094703","100.0","5.50630360774352","100.0","703.0",""
"your_comments_say","133412","477.0","132935","37.0","5541","3390.4071082241776","1482985051.0","1482980351","1684959811.0","1741469504","100.0","4.2172707046450055","100.0","717.0",""
"rhc212","144","","144","","45","4782.5238275013535","","1362701467","","1590950314","6.0","1.8787753681456003","51.0","59.0",""
"Tobicles","5842","157.0","5685","23.0","1206","6776.311183329733","1211840758.0","1190438240","1676647624.0","1730857198","61.0","5.112139380777485","100.0","223.0",""
"jasonskjonsby","177208","53216.0","123992","663.0","13772","6923.419349061632","1171950905.0","1177728095","1756064657.0","1742345495","100.0","4.47405529273863","100.0","1524.0",""
"Abiding_Lebowski","15189","2347.0","12842","113.0","2878","5108.753533824409","1335368247.0","1334515222","1723424373.0","1723815764","100.0","5.1059942145946895","100.0","471.0",""
"LivingstoneInAfrica","447489","12175.0","435314","278.0","7316","3735.3131635085547","1478985748.0","1453180471","1755658380.0","1742168927","100.0","4.792777381460199","100.0","1940.0",""
"griter34","185846","32413.0","153433","396.0","12387","5085.853760398439","1371177915.0","1336493765","1755383317.0","1742854602","100.0","5.84866853836207","100.0","1111.0",""
"XavYoung","39686","6834.0","32852","51.0","1548","4825.479715277699","1379923242.0","1358990083","1568207636.0","1736382597","100.0","5.399025933120941","100.0","324.0",""
"same_ol_same_ol","10746","83.0","10663","12.0","834","2982.742036714584","1327240123.0","1518202619","1592838897.0","1670787412","56.0","4.175865090441965","100.0","567.0",""
"TwistedBlister","295341","104460.0","190881","728.0","22295","4763.347748923553","1368446709.0","1364358286","1756113063.0","1742847579","100.0","5.628704439737286","100.0","1403.0",""
"darkjungle","204012","20735.0","183277","272.0","22271","5037.421088609063","1348902968.0","1340678350","1713379587.0","1726881973","100.0","5.6211828202694685","100.0","2414.0",""
"Ussurin","15232","95.0","15137","16.0","4163","3635.0430039237162","1468969087.0","1461843817","1737491965.0","1741482610","100.0","5.277842604153079","100.0","1304.0",""
"totlmstr","161327","80490.0","80837","376.0","6170","4977.552829225163","1364317905.0","1345850969","1750984430.0","1740777282","9.0","0.1377422173595576","100.0","1340.0",""
"hikaru_ai","15070","8934.0","6136","238.0","2332","4070.7658332177666","1427748938.0","1424197366","1748925202.0","1742857044","100.0","5.662592432352488","100.0","485.0",""
"DurinsFolk","18595","3139.0","15456","82.0","1665","4819.573178174062","1359525734.0","1359500412","1754929295.0","1734478102","100.0","6.3971909300622105","100.0","517.0",""
"amazingbluedart","6332","1598.0","4734","52.0","1611","5739.835779983043","1279989652.0","1279989724","1743513805.0","1742570058","35.0","4.0641021971233435","100.0","123.0",""
"Furryrodian","27166","2815.0","24351","102.0","3297","3666.850277046528","1471827710.0","1459095672","1738016827.0","1742764152","89.0","3.1436515296381446","100.0","1027.0",""
"adad95","10489","2846.0","7643","111.0","1827","5527.775098776017","1302747789.0","1298311768","1747876166.0","1739295218","100.0","4.195217018021545","100.0","667.0",""
"GoldStandardWhey","17699","4905.0","12794","116.0","2275","3494.7835545194425","1482244226.0","1473962238","1726588884.0","1742691383","100.0","4.970298365936161","100.0","689.0",""
"mintsthefox","63380","14068.0","49312","230.0","5940","3544.9892566226035","1469625082.0","1469624467","1623603961.0","1625081681","100.0","4.932669793473796","100.0","1597.0",""
"qndk","36181","24911.0","11270","67.0","554","3604.0070063541552","1459507415.0","1464525334","1653239823.0","1679367809","100.0","5.036611012673927","100.0","411.0",""
"thecarolinelinnae","134424","42876.0","91548","646.0","11014","5473.60356413485","1304018152.0","1302992192","1755480175.0","1742848941","100.0","6.102457451362557","100.0","904.0",""
"the_butthole_theif","45444","21943.0","23501","144.0","2159","4759.991985104735","1364775395.0","1364648233","1754576756.0","1742250461","97.0","5.8052729467817485","100.0","382.0",""
"steve0suprem0","144895","7911.0","136984","281.0","21488","5590.194190856745","1297397796.0","1292918763","1755535693.0","1742851267","100.0","6.105078483783006","100.0","1230.0",""
"jujumber","151614","27070.0","124544","79.0","18275","5796.6974498766085","1277814803.0","1275076882","1741137466.0","1742820695","100.0","4.934153694191221","100.0","1573.0",""
"konjurtek","1026","20.0","1006","10.0","455","3555.8227746925336","1485313519.0","1468688458","1586372018.0","1683602596","86.0","5.157240184101566","100.0","443.0",""
"master_sauce","11695","2293.0","9402","14.0","745","2829.5232471479726","1582037705.0","1531440738","1672553487.0","1705756446","52.0","4.120246388856871","100.0","469.0",""
"jeremyosborne81","152962","8487.0","144475","709.0","16114","5700.406900024698","1289536679.0","1283396391","1689180153.0","1694205983","100.0","4.916097855663982","100.0","1701.0",""
"Kaekru","146882","36440.0","110442","106.0","7296","4537.24365423405","1384627686.0","1383893696","1662039103.0","1702152590","100.0","5.680263162059802","100.0","1082.0",""
"mike18cm","23018","1873.0","21145","94.0","3924","3323.6417974150927","1497131727.0","1488748897","1737260971.0","1740609263","100.0","4.983421327465761","100.0","1011.0",""
"marcomc2","25534","86.0","25448","10.0","2780","4133.6824289625","1419981702.0","1418761387","1718243735.0","1742748058","34.0","2.74751219122634","100.0","379.0",""
"oversettDenee","177867","20848.0","157019","506.0","11047","3903.4263940418155","1438725248.0","1438655510","1745520094.0","1742832557","100.0","4.87336497681143","100.0","1893.0",""
"THCBomb88","10876","5839.0","5037","72.0","1168","3383.975127294549","1484249898.0","1483536100","1750866475.0","1742836412","92.0","5.510197873118494","100.0","325.0",""
"YossaRedMage","29501","3913.0","25588","104.0","4355","3054.8201006953473","1513096590.0","1511975096","1735582362.0","1735586491","73.0","2.833012146544042","100.0","1517.0",""
"lqwwssd","662","77.0","585","23.0","211","4213.501265305487","1413122369.0","1411865044","1627282923.0","1628083929","44.0","4.451093628435014","100.0","272.0",""
"Fredselfish","166994","22983.0","144011","386.0","15935","4876.36550037331","1362868794.0","1354593575","1686193729.0","1686402399","100.0","5.867368704485056","100.0","2667.0",""
"bamb00zled","82604","17516.0","65088","404.0","4782","5398.633273072952","1310168797.0","1309469640","1748529581.0","1686240324","100.0","6.281438736231307","100.0","347.0",""
"Revan343","139168","1462.0","137706","36.0","17546","5554.372724433613","1362889142.0","1296013752","1682791025.0","1687123828","100.0","5.992306992859812","100.0","1591.0",""
"evesea","46718","925.0","45793","40.0","6560","5276.272340021051","1335583974.0","1320041626","1551304659.0","1592071352","100.0","4.8723348668050415","100.0","1110.0",""
"Asteroth555","488601","29162.0","459439","470.0","29265","3864.839857450301","1443499896.0","1441989393","1753815358.0","1742839097","100.0","3.322605675337787","100.0","4666.0",""
"andhowsherbush","77282","1844.0","75438","65.0","4153","3889.1476420021745","1441442021.0","1439889201","1754427704.0","1741958303","100.0","5.530928049550371","100.0","493.0",""
"Silencedlemon","38548","2354.0","36194","237.0","5094","5145.554951711747","1332045536.0","1331335610","1755451972.0","1742477111","100.0","5.600570244215673","100.0","1028.0",""
"Seryth","10806","1644.0","9162","138.0","1693","5358.119749933785","1320333443.0","1312970012","1673797182.0","1740600009","64.0","5.034542454275961","100.0","371.0",""
"Fallout","58991","20428.0","38563","353.0","5174","6646.86686318955","1202413003.0","1201622262","1731082404.0","1741830646","100.0","3.5426399527568586","100.0","936.0",""
"Dgpo22","2997","107.0","2890","4.0","601","4559.837680387881","1391100186.0","1381941584","1479739640.0","1720005981","55.0","4.404885077202566","100.0","290.0",""
"justhad2login2reply","82075","234.0","81841","18.0","6697","5367.062976031469","1320009725.0","1312197319","1753162408.0","1741019777","100.0","4.386833460784022","100.0","1993.0",""
"Deluxe_Used_Douche","43886","11467.0","32419","69.0","4725","3618.810644569201","1467579566.0","1463246321","1719029280.0","1742416921","100.0","3.737657816560428","100.0","1086.0",""
"jay_owo","10939","5179.0","5760","145.0","718","2636.9223797174186","1547428369.0","1548081468","1653656016.0","1658449761","100.0","5.200239811165471","100.0","640.0",""
"needsakoreangf","57813","9057.0","48756","253.0","5524","4355.43406412006","1400423375.0","1399602059","1737547583.0","1738278442","85.0","3.553405856564055","100.0","846.0",""
"billiarddaddy","278541","70433.0","208108","918.0","36132","5504.3813851202085","1301717961.0","1300333011","1746537419.0","1742849438","100.0","5.152764911277884","100.0","2631.0",""
"FLX_NewYork","190308","173788.0","16520","1085.0","2119","2957.719216221204","1524066503.0","1520364623","1721684658.0","1721621740","100.0","3.9983625374233647","100.0","1891.0",""
"bobdole776","110702","4517.0","106185","135.0","13234","4468.418879157826","1402894701.0","1389840173","1603380014.0","1603611208","100.0","5.80537384992483","100.0","2425.0",""
"RedBuffalo1427","13043","638.0","12405","22.0","1208","4313.845518043497","1402707097.0","1403195312","1658864583.0","1741626528","19.0","1.297982821466329","100.0","366.0",""
"blekkja","231081","21707.0","209374","694.0","36047","5271.200246879362","1326230042.0","1320479864","1680203021.0","1681841862","100.0","3.298676031229041","100.0","10855.0",""
"the_surfing_unicorn","43850","12647.0","31203","60.0","2590","4981.583253484432","1345502480.0","1345502773","1743774990.0","1742746466","100.0","4.751030663269267","100.0","373.0",""
"jimicapone","21855","2434.0","19421","71.0","3271","5173.34503114354","1342051202.0","1328934556","1741744447.0","1742692769","100.0","5.029341785371676","100.0","426.0",""
"justarandyguy","12704","952.0","11752","147.0","4245","3417.6828383521874","1480621393.0","1480623770","1708311536.0","1742651058","100.0","4.863885437798201","100.0","1541.0",""
"covok48","258939","30.0","258909","6.0","21722","3706.2703103477534","1461261934.0","1455689813","1596941831.0","1627657663","100.0","4.219431317484214","100.0","4685.0",""
"andrewsad1","270689","21930.0","248759","1276.0","29296","5143.274900095416","1328216893.0","1331532617","1755987054.0","1742819441","100.0","5.924047822355511","100.0","2658.0",""
"joeality","25038","7524.0","17514","129.0","1943","5061.845045249605","1337362178.0","1338568157","1597987295.0","1738442755","100.0","5.640684158954164","100.0","649.0",""
"Cadaverlanche","165582","5176.0","160406","126.0","17745","5319.694115330348","1316253385.0","1316289998","1594977687.0","1637535284","100.0","4.823721708437409","100.0","1900.0",""
"wolfeerine","161282","121435.0","39847","296.0","3849","4006.578195701912","1429722744.0","1429743214","1752181768.0","1742853916","100.0","4.2680024739110705","100.0","1080.0",""
"absenthecon","31099","21004.0","10095","123.0","1170","3300.1317902962974","1492996656.0","1490780184","1755032955.0","1730669305","100.0","6.354219751767715","100.0","628.0",""
"cmdr_cyberphobic","5192","204.0","4988","8.0","270","3377.9750607639717","1502708627.0","1484054526","1580839688.0","1685430501","48.0","4.818398219959084","100.0","196.0",""
"ToFat4Fun","26029","9641.0","16388","86.0","2352","2595.7907851493746","1551640041.0","1551635248","1741240361.0","1742813743","100.0","4.078042683179186","100.0","827.0",""
"TheMightyWaffle","45071","3125.0","41946","66.0","9128","4263.543350172338","1413542583.0","1407541427","1599678895.0","1636365860","100.0","5.496162023426123","100.0","2259.0",""
"zoopi4","17881","6211.0","11670","161.0","1695","3263.820531817037","1490398750.0","1493917479","1741943001.0","1742497842","71.0","3.7220031488925365","100.0","758.0",""
"CostcoMuffins","10389","3238.0","7151","155.0","1389","5717.271938102013","1283510394.0","1281939278","1751841343.0","1737330333","21.0","2.9620515175107984","100.0","292.0",""
"Darkwratheon","8301","2434.0","5867","56.0","1437","3417.342720852036","1482782291.0","1480653163","1583718566.0","1589856544","100.0","5.228100607780977","100.0","764.0",""
"kisaveoz","36630","7077.0","29553","285.0","6111","6286.603838369107","1236575268.0","1232749003","1634965853.0","1635250695","100.0","6.003872799459848","100.0","1588.0",""
"Ikillesuper","98010","1967.0","96043","120.0","13959","4924.492363188694","1357801773.0","1350435435","1595188858.0","1600873928","100.0","6.318198122975639","100.0","3208.0",""
"lukesvader","117450","5329.0","112121","150.0","15766","3879.0123966172446","1440778791.0","1440764906","1654017030.0","1658841124","100.0","6.0674800200515495","100.0","3037.0",""
"Fuzzy_Dice1","9377","2440.0","6937","19.0","905","3984.3582830131577","1428773492.0","1431663022","1646860140.0","1676869305","100.0","6.006259536528033","100.0","357.0",""
"elkaki123","14107","3951.0","10156","94.0","1326","3551.324323416587","1478407120.0","1469077157","1728604315.0","1742852369","100.0","5.798763958766967","100.0","410.0",""
"PlayingWitHouseMoney","1192","58.0","1134","5.0","298","2602.4366128835773","1557730487.0","1551061056","1571637878.0","1577937130","14.0","0.963955369415058","100.0","383.0",""
"NinjaSupplyCompany","165202","35713.0","129489","746.0","22962","5908.696365199075","1265923997.0","1265400214","1706906966.0","1708632341","100.0","5.704079024046594","100.0","1740.0",""
"SirWaddlezAlot","114930","78272.0","36658","770.0","2279","3517.289973076375","1472672997.0","1472017728","1670791363.0","1688264257","100.0","5.737586274552434","100.0","1019.0",""
"Saucy_Salmon","5580","2364.0","3216","215.0","1397","2876.832269763207","1527171005.0","1527353275","1650452224.0","1643248603","100.0","6.157163914191694","100.0","609.0",""
"DrMaxCoytus","562269","17904.0","544365","187.0","18045","3833.7851240645045","1453301070.0","1444672549","1654904729.0","1656023697","100.0","5.975882582924991","100.0","4367.0",""
"SSFW3925","10642","1.0","10641","1.0","2463","2986.7206523477093","1518720271.0","1517858921","1518720271.0","1706905897","43.0","3.9650829090226782","100.0","981.0",""
"SayYesToSarcasm","7437","1911.0","5526","17.0","536","3867.8000110708203","1447797052.0","1441733665","1563135685.0","1591078047","100.0","5.342245236959634","100.0","339.0",""
"Eric-Cartman_99","3829","112.0","3717","9.0","362","2868.1015907967035","1530370187.0","1528107609","1586690457.0","1627780678","58.0","2.915206837401337","100.0","390.0",""
"jake831","125387","4924.0","120463","142.0","8843","3574.392008544074","1467075134.0","1467084119","1754625839.0","1742848528","100.0","4.832296856409879","100.0","1032.0",""
"nodice182","24091","5480.0","18611","108.0","3703","6131.02339648773","1259737123.0","1246191168","1750063822.0","1737946181","65.0","4.779957466780858","100.0","285.0",""
"BloodySteel","29007","2615.0","26392","26.0","3538","4131.01622691713","1441450964.0","1418991788","1603175495.0","1643251972","100.0","4.92170959943307","100.0","856.0",""
"versace_tombstone","127363","779.0","126584","14.0","15883","3168.3559557232065","1519107951.0","1502165636","1666139489.0","1708226169","100.0","6.12452899111819","100.0","1597.0",""
"avacado_of_the_devil","90608","11953.0","78655","78.0","11422","3577.3591799638198","1467128945.0","1466827758","1670597042.0","1686952533","100.0","5.682504903370169","100.0","4266.0",""
"stickmaster_flex","51406","16801.0","34605","231.0","3178","5293.6807261846625","1319986219.0","1318537577","1748134864.0","1742835312","100.0","5.832372004303652","100.0","720.0",""
"SalmonBrah","4648","169.0","4479","19.0","273","4344.785883678982","1408377313.0","1400522093","1744050000.0","1741756026","24.0","3.1552719537972047","100.0","170.0",""
"Strikercharge","185237","29956.0","155281","694.0","7866","4705.430233407973","1373336881.0","1369362422","1755441809.0","1742851006","100.0","6.128945777101961","100.0","1455.0",""
"kellehertexas","20905","542.0","20363","21.0","1520","4973.848306304396","1410986085.0","1346171101","1748789101.0","1742309614","100.0","6.2725213333053205","100.0","313.0",""
"wahoosjw","17995","2355.0","15640","127.0","2949","4192.409979238588","1413414846.0","1413687373","1676912549.0","1737702377","100.0","4.257974279845666","100.0","1054.0",""
"vnut08","79779","22790.0","56989","220.0","8173","5051.808123046295","1341450294.0","1339435375","1680647479.0","1742697289","100.0","3.09933098240998","100.0","1158.0",""
"StarManOfAtmora","51801","17476.0","34325","235.0","3379","2942.0635228568067","1521061672.0","1521717309","1667161922.0","1669793487","100.0","4.760905808101128","100.0","1380.0",""
"LaGardie","19025","220.0","18805","16.0","4715","4574.552306285001","1382790409.0","1380670279","1735226844.0","1742830589","100.0","5.682558727577341","100.0","805.0",""
"justinbeatdown","32277","12384.0","19893","667.0","6553","4970.14089983699","1348021769.0","1346491425","1711016419.0","1713666800","100.0","5.459299007987816","100.0","1786.0",""
"jcsatan","77078","9361.0","67717","84.0","6504","4238.450778130036","1413131414.0","1409709452","1747444782.0","1741903946","100.0","4.707794635055249","100.0","1346.0",""
"Fightingrooster","123122","84126.0","38996","540.0","4584","4138.122418131607","1418377746.0","1418377824","1685839974.0","1737715825","100.0","3.500155116608246","100.0","2120.0",""
"kelptastic_1","34420","1855.0","32565","26.0","3370","2949.570954482326","1522407667.0","1521068671","1748863980.0","1742071951","52.0","1.8410024470663862","100.0","1199.0",""
"NEPXDer","59227","921.0","58306","15.0","18884","5232.6071068092","1341248715.0","1323814348","1753309622.0","1742593437","100.0","4.700602134763862","100.0","2309.0",""
"Palin_Sees_Russia","293369","18135.0","275234","228.0","34280","5697.285840204121","1283546945.0","1283666106","1652928710.0","1654387304","100.0","5.601673828262886","100.0","6203.0",""
"Lumyai","87064","61168.0","25896","2587.0","6133","2739.3689486631474","1552833790.0","1539230126","1602583776.0","1603569911","81.0","2.078152609048647","100.0","6074.0",""
"mR_D00DLES","6196","5952.0","244","117.0","112","3087.602855264583","1536467808.0","1509142717","1587210410.0","1587130384","49.0","4.3559718319417575","100.0","289.0",""
"zanotam","168505","25368.0","143137","7445.0","43241","5688.637860818056","1306218391.0","1284413293","1755987536.0","1742859111","100.0","4.79161838975145","100.0","3728.0",""
"Lauflouya","18453","243.0","18210","2.0","1354","3134.3246390632735","1521814608.0","1505105956","1572402690.0","1742590101","100.0","6.110083532247614","100.0","552.0",""
"an0nym0us3hat","77955","59150.0","18805","32.0","482","2903.0060343095247","1526428112.0","1525091884","1586800838.0","1587684452","100.0","5.816440648709984","100.0","346.0",""
"MPT1313","167248","30254.0","136994","149.0","5431","4355.70896851581","1400608216.0","1399578351","1755252530.0","1707512403","100.0","6.311837928409073","100.0","1216.0",""
"jotarowinkey","26175","4764.0","21411","392.0","5922","5092.05712339353","1335960823.0","1335957871","1756055241.0","1742856457","100.0","4.97074236238789","100.0","1384.0",""
"exuvial","6307","3126.0","3181","79.0","470","3241.575740500923","1493932214.0","1495839463","1591041768.0","1591419113","100.0","5.533974861884513","100.0","411.0",""
"quikmcmuffins","12266","4077.0","8189","100.0","1681","5137.41939223875","1332348291.0","1332038572","1755229429.0","1624386272","100.0","5.376658250392651","100.0","526.0",""
"Von32","23764","8064.0","15700","345.0","3802","5695.331227388379","1283831784.0","1283834990","1744701678.0","1740268729","100.0","6.378121243708856","100.0","690.0",""
"JRPGpro","25011","6298.0","18713","434.0","6641","4664.5379018712265","1373857924.0","1372895534","1584256234.0","1585299334","100.0","5.867968166835675","100.0","764.0",""
"theganjaoctopus","308433","44174.0","264259","172.0","11957","4346.393336522963","1455894262.0","1400383225","1755921230.0","1742752131","100.0","5.645771800596119","100.0","1060.0",""
"Roc_City","375078","51576.0","323502","308.0","6323","4838.401942521298","1359316278.0","1357873682","1753748158.0","1742810703","100.0","4.5387470807742485","100.0","1369.0",""
"RepentTheSin","2724","299.0","2425","28.0","705","2874.457899696228","1524759568.0","1527558448","1719095373.0","1738035504","100.0","4.948567014683104","100.0","441.0",""
"mandalayt","28068","26237.0","1831","501.0","371","5214.52510531596","1330098314.0","1325376642","1699349589.0","1730873666","50.0","4.210162778174966","100.0","224.0",""
"brettbri5694","86637","44409.0","42228","349.0","6498","5589.085922036295","1309724901.0","1293014588","1634212676.0","1635338165","100.0","5.989871935150413","100.0","2537.0",""
"CalvinMcManus","33600","588.0","33012","14.0","2096","3823.4447360629506","1446099077.0","1445565987","1661355984.0","1661376167","49.0","3.0666323058910883","100.0","686.0",""
"MrMolester","92014","36709.0","55305","234.0","8008","4310.402208709435","1416289374.0","1403492863","1754039291.0","1742669551","100.0","5.552990743715362","100.0","886.0",""
"therealkeeper","90241","28625.0","61616","85.0","4230","5345.567230891632","1318366985.0","1314054606","1745829596.0","1742804554","100.0","4.929541685195204","100.0","755.0",""
"CC_Panadero","235515","62580.0","172935","74.0","10189","2725.491739919699","1548968552.0","1540429129","1748647633.0","1742834275","100.0","6.04488285580978","100.0","1796.0",""
"chadwickofwv","38169","594.0","37575","20.0","9528","6108.469362097523","1253227489.0","1248139863","1592944809.0","1595277914","62.0","3.044163757904178","100.0","1787.0",""
"lostnspace2","50807","21908.0","28899","139.0","7607","3374.1858734866314","1501323797.0","1484381957","1697924331.0","1698134223","100.0","5.263083489948285","100.0","928.0",""
"Delision","214291","74114.0","140177","339.0","5271","4482.621690211216","1388611576.0","1388613103","1727821768.0","1733927482","100.0","5.424053355947622","100.0","724.0",""
"DanKekington","2174","581.0","1593","11.0","475","3917.373768567432","1439174291.0","1437450524","1580615495.0","1574186437","46.0","4.344821824913758","100.0","200.0",""
"Lumaexid","8278","6342.0","1936","291.0","2707","5829.449967058378","1272240073.0","1272247141","1750216638.0","1742838129","100.0","4.375215777908968","100.0","1347.0",""
"mlg_dog420","63434","26350.0","37084","282.0","6081","2972.7589781445954","1537947421.0","1519065243","1678869611.0","1741601960","100.0","5.332806534837904","100.0","3431.0",""
"goldenguyz","115802","52272.0","63530","665.0","7632","5291.746901180462","1319415913.0","1318704687","1678110097.0","1681625152","100.0","5.1747338487098835","100.0","1062.0",""
"AcrylicPaintSet2nd","68489","10559.0","57930","91.0","2537","2685.286200963507","1556927496.0","1543902892","1752308910.0","1742647680","100.0","4.307810658242944","100.0","907.0",""
"NEWNHLISLAME","9619","247.0","9372","6.0","3832","6249.630212024467","1302241561.0","1235943570","1553849860.0","1575158663","67.0","4.317571238007527","100.0","848.0",""
"charbo187","148007","37577.0","110430","1466.0","32214","6948.320799804989","1195692258.0","1175576704","1755555887.0","1742850784","100.0","5.126921941108563","100.0","2388.0",""
"Andrewhd","45200","4578.0","40622","73.0","5023","4583.027936564085","1385403773.0","1379938008","1690343846.0","1724079333","100.0","4.708193678082135","100.0","617.0",""
"garrett127","12014","343.0","11671","36.0","869","4735.755813072059","1371596298.0","1366742320","1707748688.0","1741027072","33.0","4.052038017450964","100.0","164.0",""
"Abeduler","3625","333.0","3292","14.0","1109","2934.830067483529","1525528141.0","1522342305","1661221667.0","1674908101","55.0","3.508800220642582","100.0","582.0",""
"Lets_Do_This_","57200","107.0","57093","11.0","7775","5144.1279010210765","1324867510.0","1331458973","1732111648.0","1742855700","100.0","6.274484952520917","100.0","2358.0",""
"optimistically_eyed","96245","3631.0","92614","103.0","13384","2950.003347204918","1521928335.0","1521031335","1752761402.0","1742766282","100.0","1.7861190686853217","100.0","5723.0",""
"MidWest_Surfer","150143","6968.0","143175","195.0","24815","3995.4248236138897","1433714787.0","1430706920","1755382233.0","1742323428","100.0","2.1099100646590507","100.0","8280.0",""
"bxk21","23461","8282.0","15179","68.0","1665","5249.546299732071","1322616917.0","1322350825","1748473324.0","1741969340","100.0","5.883573680390989","100.0","450.0",""
"Unvolta","4253","1708.0","2545","88.0","1157","4513.864824355996","1414033948.0","1385913705","1743566803.0","1739577505","100.0","5.318820160953886","100.0","656.0",""
"shamelessfool","48999","5985.0","43014","67.0","3112","4437.077933451318","1414282545.0","1392548094","1702075576.0","1742852491","100.0","3.0100005576758924","100.0","1126.0",""
"NinjaGrandma","163876","6178.0","157698","47.0","8928","5194.431377699075","1328838009.0","1327112758","1638780627.0","1733946074","100.0","6.200523583028876","100.0","1489.0",""
"j5txyz","20841","294.0","20547","10.0","2370","2605.4904356597226","1548092697.0","1550797256","1654663252.0","1699973997","85.0","4.437566732667659","100.0","787.0",""
"Krellick","178527","1153.0","177374","37.0","10284","4264.330140829898","1408170190.0","1407473506","1622837042.0","1638774660","100.0","5.787210526746671","100.0","2308.0",""
"Livinglifeform","106169","11531.0","94638","557.0","23326","4160.613295303332","1428437550.0","1416434642","1752190239.0","1742834741","100.0","4.977506774683532","100.0","2359.0",""
"MagicSandwich27","53438","14774.0","38664","184.0","2752","5136.348985208135","1331428940.0","1332131079","1644592919.0","1742564323","100.0","4.751550014381572","100.0","330.0",""
"thegreendutch","26514","16452.0","10062","474.0","3401","4223.015554124305","1411423116.0","1411043088","1726982011.0","1726981709","53.0","3.0483154962153978","100.0","1145.0",""
"AkLoken","3968","199.0","3769","26.0","622","5225.650506614747","1337826398.0","1324415429","1599589513.0","1639526199","64.0","4.619730871108947","100.0","354.0",""
"lvav68","5439","62.0","5377","24.0","3265","4281.341913326899","1425958862.0","1406003692","1750867751.0","1742822529","100.0","4.755046976219155","100.0","909.0",""
"TunkaTun","43339","18951.0","24388","122.0","3909","4614.711064057444","1405495058.0","1377200598","1680495207.0","1707196727","100.0","4.075033861589484","100.0","604.0",""
"tkltangent","13626","1730.0","11896","66.0","2720","6919.376604461204","1274763648.0","1178077496","1748718827.0","1741568035","57.0","4.449500009831146","100.0","264.0",""
"OOrochi","18342","490.0","17852","32.0","3826","5502.326043517073","1300644829.0","1300510665","1645298479.0","1742754507","73.0","2.837841343928928","100.0","988.0",""
"AmericanConrad","4460","406.0","4054","13.0","464","2649.641223582653","1548259999.0","1546982634","1576294398.0","1577930804","73.0","4.664500187195442","100.0","429.0",""
"Youreridiculous","32882","23533.0","9349","251.0","1293","3527.660281045059","1473164253.0","1471121788","1756161313.0","1742484115","100.0","5.757703539240738","100.0","414.0",""
"JedidiahSky","13309","2070.0","11239","29.0","1455","4557.829419436704","1446658619.0","1382115175","1615324343.0","1624941493","100.0","5.904754136651448","100.0","576.0",""
"egotisticalnoob","506777","20650.0","486127","195.0","20470","3993.1960000378585","1406081848.0","1430899503","1646706644.0","1648492695","100.0","5.710510564484733","100.0","2660.0",""
"Based_JuiceBox","28410","7892.0","20518","100.0","2581","4338.34212154447","1401062747.0","1401078879","1720117008.0","1720727481","100.0","5.792570234910563","100.0","568.0",""
"financially","3055","100.0","2955","10.0","529","4468.277208848529","1404890844.0","1389852488","1542727559.0","1742377600","11.0","2.494911211162934","55.0","74.0",""
"mojobytes","128955","4093.0","124862","108.0","16686","5974.10478495918","1264714387.0","1259748986","1751323189.0","1742745997","100.0","4.714177952393482","100.0","1389.0",""
"PM_ME_YOUR_BAN_NAME","409521","331466.0","78055","800.0","8174","2956.5315854471755","1520607234.0","1520467311","1614661714.0","1614743986","100.0","5.908431496449117","100.0","3141.0",""
"are_you_nucking_futs","228578","2883.0","225695","88.0","17928","4134.714161374097","1418681899.0","1418672337","1714892331.0","1719733712","100.0","5.266035559937372","100.0","1886.0",""
"BoxNemo","212004","36073.0","175931","172.0","17254","3636.8552906227083","1461760030.0","1461687344","1755861556.0","1742821884","100.0","4.221592967501757","100.0","2318.0",""
"Samic_OWillie","184253","4822.0","179431","134.0","18623","4682.070462001044","1395071680.0","1371380754","1596811460.0","1625081424","100.0","5.8031687091408966","100.0","7102.0",""
"neoj8888","53004","419.0","52585","6.0","6006","4660.532875758829","1376727350.0","1373241602","1416315745.0","1631491898","100.0","5.035784427817069","100.0","1219.0",""
"Nataschrist","22542","2744.0","19798","103.0","7458","3579.9130013634376","1501426723.0","1466607160","1683475862.0","1684031803","100.0","4.173034148970508","100.0","3136.0",""
"Motorsagmannen","111301","27522.0","83779","472.0","9168","5253.906294973981","1327081177.0","1321974140","1753650244.0","1742741234","100.0","4.419922105049163","100.0","1061.0",""
"XxBigPeepee69xX","22484","6817.0","15667","162.0","2545","2701.4010586824406","1542842721.0","1542510593","1606586555.0","1605632039","100.0","3.9945690439955","100.0","1239.0",""
"YoStephen","225292","10832.0","214460","382.0","30107","4349.437491484662","1400119157.0","1400120246","1666929506.0","1673327054","100.0","5.430349120192884","100.0","5448.0",""
"f0rgotten","202082","100332.0","101750","1168.0","20876","4488.573574828197","1388088671.0","1388098889","1755878973.0","1742839789","100.0","4.239097172618328","100.0","4293.0",""
"hstarbird11","136445","73512.0","62933","467.0","5287","5324.617713971306","1315865274.0","1315864676","1722185327.0","1741227375","100.0","5.874638134349912","100.0","692.0",""
"Enzemo","92613","30140.0","62473","335.0","7938","5390.571146918508","1321921974.0","1310166300","1754233069.0","1742823102","100.0","5.020740459605193","100.0","714.0",""
"stella_r","2311","513.0","1798","12.0","248","5470.389057982914","1305837299.0","1303270033","1582488503.0","1693061309","63.0","5.409331667854491","100.0","205.0",""
"greentangent","250643","97530.0","153113","123.0","12865","6782.011101379665","1221089923.0","1189945889","1745181722.0","1742855806","100.0","4.397033186767126","100.0","1182.0",""
"Mecha_Derp","134521","8696.0","125825","92.0","12735","5405.8723928373165","1312640927.0","1308844274","1701050998.0","1701344289","100.0","4.117428353794064","100.0","1037.0",""
"dregan","255991","20872.0","235119","340.0","28982","6773.71514328068","1202945125.0","1190662662","1755123013.0","1742849183","100.0","5.658572230319163","100.0","2270.0",""
"Orangecup05","22741","8395.0","14346","123.0","3715","2987.4884744326855","1517791458.0","1517792648","1587918359.0","1590077684","100.0","5.2621867861075415","100.0","1474.0",""
"Moerdac","78015","451.0","77564","35.0","8948","4089.7477860950926","1423156616.0","1422557444","1689342615.0","1691341994","100.0","5.437922054630044","100.0","1464.0",""
"OkGJesus","11370","6512.0","4858","135.0","1117","4818.703266761979","1359565474.0","1359575691","1669185385.0","1737474188","84.0","4.718845131716083","100.0","386.0",""
"Vikko","55749","47537.0","8212","680.0","2540","6219.367531731656","1238557944.0","1238558299","1686866644.0","1687816240","100.0","5.7007914130461455","100.0","520.0",""
"gregorianballsacks","79739","","79739","","6470","2539.5509211110875","","1556494455","","1671094492","100.0","5.183948297155769","100.0","975.0",""
"StopWhiningPlz","40198","15649.0","24549","245.0","6456","4010.444516210059","1515003460.0","1429409249","1739036952.0","1739854067","100.0","5.909287275950335","100.0","1425.0",""
"kvothe1956","16788","8511.0","8277","463.0","1623","3919.3423465469564","1437279927.0","1437280477","1588261340.0","1596389481","100.0","4.963266654172894","100.0","993.0",""
"glugglug","22668","9285.0","13383","468.0","5564","6412.681362653645","1221783231.0","1221855987","1619084764.0","1600301413","100.0","1.4808282717263364","100.0","922.0",""
"Spazsquatch","55325","1905.0","53420","185.0","10906","6637.378719139734","1204677784.0","1202442136","1681430985.0","1707241168","100.0","5.804619809051212","100.0","760.0",""
"Eren189","286513","198358.0","88155","504.0","5278","3584.291598732187","1466794757.0","1466228864","1743085327.0","1739397999","100.0","4.965941662879732","100.0","1366.0",""
"and_yet_he_complains","31335","6828.0","24507","66.0","863","3368.572323649537","1496846476.0","1484867011","1679774813.0","1681832423","100.0","5.2752659882910535","100.0","311.0",""
"DingDongDideliDanger","112561","31033.0","81528","164.0","7426","3127.9390432905543","1502330703.0","1505657727","1684447834.0","1741691464","100.0","5.388736980854262","100.0","1423.0",""
"AmbivalentX","30395","10461.0","19934","117.0","2151","2834.7644368108004","1530895677.0","1530988014","1624815505.0","1625058022","92.0","4.384329679802542","100.0","836.0",""
"uselessDM","210846","5982.0","204864","157.0","14073","4279.871400284894","1413656019.0","1406130773","1756058359.0","1737306755","100.0","5.901848437415282","100.0","1299.0",""
"Itzr","61940","8360.0","53580","126.0","4970","2941.909288525336","1522004175.0","1521730700","1754878357.0","1742687649","100.0","4.729705175862269","100.0","1056.0",""
"lazaplaya5","26252","17787.0","8465","296.0","2723","4916.8926285209145","1348284530.0","1351092140","1725094486.0","1741170695","89.0","4.590776418906851","100.0","798.0",""
"digdog303","172420","11375.0","161045","842.0","25494","5878.727881762962","1267989881.0","1267989575","1753100086.0","1742858705","100.0","3.9033959443970736","100.0","2525.0",""
"marioguy25","64229","29461.0","34768","288.0","3518","4422.205457590358","1479415153.0","1393833113","1614296032.0","1629771900","100.0","5.799877169510566","100.0","1177.0",""
"apivan191","26580","10612.0","15968","124.0","3472","3212.4491679833222","1499811104.0","1498356057","1660952398.0","1661772027","100.0","6.209101959635692","100.0","1036.0",""
"Blutarg","881716","155250.0","726466","625.0","98808","4151.617519879156","1418797293.0","1417211912","1755612739.0","1742839088","100.0","4.333579728000606","100.0","11300.0",""
"Disco_Hospital","20206","4044.0","16162","8.0","890","4232.282410304238","1412564645.0","1410242466","1566328000.0","1574811498","3.0","0.35576456643479704","100.0","309.0",""
"Baseballkev219","61005","25170.0","35835","365.0","5341","3501.4767046620946","1473384050.0","1473384080","1587052374.0","1591540149","100.0","5.001533445037392","100.0","1358.0",""
"Hey_its_Ferg","19039","9594.0","9445","66.0","377","3199.985137654016","1499426287.0","1499432952","1734490644.0","1739648691","92.0","4.938084630894577","100.0","427.0",""
"sawftacos","25258","108.0","25150","24.0","12217","4305.894843478785","1404188376.0","1403882354","1733562767.0","1742633495","100.0","4.213791736736107","100.0","1996.0",""
"OneNightStandKids","78855","23528.0","55327","387.0","5182","4167.557037180682","1416136720.0","1415834741","1751382845.0","1742846906","100.0","4.422604227967174","100.0","1503.0",""
"MyDamnCoffee","308411","73981.0","234430","1231.0","15965","3762.486741871657","1451515949.0","1450832815","1756162609.0","1742848832","100.0","6.085902337426313","100.0","2380.0",""
"fukmann","75283","65740.0","9543","61.0","1446","2859.7398970889135","1520665546.0","1528830145","1745836876.0","1742057857","100.0","6.153134406258258","100.0","555.0",""
"Saech","6526","2341.0","4185","66.0","722","4504.966685854988","1386682120.0","1386682551","1652602772.0","1652603300","100.0","5.729365794318591","100.0","355.0",""
"nicvanroon","99476","26260.0","73216","145.0","1697","5151.176403084154","1332122488.0","1330850032","1727650421.0","1727655359","93.0","4.374736470781092","100.0","324.0",""
"TenebraeDE","2620","1147.0","1473","10.0","214","3464.0692924536243","1479656354.0","1476616087","1605364254.0","1740488702","27.0","3.6800442623735257","100.0","176.0",""
"gagnonca","198149","51699.0","146450","258.0","36503","5065.887612912014","1338256889.0","1338218985","1641941048.0","1643237072","100.0","4.856726390185884","100.0","3773.0",""
"boniggy","55454","6463.0","48991","262.0","9563","5692.749830014179","1280434493.0","1284058090","1718422222.0","1742828063","100.0","5.9335360371522015","100.0","1396.0",""
"ezfriedchiken","38931","28973.0","9958","220.0","1954","3647.2283320366537","1463295434.0","1460791148","1610727579.0","1610733863","100.0","5.416376374382421","100.0","1420.0",""
"dentastic101","19735","12781.0","6954","159.0","3573","5083.477181082199","1370139961.0","1336699248","1648236448.0","1652694960","100.0","3.8270900816299918","100.0","1489.0",""
"Shacozzi","13065","8063.0","5002","108.0","765","3314.672095347232","1542204669.0","1489524008","1751807028.0","1742257458","100.0","5.4221710555939","100.0","371.0",""
"phives33","15709","5780.0","9929","178.0","2188","2604.6860363765504","1553632197.0","1550866804","1716655014.0","1725973469","100.0","6.0276620523481546","100.0","595.0",""
"The_pun_fart","441992","231328.0","210664","476.0","9648","4427.786563788586","1393475578.0","1393350919","1658858944.0","1659362465","100.0","5.481849186135018","100.0","1585.0",""
"Mansyn","97223","7814.0","89409","86.0","8331","5498.99490374426","1310146212.0","1300798519","1599834459.0","1639406541","100.0","2.408516926939282","100.0","866.0",""
"spawzing","66158","58085.0","8073","164.0","891","4265.503441885696","1407360320.0","1407372182","1647626992.0","1605921680","98.0","4.180186028929512","100.0","584.0",""
"anon_adderlan","32327","2212.0","30115","127.0","13334","4138.364142692696","1459715456.0","1418357018","1745115693.0","1742807449","100.0","3.1350687429134783","100.0","2341.0",""
"Imperator_Crispico","621823","245717.0","376106","789.0","17635","3121.7686752104373","1506193866.0","1506190867","1725596912.0","1726906130","100.0","6.0586224124393215","100.0","2793.0",""
"Aeceus","157287","164.0","157123","32.0","28441","5289.534873788611","1335622166.0","1318895868","1669361464.0","1742849631","100.0","3.4645044029423673","100.0","3501.0",""
"Omaromar","70689","11012.0","59677","873.0","15454","6320.026919990268","1240357059.0","1229861356","1623940243.0","1625454714","100.0","5.311923737408858","100.0","3394.0",""
"NoradIV","108019","25798.0","82221","337.0","11603","4120.612876218378","1420044229.0","1419890730","1754762526.0","1742828233","100.0","5.591249634511653","100.0","1775.0",""
"Plutodigi","9480","212.0","9268","18.0","839","3817.9609607363327","1474543359.0","1446039856","1635547546.0","1659219642","100.0","5.953756088051005","100.0","413.0",""
"Liquor_N_Whorez","898380","2756.0","895624","114.0","47510","2810.2362799682414","1533980063.0","1533107269","1754626807.0","1742860038","100.0","5.559819450491643","100.0","9063.0",""
"Cent0rea88","66852","27410.0","39442","226.0","3968","3120.041830507997","1506332094.0","1506340070","1561384861.0","1576323292","100.0","5.913555092378445","100.0","1312.0",""
"dogstarman","34901","8514.0","26387","174.0","4344","5046.566362675878","1348700887.0","1339888351","1752764744.0","1742758093","100.0","5.8695913214240925","100.0","1112.0",""
"Fistacuffs87","161","","161","","45","2768.949841926655","","1536674419","","1595020097","10.0","2.759233387202385","39.0","88.0",""
"thedarkone47","42537","2215.0","40322","127.0","6367","4860.671654533206","1358446759.0","1355949656","1750970636.0","1742397949","100.0","6.037318991538731","100.0","794.0",""
"westsan","37993","13828.0","24165","3294.0","20535","6863.165283426957","1179970672.0","1182934207","1642379843.0","1642377569","100.0","2.2370547133826544","100.0","3624.0",""
"NoGravitasAtAll","3455","838.0","2617","5.0","313","3915.6687849222812","1438350859.0","1437597905","1572702667.0","1583932967","70.0","5.2771586823315","100.0","216.0",""
"tdogAF","959","478.0","481","7.0","102","3039.272749743448","1538296878.0","1513318523","1728018273.0","1722763303","23.0","3.37884364472022","100.0","149.0",""
"bob0matic","17630","10.0","17620","4.0","2722","3140.3413901640256","1508293924.0","1504586194","1607961062.0","1695077649","100.0","4.649204630936897","100.0","962.0",""
"EpilepticAuror","55663","4606.0","51057","87.0","3916","5297.868375554863","1298243125.0","1318175863","1669096341.0","1724171100","100.0","5.512999107875712","100.0","475.0",""
"Raikkou","27037","11655.0","15382","47.0","1204","4560.320569919411","1402848950.0","1381899994","1740178116.0","1742684958","100.0","4.602838787418097","100.0","301.0",""
"GenghisKazoo","409321","45834.0","363487","339.0","16977","3830.4206111447347","1446944960.0","1444963351","1723140362.0","1742668888","100.0","3.2013820366821353","100.0","6218.0",""
"DrStrangeDream","42719","19602.0","23117","95.0","1391","4889.936408288481","1357235268.0","1353421187","1649264418.0","1650763548","100.0","5.706072787847232","100.0","583.0",""
"best-consolegamer","1189","84.0","1105","2.0","635","2609.820083926574","1562389619.0","1550423238","1563160226.0","1608749793","100.0","5.880218295905127","100.0","483.0",""
"Gonomed","473537","245999.0","227538","448.0","11365","5311.502219983795","1316997603.0","1316997902","1750106819.0","1742776824","100.0","6.110771077894088","100.0","2320.0",""
"LapisRS","67444","19637.0","47807","247.0","6036","3843.916011130879","1445284403.0","1443797353","1749262747.0","1742765274","100.0","5.262712049405816","100.0","1259.0",""
"Tehrozer","54304","13446.0","40858","92.0","3553","3275.1419894007868","1503925516.0","1492939429","1688660163.0","1739378491","100.0","3.9382604060445248","100.0","1471.0",""
"UnoVonGalaxor","17230","1457.0","15773","27.0","1335","3732.60715865391","1479777026.0","1453414439","1747875888.0","1742407747","80.0","5.075826242459702","100.0","284.0",""
"BatsintheBelfry45","43647","1430.0","42217","34.0","4470","5157.817782524827","1347834085.0","1330276242","1652294436.0","1742851608","100.0","6.2328795999906905","100.0","592.0",""
"KelloPudgerro","1287934","406104.0","881830","2308.0","40612","4528.693287539733","1392174513.0","1384632599","1728810296.0","1729366245","100.0","5.184220705117355","100.0","5516.0",""
"TaniksPERFECTED","102661","24827.0","77834","130.0","4557","3369.9642314533558","1501695522.0","1484746790","1650431356.0","1666712312","100.0","4.392471551095725","100.0","1996.0",""
"Frostcrest","81218","16871.0","64347","257.0","6636","5143.291737549445","1331664480.0","1331531294","1663687997.0","1673112943","100.0","4.509743664342935","100.0","1382.0",""
"Pr0xyWash0r","52395","790.0","51605","36.0","3983","5051.966412891306","1346173357.0","1339421803","1686770319.0","1741788068","100.0","6.251987992963162","100.0","457.0",""
"hitthemfkwon","27501","15949.0","11552","87.0","1604","3109.8761646389935","1507861378.0","1507218401","1631664204.0","1649211601","100.0","5.7218685207588065","100.0","543.0",""
"CaptKeef","8582","1361.0","7221","97.0","902","4786.591425012488","1362587667.0","1362350203","1731893615.0","1701831154","100.0","5.693679959997372","100.0","308.0",""
"rg90184","293986","968.0","293018","39.0","31697","4636.310494619398","1384897185.0","1375334477","1568304020.0","1611618930","91.0","3.6877807646679264","100.0","2762.0",""
"nanowerx","367254","35441.0","331813","253.0","32380","5703.7116351106015","1291929442.0","1283111019","1728066486.0","1739147623","100.0","3.09833239036553","100.0","2096.0",""
"TheArgonian","81559","2096.0","79463","64.0","4904","4990.49666433838","1334080914.0","1344732793","1747152380.0","1742432866","100.0","4.800819769627802","100.0","793.0",""
"BuzzedLightyears","2437","622.0","1815","29.0","590","3783.3861383085423","1449505816.0","1449027143","1557764841.0","1577744628","100.0","5.266577466704343","100.0","326.0",""
"The_Pelican1245","135792","20175.0","115617","276.0","6108","4076.3307629178466","1423716277.0","1423716728","1743821112.0","1742689778","100.0","5.545103579309762","100.0","933.0",""
"KermitMadMan","500974","348765.0","152209","1207.0","9398","4129.467956351712","1464711757.0","1419125675","1731302305.0","1742688412","100.0","5.60047089425307","100.0","2023.0",""
"HumanautPassenger","76546","28132.0","48414","556.0","9041","5174.600740292641","1328828070.0","1328826203","1755195515.0","1742854130","100.0","5.5410780261842065","100.0","1258.0",""
"KilKidd","20965","2033.0","18932","60.0","3094","4416.057320878067","1394505384.0","1394364355","1698861136.0","1698945854","97.0","4.982924232785944","100.0","732.0",""
"SwissCheese64","62865","11785.0","51080","196.0","3087","4825.328438645811","1360198226.0","1359003331","1734556201.0","1735836334","100.0","6.12175875718067","100.0","803.0",""
"blitzkriegski","180892","258.0","180634","12.0","13370","3372.722750686101","1518224889.0","1484508463","1619756149.0","1667143338","100.0","0.9389693086477089","100.0","5524.0",""
"WormFarmer64","8101","49.0","8052","13.0","2927","2676.2022940754864","1544904632.0","1544687831","1566511196.0","1571340056","47.0","3.8016229932763865","100.0","1072.0",""
"lolscraper69","35803","23699.0","12104","54.0","946","3289.656930607698","1496880594.0","1491685351","1597513133.0","1640463957","100.0","5.39764409135541","100.0","582.0",""
"epicgamer17","139081","73031.0","66050","324.0","4212","2640.1700380507527","1547748995.0","1547801019","1633208835.0","1643923198","100.0","6.09171097309771","100.0","1500.0",""
"YTAftershock","262137","115826.0","146311","505.0","9872","3248.940299376666","1495109659.0","1495203269","1749533800.0","1742576344","100.0","5.899063952202562","100.0","1626.0",""
"2MinutesHateIsRookie","7109","424.0","6685","10.0","472","2743.079518329352","1556326212.0","1538909641","1639246056.0","1652395816","72.0","4.663600779207343","100.0","288.0",""
"brendanrobertson","33188","706.0","32482","51.0","3439","4745.510949348032","1365899348.0","1365899566","1691762034.0","1742730806","100.0","6.136084352163506","100.0","723.0",""
"worstdamnday","35464","624.0","34840","42.0","11336","3578.5461081760404","1466724733.0","1466725329","1624934329.0","1612326042","100.0","4.766523423877467","100.0","2218.0",""
"johnbeatty08","4319","2976.0","1343","91.0","318","3387.832771447188","1482984133.0","1483202962","1749502067.0","1737916307","100.0","6.049830507040226","100.0","239.0",""
"IIIDeadAgainIII","5938","383.0","5555","13.0","1191","2622.7431724929284","1555275312.0","1549306705","1567111133.0","1572731075","31.0","3.2490597621941144","100.0","612.0",""
"8BOXX","6668","1063.0","5605","81.0","1775","3160.732612005903","1504900715.0","1502824418","1725499231.0","1726865192","100.0","5.8058181236823145","100.0","520.0",""
"-aspirant-","41355","11140.0","30215","17.0","1621","2868.2059412603935","1531836049.0","1528098723","1587406140.0","1583717800","100.0","5.023717764398871","100.0","452.0",""
"trai_dep","991288","782443.0","208845","3325.0","31555","5469.575346128529","1314302859.0","1303340407","1724274619.0","1737934484","100.0","2.3830421991982655","100.0","9983.0",""
"RastaVampireDude","48810","15408.0","33402","437.0","2404","4305.944682675465","1403877777.0","1403878098","1751709765.0","1742726982","100.0","3.9248886115617676","100.0","727.0",""
"shitty-cat","371816","64660.0","307156","123.0","26004","3065.8079803747464","1512285056.0","1511025910","1604423424.0","1604510704","100.0","6.012927532900789","100.0","5799.0",""
"OParnoShoshoi","56656","4510.0","52146","191.0","5543","4967.166031035605","1364512939.0","1346748575","1657798738.0","1661952581","100.0","5.812658737312093","100.0","1661.0",""
"HaxxorElite","44688","11857.0","32831","1731.0","15122","3650.7397907406257","1460487586.0","1460487803","1754841235.0","1734725123","100.0","3.583436336097016","100.0","2548.0",""
"21onDec23","318334","288961.0","29373","415.0","2336","4163.466152705509","1415745750.0","1416188246","1753309132.0","1742760787","100.0","5.496206447012001","100.0","534.0",""
"gameld","199767","98532.0","101235","615.0","10921","4627.85723531742","1375904643.0","1376064857","1753021837.0","1742775628","100.0","5.057464016889483","100.0","955.0",""
"Alburg9000","45483","2255.0","43228","94.0","13030","3090.802045313843","1512154261.0","1508866426","1755772874.0","1742676142","100.0","2.9472245326961906","100.0","3807.0",""
"MrMineHeads","245578","56894.0","188684","370.0","22651","4225.551310339247","1411859880.0","1410824090","1670167317.0","1670871693","100.0","4.354622150179564","100.0","7570.0",""
"that_boy_zesty","81680","23217.0","58463","97.0","4827","3073.8286892280203","1509307879.0","1510332925","1587773188.0","1605145964","100.0","4.608314107041394","100.0","1822.0",""
"AndreasBerthou","79255","45066.0","34189","88.0","4014","5098.944300028185","1336233421.0","1335362937","1674504676.0","1741815051","100.0","5.577431261980747","100.0","910.0",""
"shoopdahoop22","764931","597948.0","166983","1662.0","12221","4153.5754875869225","1417042586.0","1417042804","1755447553.0","1742535900","100.0","5.707970329615352","100.0","1109.0",""
"shogo_guy","46513","24683.0","21830","322.0","2622","3344.7505286687256","1487008903.0","1486925281","1738733472.0","1738733854","100.0","5.508904853859521","100.0","1118.0",""
"GabaskarIsTakenSooo","24641","8241.0","16400","167.0","2266","2653.653488603403","1546728962.0","1546636067","1708735989.0","1741466607","100.0","4.343042453534447","100.0","1129.0",""
"dom31489","5141","465.0","4676","96.0","1237","3623.319328850406","1463731801.0","1462856939","1567175939.0","1572704206","100.0","5.79985590277615","100.0","565.0",""
"crantastic","132384","76489.0","55895","342.0","3863","5620.84360636683","1289686166.0","1290270842","1745594151.0","1742390585","100.0","4.950881710437728","100.0","434.0",""
"TheTrueMuffinMan","176979","167607.0","9372","1033.0","2874","5022.488416950869","1342024516.0","1341968731","1747675216.0","1742481362","22.0","4.116698696973044","49.0","72.0",""
"forteller","206080","161146.0","44934","3543.0","6892","5700.877265768912","1283511122.0","1283355935","1756067343.0","1742772931","100.0","3.1481010710977784","100.0","3110.0",""
"Pacific_Rimming","35153","2769.0","32384","55.0","3615","3961.921266279952","1440803092.0","1433601735","1738149714.0","1742680553","83.0","3.966522127595778","100.0","991.0",""
"SevFTW","136730","47096.0","89634","553.0","7848","5457.390890906701","1306551245.0","1304393160","1750836466.0","1742797347","100.0","5.765885222347299","100.0","1100.0",""
"BenMcLean","38603","15153.0","23450","1188.0","17452","4545.847216955023","1360860176.0","1383150534","1588206198.0","1601095087","100.0","5.531829786970421","100.0","4525.0",""
"Lordroomie","29211","19995.0","9216","156.0","2181","3465.2743186514135","1478932978.0","1476512033","1637752551.0","1639169239","100.0","3.4925673644272828","100.0","1264.0",""
"Crooooow","142541","10734.0","131807","87.0","13789","5941.827715753116","1296666832.0","1262537820","1734715882.0","1741477125","100.0","5.1801003374864925","100.0","1040.0",""
"jozlynPlaysEve","40629","3203.0","37426","65.0","3385","3611.145048701551","1473612466.0","1463908803","1699318717.0","1696762062","100.0","4.896098850778442","100.0","1076.0",""
"TacticalPolonium","18307","13085.0","5222","183.0","1280","2615.4933185730542","1550975359.0","1549933113","1639502082.0","1643572466","100.0","4.848947597956131","100.0","646.0",""
"montereybay","53738","3463.0","50275","256.0","7741","5401.960871381318","1311308319.0","1309182317","1712132259.0","1742141397","100.0","5.619405684447505","100.0","1182.0",""
"craigertiger","8521","3964.0","4557","100.0","876","5708.58431466235","1374780293.0","1282690052","1738513219.0","1742852838","100.0","5.955128870559171","100.0","404.0",""
"WeightyUnit88","136195","7002.0","129193","137.0","8348","4419.08648550897","1400184093.0","1394102665","1752146278.0","1742852426","100.0","3.2728605976131453","100.0","1147.0",""
"Thomas_K_Brannigan","51692","3149.0","48543","85.0","4058","5205.485184188022","1326618473.0","1326157818","1750905784.0","1742614262","100.0","4.468729691282629","100.0","470.0",""
"skipearth","55856","43465.0","12391","563.0","3444","4018.3206654406945","1312913384.0","1428728833","1755833500.0","1742737054","100.0","5.417294551598337","100.0","756.0",""
"artist55","9152","2561.0","6591","98.0","1878","4359.332482345891","1398815551.0","1399265413","1753884521.0","1742811097","100.0","5.077870345502346","100.0","407.0",""
"Scruffy_McHigh","8946","440.0","8506","47.0","1161","4683.25214154685","1422088391.0","1371278755","1611431738.0","1741747507","100.0","6.1697294747947575","100.0","531.0",""
"Silver_Star","129907","19500.0","110407","716.0","19948","4924.885611149989","1354936595.0","1350401624","1754668711.0","1742724134","100.0","4.12345513336242","100.0","2758.0",""
"420io","11406","8120.0","3286","159.0","692","3118.9470874294916","1506427957.0","1506434713","1610142937.0","1610754110","100.0","6.064978161615896","100.0","473.0",""
"BanterMaster420","37935","335.0","37600","23.0","4472","3441.096376272131","1484268476.0","1478601015","1731678561.0","1742525698","100.0","4.778667613183197","100.0","630.0",""
"MyNameIsOP","57338","12052.0","45286","296.0","11762","4974.5478525220715","1349018303.0","1346110808","1730045113.0","1738429512","100.0","5.483265127473394","100.0","1654.0",""
"lustyperson","20728","14128.0","6600","20.0","3313","3327.655966039319","1533556760.0","1488402268","1597165521.0","1742859148","85.0","3.6096238917496484","100.0","1681.0",""
"diegoesos","6633","1657.0","4976","26.0","488","4696.729537171147","1386832816.0","1370114312","1749068884.0","1742811148","35.0","1.5300977483387421","100.0","378.0",""
"Keldrath","159615","1017.0","158598","111.0","41092","5394.241951042582","1310547936.0","1309849240","1728796649.0","1742853440","100.0","5.045622022994832","100.0","2764.0",""
"Thatniqqarylan","228132","115156.0","112976","493.0","15239","3505.286563939491","1473237360.0","1473054986","1649284653.0","1650906896","100.0","5.947747743443562","100.0","3072.0",""
"HaLoGuY007","361490","331386.0","30104","11637.0","10259","5840.518711291726","1318265939.0","1271290929","1756149211.0","1742847119","100.0","1.5778963242388704","100.0","13567.0",""
"scudzz","9339","1658.0","7681","43.0","1460","3206.2709718334263","1501534653.0","1498889936","1644076374.0","1642978931","100.0","3.2002428640973037","100.0","849.0",""
"BruceOfChicago","21634","5882.0","15752","52.0","1473","4440.341201280565","1393572637.0","1392266269","1751529718.0","1740769166","100.0","5.675474806345706","100.0","420.0",""
"DerekSavoc","308238","26011.0","282227","385.0","26797","4806.680585766332","1360289281.0","1360614547","1600198078.0","1600293110","100.0","5.085588207969764","100.0","3898.0",""
"AceofRains","16919","2665.0","14254","75.0","3012","5022.640502681147","1342515008.0","1341955611","1642108921.0","1645810901","82.0","4.860737208104451","100.0","1063.0",""
"MrMallow","349125","47619.0","301506","523.0","29467","4572.849633667455","1384482411.0","1380817543","1730942729.0","1734876257","100.0","6.232348669501038","100.0","4501.0",""
"RedErin","371854","166678.0","205176","1061.0","45199","5859.942695743381","1271945085.0","1269612703","1754412826.0","1742840246","100.0","4.444466798991141","100.0","6552.0",""
"apostledeets","172388","9964.0","162424","1902.0","21997","5674.8539637334725","1317072757.0","1285604370","1645396828.0","1645320879","100.0","5.294085109536406","100.0","3775.0",""
"ricLP","24847","3.0","24844","2.0","2344","6105.06437589955","1312397004.0","1248434192","1368588341.0","1742751375","100.0","6.0081321744121015","100.0","438.0",""
"iRunLikeTheWind","78316","8480.0","69836","95.0","5590","4672.75256500105","1373125136.0","1372185933","1749431704.0","1742783685","100.0","5.457653154427855","100.0","828.0",""
"mglaman","9637","6363.0","3274","247.0","616","4288.936367628312","1405560686.0","1405347653","1750979151.0","1742259789","49.0","3.322330988342933","100.0","381.0",""
"You_coward","371360","109819.0","261541","989.0","11195","5264.657473704561","1320872144.0","1321045350","1596695724.0","1596748414","100.0","5.547343585027961","100.0","1046.0",""
"chiliwilly001","4765","1912.0","2853","47.0","529","4336.479255510439","1424869914.0","1401239949","1722234549.0","1737330038","59.0","5.107085335349626","100.0","176.0",""
"Cheesysock5","105682","9685.0","95997","325.0","6334","3085.7719513533566","1509228682.0","1509301061","1739106447.0","1742675927","100.0","5.024259685012897","100.0","1795.0",""
"aletoledo","303530","8770.0","294760","483.0","127710","7078.848334704122","1204689872.0","1164299262","1657630071.0","1660132093","","","","",""
"greenepc","60458","3934.0","56524","36.0","5005","4245.545933537594","1429370671.0","1409096590","1747843499.0","1742598846","74.0","3.8682170589497304","100.0","1754.0",""
"Minim4c","122562","6843.0","115719","91.0","7144","6503.6689379811705","1221082202.0","1213994763","1554814479.0","1619647893","100.0","5.481500348541887","100.0","336.0",""
"SomberlySober","63064","4191.0","58873","34.0","3990","2621.301039529895","1560288108.0","1549431350","1720895557.0","1730039489","100.0","5.068773769891994","100.0","982.0",""
"lindsaytheperson","16664","1355.0","15309","17.0","506","3941.7013353652646","1511924003.0","1435348765","1661264171.0","1676302317","90.0","5.503898749112312","100.0","354.0",""
"rockytimber","76686","17376.0","59310","847.0","32944","5925.0232281617355","1265462989.0","1263989754","1657485714.0","1675982763","100.0","1.730957036135324","100.0","14003.0",""
"TheDizzyDan","16321","3817.0","12504","317.0","1866","4118.938385402058","1436122649.0","1420035485","1748056137.0","1739910001","93.0","4.3646111074423155","100.0","645.0",""
"hglman","225189","16421.0","208768","363.0","29057","6668.691528363529","1209407239.0","1199736814","1675022885.0","1731336578","100.0","5.593262011823525","100.0","3322.0",""
"blueishfish","13631","5934.0","7697","124.0","1031","5382.6901685830235","1318977910.0","1310847332","1713328268.0","1707479981","100.0","6.104536505856985","100.0","226.0",""
"gnomz","5527","579.0","4948","29.0","1265","4011.3133117512753","1432957960.0","1429334293","1687569650.0","1687715810","95.0","5.3671589731437175","100.0","328.0",""
"xposijenx","75067","33663.0","41404","112.0","5939","6522.54480044802","1223684122.0","1212363893","1679071913.0","1678974982","100.0","5.571247699439034","100.0","2227.0",""
"Rathulf","16836","3471.0","13365","63.0","1226","3355.8710918638194","1495198097.0","1485964502","1665617515.0","1740956369","100.0","6.147843416205719","100.0","484.0",""
"AtCougarNation","16233","728.0","15505","32.0","1809","3147.818424835961","1487798959.0","1503940253","1677139131.0","1700386301","100.0","5.541335168132624","100.0","718.0",""
"erickgramajo","133509","15660.0","117849","311.0","16360","5509.898465748252","1305016300.0","1299856538","1622901924.0","1739917286","100.0","4.6655369202954","100.0","1489.0",""
"apxl","384","49.0","335","7.0","113","3788.3312991663315","1460006622.0","1448599942","1587333614.0","1641347749","31.0","4.377085053446213","77.0","110.0",""
"neutral-vote_pls","1087","","1087","","236","2578.733215106483","","1553109217","","1738090691","78.0","5.714397933403799","100.0","286.0",""
"Bonhomhongon","236226","182148.0","54078","1229.0","7171","3332.506669995324","1511827140.0","1487983191","1721868837.0","1741592770","100.0","5.4867809705557145","100.0","2681.0",""
"emirikol2099","19665","676.0","18989","34.0","1793","2803.7710168018275","1551753729.0","1533665952","1743251764.0","1742851084","100.0","5.6147990181110945","100.0","687.0",""
"SocialForceField","189639","357.0","189282","31.0","16751","4483.412805676874","1401809600.0","1388544902","1599978366.0","1606341577","100.0","5.498570482357053","100.0","3475.0",""
"taylor1288","98123","14326.0","83797","103.0","6238","3598.5875461646197","1449265141.0","1464993805","1754598230.0","1742596589","100.0","3.3852914072989675","100.0","1226.0",""
"RaptorX","24569","379.0","24190","56.0","2087","5668.688860774838","1352320375.0","1286137052","1685321889.0","1742297154","100.0","5.310901997825171","100.0","635.0",""
"drunkenknight9","114034","3264.0","110770","63.0","7080","3915.250163404075","1442969123.0","1437634156","1692367279.0","1692403962","100.0","5.10686671857048","100.0","708.0",""
"how-about-that","11768","91.0","11677","16.0","1959","3741.7417330530093","1452620339.0","1452625286","1744581904.0","1737947605","100.0","5.723139569703469","100.0","462.0",""
"Y2kurly","2100","66.0","2034","6.0","212","2639.393521628416","1551568339.0","1547868172","1586195876.0","1741902904","53.0","4.484003291256981","100.0","146.0",""
"pete_topkevinbottom","92496","15126.0","77370","188.0","4683","3790.7695462942124","1466670107.0","1448389284","1755889222.0","1742762894","100.0","5.93947560898385","100.0","392.0",""
"kay_so","53959","10752.0","43207","154.0","3999","4567.647597074641","1384310508.0","1381267021","1753391873.0","1742826350","100.0","3.2635542640083743","100.0","1456.0",""
"MCHammons15","15843","1300.0","14543","47.0","1441","4052.761596260209","1471241686.0","1425753172","1744826932.0","1741572862","100.0","4.452100643811397","100.0","613.0",""
"GlassesMorty","80149","39908.0","40241","87.0","1908","3061.706591752373","1511484065.0","1511380325","1671247611.0","1679914708","100.0","3.80367678035908","100.0","1251.0",""
"worktogether","18384","11015.0","7369","108.0","2621","4194.312014760935","1414524128.0","1413523217","1578925548.0","1580958117","96.0","4.267817735700647","100.0","737.0",""
"EightBitBite","13936","9699.0","4237","66.0","1099","4651.102715739826","1379713111.0","1374056501","1698488543.0","1703452171","100.0","5.909986292358752","100.0","458.0",""
"BreakMyFallIfYouCan","39591","2097.0","37494","195.0","4298","3397.492403298147","1482918210.0","1482368433","1753571067.0","1742833843","100.0","5.626308855421673","100.0","1455.0",""
"09-11-2001","173056","38233.0","134823","319.0","15534","4385.200140712292","1406242318.0","1397030485","1696576424.0","1705153735","100.0","4.457373463205121","100.0","2177.0",""
"drqxx","499254","187626.0","311628","1304.0","25924","6089.534765761423","1261882334.0","1249775974","1590853630.0","1674973362","100.0","6.274338617740473","100.0","3779.0",""
"glowyknight","44134","13748.0","30386","173.0","3390","2767.2177586827565","1536825410.0","1536824164","1639532097.0","1734944351","100.0","5.259742837598823","100.0","1145.0",""
"applezapplezapplez","21699","378.0","21321","17.0","1362","3066.3884837230903","1515704319.0","1510975814","1611195764.0","1738884851","100.0","5.044729415647723","100.0","604.0",""
"sammydow","202979","36089.0","166890","198.0","14762","3674.8919973651846","1459385034.0","1458401111","1679756006.0","1686665198","100.0","6.112856330421836","100.0","2859.0",""
"GamingEtc4","35969","21347.0","14622","186.0","2403","3506.6211831302912","1472940916.0","1472939710","1660434836.0","1668450512","100.0","5.453010220836541","100.0","1007.0",""
"illinoises","25933","1199.0","24734","78.0","5654","4585.926572145993","1379571617.0","1379687725","1755816237.0","1742780434","100.0","4.441202210606944","100.0","1006.0",""
"RedditRalf","184901","44187.0","140714","230.0","7969","4743.917505247372","1366932116.0","1366037309","1663846965.0","1686487811","100.0","5.201377693959628","100.0","1256.0",""
"ironicallyscreaming","10706","5641.0","5065","72.0","1068","3473.3142826276853","1476085546.0","1475817428","1629626161.0","1632417556","100.0","6.071902727906144","100.0","522.0",""
"kodeak","6166","4240.0","1926","20.0","501","3210.92531938536","1489268759.0","1498487835","1583253045.0","1611943355","100.0","5.96980964401882","100.0","413.0",""
"rockshow4070","56828","921.0","55907","45.0","4967","4748.502871808578","1371779549.0","1365641135","1701969427.0","1701980746","100.0","5.014164470174678","100.0","814.0",""
"Annwnfyn","17669","87.0","17582","14.0","1374","2947.433006801434","1556221929.0","1521253572","1753995984.0","1709500289","79.0","3.7130272965426396","100.0","908.0",""
"nowhereian","169859","4692.0","165167","94.0","16225","4455.159100884825","1390980472.0","1390986038","1755016845.0","1741749486","100.0","4.9196286787882695","100.0","1891.0",""
"WEEBERMAN","39380","11409.0","27971","235.0","5546","4821.30379796088","1422303264.0","1359351137","1595351174.0","1604805099","100.0","5.1434269988474615","100.0","1455.0",""
"gwoovysmoothy","13561","11046.0","2515","259.0","591","4349.556699783832","1400110471.0","1400110087","1753471941.0","1738271975","30.0","3.9108014629467043","100.0","153.0",""
"comebackjoeyjojo","635782","224306.0","411476","890.0","16324","4779.166095833425","1362476580.0","1362991836","1686236441.0","1704561784","100.0","3.8865323562357417","100.0","6938.0",""
"aManOfTheNorth","125736","18249.0","107487","632.0","24458","5215.538521375913","1326242286.0","1325289259","1754316130.0","1742850874","100.0","4.879616576703965","100.0","2626.0",""
"0pensecrets","17901","1285.0","16616","68.0","2331","5154.9640949768545","1330611485.0","1330522890","1748615736.0","1740947288","100.0","4.589650173262712","100.0","537.0",""
"showa_shonen","16220","2670.0","13550","119.0","1795","4672.26086488963","1372212402.0","1372228450","1749281785.0","1742638957","77.0","4.642269256420322","100.0","451.0",""
"catsfive","1178575","1079915.0","98660","2360.0","41407","6402.105975432302","1225373147.0","1222769833","1673064871.0","1673066998","100.0","3.6104860314207947","","",""
"FuckRhino","26139","22467.0","3672","142.0","1309","3551.5337130032976","1469120383.0","1469059277","1586918920.0","1595349543","100.0","5.453184159779082","100.0","712.0",""
"requestdosh","5340","3420.0","1920","39.0","244","3499.561323490347","1473623282.0","1473549692","1618794206.0","1671607860","95.0","6.002272501172757","100.0","259.0",""
"GillicuttyMcAnus","120098","23147.0","96951","419.0","10377","5466.795508723739","1302586479.0","1303580659","1727662912.0","1728869161","100.0","5.602389333478182","100.0","1474.0",""
"JonSnoWight","39029","2895.0","36134","223.0","5027","3962.44825845241","1433645199.0","1433556262","1734604041.0","1741864300","100.0","5.010273753930294","100.0","1766.0",""
"SneakyNinja4782","369220","326783.0","42437","988.0","4019","3415.0340056959844","1484033224.0","1480852854","1751472578.0","1740437115","100.0","4.986889271982885","100.0","1446.0",""
"reddtedd2","62240","35876.0","26364","120.0","886","4451.822615986527","1421057202.0","1391274320","1709512410.0","1712460041","64.0","5.091606204725339","100.0","272.0",""
"NotYourMothersDildo","307082","182393.0","124689","716.0","14106","5800.215227270069","1274408091.0","1274773199","1743006164.0","1742856512","100.0","4.2788639043082535","100.0","1214.0",""
"Referencez","15810","6092.0","9718","180.0","2491","5010.85870543257","1342973390.0","1342973603","1756064059.0","1742432909","100.0","5.813425236916132","100.0","656.0",""
"muufin","21197","4588.0","16609","235.0","3202","4343.515958520776","1406501980.0","1400632018","1710696427.0","1720388694","100.0","3.977875704616502","100.0","642.0",""
"Thedupdup","17598","3660.0","13938","285.0","3454","3225.4173077410624","1497235326.0","1497235742","1586575411.0","1594361575","100.0","4.018202263425353","100.0","3019.0",""
"Cookiemole","2697","508.0","2189","39.0","428","4980.61837907691","1359968831.0","1345586370","1725257169.0","1741244567","52.0","4.1671647048606","100.0","213.0",""
"jasonhoblin","14054","5365.0","8689","152.0","1939","5629.899056226423","1316370721.0","1289488520","1751153228.0","1738465363","100.0","5.638191888525919","100.0","656.0",""
"NorthernField","10904","7668.0","3236","50.0","494","3774.3514233172905","1449789469.0","1449807836","1750229326.0","1695791130","57.0","2.688944163480729","100.0","327.0",""
"Neopergoss","9881","365.0","9516","24.0","2924","6236.365989815148","1436511620.0","1237089778","1596980482.0","1602517378","100.0","5.1034657946823225","100.0","772.0",""
"Revelt","198079","12064.0","186015","158.0","6559","3279.2602324903232","1525585179.0","1492583716","1740589532.0","1742707117","100.0","6.079153653006221","100.0","1865.0",""
"montydad5000","44176","33658.0","10518","688.0","2541","6738.815736841573","1193678081.0","1193678121","1755183147.0","1742304736","100.0","5.9311161842411115","100.0","1547.0",""
"GreatMight","92115","2879.0","89236","24.0","10059","2551.9033475293745","1557605061.0","1555427352","1740691354.0","1742761475","100.0","4.300863810497354","100.0","1686.0",""
"cristi1990an","109852","48217.0","61635","548.0","12346","4369.828839851447","1398182520.0","1398358590","1740171370.0","1742554045","100.0","5.343256869083289","100.0","3683.0",""
"beetawix-Hi","56013","34069.0","21944","15.0","1629","2631.3601193975464","1548620945.0","1548562288","1586625661.0","1595649053","100.0","5.981272129738721","100.0","705.0",""
"RottonGrub","2107","15.0","2092","6.0","1353","3326.5936558118406","1488537479.0","1488494111","1573308251.0","1587406588","93.0","5.041857225901136","100.0","518.0",""
"sherrylavone","30848","9330.0","21518","121.0","1691","5287.685386251134","1320360966.0","1319055786","1673368088.0","1675191286","100.0","5.103531122773552","100.0","547.0",""
"TheThingsUnsaid","279295","40745.0","238550","512.0","13579","2981.586912390405","1518236795.0","1518302695","1587771935.0","1591094242","100.0","4.534731260247382","100.0","4175.0",""
"Cassavetes14","930","161.0","769","27.0","169","3539.607462021645","1470079799.0","1470089720","1748855975.0","1673066895","48.0","4.747602823867556","100.0","174.0",""
"chedg3s","6863","4130.0","2733","14.0","390","2545.000408237996","1561571007.0","1556023770","1691355094.0","1741586009","95.0","5.812152876855494","100.0","299.0",""
"cbobley","86533","62753.0","23780","219.0","2032","3026.684060498956","1468376027.0","1514406303","1743104615.0","1742489321","100.0","5.804899295937555","100.0","826.0",""
"SteeleDuke","60340","21778.0","38562","741.0","8509","4819.643318853563","1378451906.0","1359494624","1756009423.0","1742851742","100.0","5.170066626653458","100.0","1838.0",""
"alexthomson666","74488","51016.0","23472","44.0","857","2930.4265427614473","1524036835.0","1522722954","1753889363.0","1739956791","100.0","5.454192863809695","100.0","494.0",""
"bawlmerbits","3015","288.0","2727","14.0","651","4827.922566848367","1360711835.0","1358779298","1723877497.0","1739766921","76.0","3.6877410672647493","100.0","295.0",""
"denali42","95608","6307.0","89301","274.0","18159","4558.950420524906","1389364145.0","1382018492","1749428827.0","1742857799","100.0","6.005533564088195","100.0","1205.0",""
"adacmswtf1","50350","1881.0","48469","52.0","5321","5998.2755232614145","1374284185.0","1257660804","1678205001.0","1742787087","100.0","4.758199499811338","100.0","1476.0",""
"Donnie_Jepp","2710","1278.0","1432","16.0","323","3455.5090878513315","1522723216.0","1477355825","1621932757.0","1641012902","83.0","5.284592341449085","100.0","218.0",""
"Stefu03","1436","900.0","536","29.0","202","3178.4528905648267","1527237494.0","1501293481","1587763615.0","1578445613","39.0","3.9109201207242457","100.0","201.0",""
"maybe82","22237","6981.0","15256","93.0","1855","4920.585582199698","1359683208.0","1350773217","1583050918.0","1585961876","100.0","5.608898766698635","100.0","575.0",""
"LoganJn","137927","91726.0","46201","478.0","6945","3151.9315035958894","1503583823.0","1503584930","1754031638.0","1742612147","100.0","5.387719572861547","100.0","1485.0",""
"MZ603","146996","10735.0","136261","86.0","21371","3925.694970515646","1441919459.0","1436731767","1745687425.0","1742793089","100.0","2.8286946731545104","100.0","9487.0",""
"unholygunner714","28097","876.0","27221","25.0","5073","4880.1526966245365","1439626668.0","1354266620","1675467488.0","1678851382","82.0","4.090263167871194","100.0","1843.0",""
"klunk88","198619","82604.0","116015","82.0","5958","3413.9375294155434","1484055102.0","1480947611","1686198004.0","1734555937","100.0","5.938708516120237","100.0","1954.0",""
"dagoled","54942","18550.0","36392","59.0","2253","4914.716476100407","1351182690.0","1351280311","1707315199.0","1742064060","100.0","6.081275925442864","100.0","592.0",""
"Sinnoz","26041","18289.0","7752","32.0","793","3379.319492098366","1483939411.0","1483938611","1660352865.0","1678695673","100.0","5.543041985258102","100.0","649.0",""
"ak9321","5843","575.0","5268","25.0","1807","2989.3558637294227","1534145872.0","1517631469","1611067290.0","1704441103","100.0","3.4907369040087004","100.0","841.0",""
"thiseffnguy","14857","2087.0","12770","533.0","3880","4231.601934747224","1412846142.0","1410301409","1625423738.0","1640232164","100.0","5.736798942381383","100.0","1068.0",""
"cyanide4suicide","185719","101066.0","84653","347.0","7871","4281.833434406342","1422082592.0","1405961408","1756053494.0","1742846306","100.0","4.470139300915439","100.0","1262.0",""
"saintpetejackboy","235811","97172.0","138639","1182.0","13330","5920.314208385337","1264396369.0","1264396670","1755889836.0","1742849576","100.0","5.846278831518643","100.0","2664.0",""
"IndianLanny","9385","3859.0","5526","101.0","1250","4091.484933186819","1424248637.0","1422407520","1749702130.0","1695802031","100.0","4.529391125160569","100.0","426.0",""
"Ideaslug","66302","1417.0","64885","61.0","10346","4973.667022900438","1347051567.0","1346186988","1750303466.0","1742790116","100.0","4.902001587086751","100.0","1308.0",""
"iryan72","239720","184713.0","55007","258.0","2424","3597.033337285196","1466528351.0","1465128139","1749894884.0","1717923982","45.0","2.654071705665679","100.0","1373.0",""
"irenezarate","17335","1790.0","15545","69.0","864","4326.471249414039","1433836395.0","1402104704","1587625961.0","1605492953","100.0","5.887644005894412","100.0","295.0",""
"TheLoneWanderer99","2626","354.0","2272","12.0","452","2709.5830265207533","1538734235.0","1541803847","1565936340.0","1573988675","89.0","5.48405525049976","100.0","355.0",""
"MachinShin2006","19130","986.0","18144","49.0","4988","7150.370266483553","1157687501.0","1158119830","1572993467.0","1742347731","100.0","5.620282252063612","100.0","308.0",""
"LeifEriccson","59067","14608.0","44459","240.0","7802","4652.526213003855","1377829034.0","1373933557","1730604304.0","1731528173","100.0","5.146866173935685","100.0","1151.0",""
"JohnnyRelentless","181768","6471.0","175297","262.0","29845","5189.570247286898","1352732416.0","1327532953","1754698417.0","1742855929","100.0","6.278288512068277","100.0","3589.0",""
"8bitsquid","5316","1477.0","3839","11.0","614","5307.8069549053935","1318460962.0","1317317302","1549040075.0","1581540718","28.0","1.930231371750907","100.0","194.0",""
"heyheyluno","61463","9819.0","51644","184.0","5082","4974.486487043183","1350356019.0","1346116192","1753648816.0","1742822681","100.0","4.693884679243805","100.0","626.0",""
"cyberworm_","6606","1184.0","5422","73.0","1347","4877.552779396715","1356634280.0","1354491265","1580692610.0","1742275304","100.0","3.701933250153071","100.0","426.0",""
"Littlefreak100","18864","8707.0","10157","73.0","1330","3257.6828781007894","1495748126.0","1494448025","1722073991.0","1736783925","100.0","5.153198986293592","100.0","434.0",""
"Fiery_Eagle954","97027","47402.0","49625","141.0","4304","2843.2243313431823","1534000704.0","1530257244","1754397899.0","1742766999","100.0","6.138381647688572","100.0","1099.0",""
"bikki420","36713","349.0","36364","18.0","5275","5236.856652784698","1379159122.0","1323447412","1608434650.0","1674731693","100.0","5.462182112102916","100.0","932.0",""
"redridingruby","13205","60.0","13145","5.0","1973","3222.976589831249","1527668496.0","1497446650","1745151142.0","1737499788","100.0","4.708695723977303","100.0","578.0",""
"Oliver-ToyCatFriend","15014","611.0","14403","27.0","2192","3001.519813948798","1516847519.0","1516580516","1584456592.0","1600545546","100.0","4.869154044788479","100.0","1156.0",""
"ShowMeTheTyrant","33524","24225.0","9299","124.0","1443","2770.444959243012","1536543097.0","1536545384","1669219852.0","1670117359","61.0","2.3536072158057797","100.0","1106.0",""
"OGbinky","29172","583.0","28589","33.0","1345","3151.6511810138904","1504755405.0","1503609167","1743108972.0","1705074895","100.0","4.322048350890679","100.0","576.0",""
"Evocatus_Preliator","34137","234.0","33903","44.0","1705","3709.084057571656","1455698044.0","1455446967","1588167213.0","1598318157","100.0","5.66616992522634","100.0","722.0",""
"-DollFace","72613","443.0","72170","38.0","2988","2972.4681499472813","1519090098.0","1519090582","1596609584.0","1742746185","100.0","5.449352957429083","100.0","826.0",""
"President-of-Reddit","171405","140384.0","31021","1037.0","3665","3791.2890356032053","1448379077.0","1448344458","1676345798.0","1686264019","100.0","4.634003822798493","100.0","521.0",""
"Morgo311","26105","18349.0","7756","246.0","1746","4964.469735707895","1348217458.0","1346981646","1752773732.0","1742731962","100.0","5.537934532288052","100.0","481.0",""
"MorpheusIndustry","12697","2329.0","10368","24.0","1073","2410.6222878379044","1568279175.0","1567634066","1670542664.0","1676416211","45.0","2.8551103377076195","100.0","436.0",""
"TKN","24204","1174.0","23030","64.0","4644","6936.868544881942","1169621642.0","1176566391","1740830985.0","1742538141","35.0","1.0240408378774906","100.0","725.0",""
"Solidarity365","121124","45195.0","75929","260.0","10701","3307.5941531244334","1490314920.0","1490135699","1752676930.0","1742858244","100.0","4.051161397877488","100.0","2108.0",""
"pap3rw8","76560","20290.0","56270","255.0","6967","6792.615930854027","1189084704.0","1189029818","1727745497.0","1738869931","100.0","4.935468499249314","100.0","1161.0",""
"soliderboypop","81446","25394.0","56052","221.0","3873","3701.873890231318","1456089920.0","1456069931","1586556093.0","1607876080","100.0","5.81376074811349","100.0","1294.0",""
"Leav","29313","11058.0","18255","255.0","2672","6237.755679050268","1294982700.0","1236969745","1693338386.0","1693423241","100.0","6.024527598182118","100.0","652.0",""
"wombatmagic","35439","2867.0","32572","105.0","4586","3338.9147364113423","1488118106.0","1487429603","1746882338.0","1742850039","100.0","2.523186293018252","100.0","2193.0",""
"___OP____","284181","75873.0","208308","149.0","7195","4040.497894240267","1465918177.0","1426812819","1688587238.0","1689557486","100.0","6.452789843873587","100.0","1028.0",""
"Big_J95","18725","1280.0","17445","18.0","1993","3543.236627185731","1470189105.0","1469776193","1671718040.0","1686056663","100.0","5.5789087993654345","100.0","656.0",""
"KnashDavis","38587","7722.0","30865","895.0","10399","4920.841529670115","1357542688.0","1350751130","1747521702.0","1742491205","100.0","5.535121138902607","100.0","511.0",""
"Jinjrax","62205","5511.0","56694","79.0","3411","3394.142091916899","1495885956.0","1482657962","1748431276.0","1742654822","100.0","3.069898582108002","100.0","1544.0",""
"pipiopi","133160","4738.0","128422","87.0","11404","4899.553151601945","1352685614.0","1352590447","1672701946.0","1679532755","100.0","6.467600888320033","100.0","858.0",""
"Chispy","1435673","745544.0","690129","9099.0","37810","5210.241618863995","1333662611.0","1325746964","1755984913.0","1742825810","100.0","5.643481083529788","100.0","7011.0",""
"therealml","5867","2474.0","3393","83.0","1436","2815.5396113535403","1540413296.0","1532649218","1600394340.0","1601355786","100.0","3.596770606036354","100.0","970.0",""
"Touristupdatenola","909473","697602.0","211871","3679.0","14000","4609.946912759678","1377858814.0","1377612428","1754337797.0","1742558615","100.0","3.496250261272987","100.0","3847.0",""
"AnomalousM","8307","4388.0","3919","43.0","1301","4568.184975045439","1407204045.0","1381220660","1639088701.0","1663868326","100.0","5.700185686724856","100.0","472.0",""
"swiskowski","31906","8777.0","23129","335.0","6480","3870.212507524027","1441861580.0","1441525482","1587238135.0","1607879269","100.0","4.771558103087653","100.0","1769.0",""
"Panthris","2657","665.0","1992","24.0","425","2982.9357317491067","1518184449.0","1518186196","1746538009.0","1722384457","16.0","2.3455572206331583","100.0","142.0",""
"bitterjack","53668","6027.0","47641","135.0","7079","5685.2419769788785","1296225466.0","1284706937","1754284998.0","1742573917","100.0","5.5046294850377775","100.0","869.0",""
"Kyr4l","79259","68169.0","11090","237.0","2288","2824.9940898473396","1533375111.0","1531832355","1623595898.0","1643322842","100.0","4.795514392401278","100.0","1229.0",""
"JamesTheJerk","448622","36473.0","412149","553.0","45366","4916.391058573624","1351577002.0","1351135658","1756147934.0","1742856715","100.0","5.638908439097252","100.0","3540.0",""
"Nuguns21","60312","2534.0","57778","183.0","7652","4386.714631964791","1400963185.0","1396899703","1585815307.0","1591936040","100.0","5.928215246677129","100.0","1482.0",""
"Avatar_of_Green","52185","1569.0","50616","31.0","7402","3117.356282044365","1519279888.0","1506572265","1731255251.0","1742648712","100.0","5.968389588389677","100.0","948.0",""
"l2daless","9147","1827.0","7320","257.0","3275","6736.720096059933","1193859221.0","1193859232","1753309214.0","1742777246","100.0","4.6592897251380165","100.0","707.0",""
"iFunnyPrince","47900","5629.0","42271","145.0","5065","4535.338354749327","1385073671.0","1384058615","1609955046.0","1611864953","100.0","6.263826304768393","100.0","1332.0",""
"GSUGinger","4488","1521.0","2967","61.0","537","2705.967482482788","1542825782.0","1542116259","1718752542.0","1724186208","100.0","5.589361486130076","100.0","235.0",""
"ObiBen","18280","4310.0","13970","112.0","3181","6094.848624607407","1270669868.0","1249316929","1752325046.0","1742679106","93.0","5.61899079753073","100.0","206.0",""
"Py687","33546","4781.0","28765","174.0","5662","4159.359337024377","1422878603.0","1416543204","1754410184.0","1742850836","100.0","4.369702347705976","100.0","819.0",""
"Kasufert","73026","42173.0","30853","479.0","5802","4996.390119085464","1418627675.0","1344223745","1648095134.0","1649212040","100.0","5.991122742355259","100.0","708.0",""
"iBird","485560","162921.0","322639","771.0","23653","6278.26638812521","1256831097.0","1233469637","1754260951.0","1742729488","100.0","5.042284690963698","100.0","3371.0",""
"toxic_joe","19172","56.0","19116","10.0","905","4288.939392175253","1420908474.0","1405347490","1749582916.0","1742589376","80.0","4.6641213036250875","100.0","294.0",""
"ajb1102","12116","7917.0","4199","74.0","646","4078.415509664375","1425948194.0","1423536754","1756041579.0","1742225076","100.0","4.787605425896528","100.0","364.0",""
"iPadCaryVR","24020","3584.0","20436","286.0","10470","2829.4541147930313","1531450221.0","1531447019","1588185762.0","1584129816","100.0","3.5990516489649313","100.0","3882.0",""
"mrdoom","22930","5091.0","17839","81.0","6414","5817.908670059605","1296348961.0","1273244546","1755604050.0","1742823636","100.0","4.263954213913689","100.0","1442.0",""
"jameye11","126037","60237.0","65800","312.0","3544","3088.8650914782506","1508883104.0","1509033912","1755890663.0","1742472067","100.0","6.334042875081955","100.0","1180.0",""
"chapstickbomber","110992","10556.0","100436","119.0","20924","5300.861871818809","1317917091.0","1317917391","1732081002.0","1742828126","100.0","2.9216538730127697","100.0","3849.0",""
"pastorgasssssss","3379","2693.0","686","91.0","169","2637.366507902325","1545600797.0","1548043391","1753812885.0","1737128062","61.0","5.5086674628337855","100.0","210.0",""
"ItsOkToBeWhiteX10000","56646","51477.0","5169","520.0","1504","2684.8075821106245","1543906834.0","1543944483","1605285694.0","1621098143","100.0","5.119267384123448","100.0","1112.0",""
"Sobsz","159394","20909.0","138485","356.0","12097","3772.9795436755207","1452704800.0","1449926426","1751307804.0","1742055479","100.0","5.599644972997538","100.0","2365.0",""
"SrBoreas","15265","115.0","15150","8.0","1032","2907.7256728641414","1548014235.0","1524684361","1655336097.0","1742482543","100.0","5.1993132940355","100.0","368.0",""
"RyanCap217","17933","3715.0","14218","88.0","1970","4901.884892144421","1354970450.0","1352389005","1728802631.0","1739480064","89.0","4.434457632689233","100.0","330.0",""
"GreenChevy09","23535","2475.0","21060","59.0","1337","3044.750616017467","1513079650.0","1512845407","1615608571.0","1616598366","100.0","5.8260567847051625","100.0","643.0",""
"magadget","204354","145811.0","58543","2035.0","10320","5676.975761750255","1285487856.0","1285421155","1625045848.0","1643645376","100.0","5.313142670859538","100.0","2839.0",""
"jamdram","4490","1088.0","3402","15.0","258","4140.469124426284","1438164319.0","1418175329","1554154859.0","1731065253","25.0","4.014210911577201","83.0","100.0",""
"9faggerz","16371","12916.0","3455","92.0","1147","3210.8136686146313","1498495002.0","1498497562","1583269283.0","1584488399","100.0","4.769231777173524","100.0","530.0",""
"ElCamo267","264250","149647.0","114603","1039.0","7953","5023.487968711828","1334177923.0","1341882503","1755817191.0","1742835335","100.0","5.164674852888995","100.0","2061.0",""
"fatesjester","27101","4887.0","22214","229.0","4185","5110.198600156078","1338691675.0","1334390705","1729209171.0","1731610549","56.0","2.479159671731594","100.0","951.0",""
"RazsterOxzine","144988","14672.0","130316","499.0","22800","5944.581233650601","1269617499.0","1262300046","1752599936.0","1742838283","100.0","5.118189043796999","100.0","1423.0",""
"avantesma","35684","2595.0","33089","129.0","3687","4184.337015673819","1414139624.0","1414385147","1755556219.0","1740348221","100.0","5.96202870881954","100.0","744.0",""
"zayonis","33146","12002.0","21144","307.0","2718","5354.547591890776","1313979624.0","1313278954","1753964074.0","1741967091","100.0","5.615495902673858","100.0","877.0",""
"AssAssIn46","118147","46607.0","71540","540.0","9129","3772.606510634999","1449950079.0","1449958664","1715968807.0","1742688018","100.0","4.621908302220616","100.0","1323.0",""
"sordin13","934","276.0","658","34.0","297","3007.1673618670857","1490271251.0","1516092607","1630240533.0","1630357764","95.0","5.531723564418058","100.0","302.0",""
"ingy2012","27871","2765.0","25106","366.0","7610","6036.553675940751","1268101791.0","1254353630","1708518940.0","1742050424","100.0","3.5217227875635007","100.0","2711.0",""
"RZA3663","3869","30.0","3839","3.0","3920","3186.7458118163327","1580075888.0","1500577030","1679435622.0","1742856294","63.0","2.2431738660378526","100.0","1310.0",""
"Kaarsty","122853","18824.0","104029","782.0","19853","3528.60110764493","1473532121.0","1471040733","1692045601.0","1692106109","100.0","5.808857025858292","100.0","2880.0",""
"bawitback","65528","20813.0","44715","2478.0","22807","4998.496942503899","1349132816.0","1344041734","1755752768.0","1742855100","100.0","4.809240349884975","100.0","3443.0",""
"matt_finch","4295","965.0","3330","21.0","834","2930.309113196515","1524579400.0","1522733163","1574118576.0","1587490302","100.0","5.772935559619528","100.0","572.0",""
"Hubertus_Hauger","59799","27575.0","32224","1246.0","12016","3275.729297042707","1492926724.0","1492888860","1706863002.0","1709734938","23.0","0.8656722239968954","100.0","7226.0",""
"youni89","169948","43491.0","126457","1131.0","20593","5230.473320079794","1324578355.0","1323998977","1656934899.0","1656992240","100.0","5.705080661732496","100.0","3221.0",""
"JessLynnStudio","18157","560.0","17597","9.0","1325","2751.811798438786","1548187408.0","1538155333","1690603306.0","1742754494","95.0","4.72886351680459","100.0","396.0",""
"Bartman383","434659","100440.0","334219","386.0","72233","5001.790693627825","1354504333.0","1343757157","1737602818.0","1742846631","100.0","1.5038017678524007","100.0","31670.0",""
"PotatoSaIIad","38248","18363.0","19885","118.0","1533","4537.063883574503","1383986060.0","1383909555","1722805547.0","1735131655","75.0","3.963940565438339","100.0","297.0",""
"Belmish","74015","60207.0","13808","357.0","2589","5281.766486865556","1319553474.0","1319567251","1720640452.0","1742545781","100.0","5.862542222890658","100.0","434.0",""
"Everythings","93805","895.0","92910","84.0","20065","4924.345116041032","1363969917.0","1350448458","1654012045.0","1658454343","100.0","3.8894485864595647","100.0","3921.0",""
"radii314","230251","27294.0","202957","945.0","37977","5087.635913196526","1334688515.0","1336340134","1654647228.0","1654661591","100.0","5.0796667043596955","100.0","3126.0",""
"waldo06","665983","215534.0","450449","1267.0","26785","4840.545757976817","1357769163.0","1357688724","1686434019.0","1686527195","100.0","3.106191273847646","100.0","7227.0",""
"RugerRedhawk","386816","9640.0","377176","511.0","96143","6751.014528838173","1194011710.0","1192624223","1753824073.0","1742856631","100.0","5.439748710060095","100.0","2935.0",""
"HerbTrees","77488","72393.0","5095","69.0","940","5180.576028221274","1431137064.0","1328310110","1755469911.0","1720410637","100.0","4.707791205070215","100.0","714.0",""
"sddgfdbdfbdbgfbfgb","171154","158979.0","12175","139.0","328","2562.6367057411703","1554501006.0","1554500068","1582832376.0","1582839204","55.0","4.129925846721768","100.0","1004.0",""
"babyd42","44397","4448.0","39949","145.0","4562","4845.721098921785","1357598129.0","1357241577","1724684313.0","1739274477","100.0","5.477889198070182","100.0","909.0",""
"Ach301uz","16911","856.0","16055","6.0","3500","2590.429195480893","1552398380.0","1552098798","1750098381.0","1730339876","100.0","2.158567338967578","100.0","1383.0",""
"ranshyn","5138","267.0","4871","37.0","1453","4132.542731756229","1418859893.0","1418860189","1641854583.0","1645050568","100.0","5.347932976952245","100.0","1044.0",""
"meatyourmomma","13447","10.0","13437","7.0","934","4709.238571119849","1372440573.0","1369033669","1678408850.0","1686098159","100.0","5.444545616446755","100.0","336.0",""
"WyatTheR10T","29024","3777.0","25247","141.0","3790","4527.285880838368","1415831292.0","1384754382","1609656109.0","1625722361","100.0","6.081169777450774","100.0","488.0",""
"Aplefen","2154","332.0","1822","40.0","190","3245.196511797328","1479722291.0","1495526904","1606230025.0","1606843674","53.0","4.736129220012231","100.0","193.0",""
"Kienose","17667","5661.0","12006","42.0","1031","4379.158439317293","1398847710.0","1397552594","1746200961.0","1742844426","94.0","5.234464733175242","100.0","348.0",""
"Spiph","9355","4323.0","5032","259.0","1250","5015.276270135773","1352914690.0","1342592014","1743442865.0","1736966574","100.0","5.969723822447166","100.0","413.0",""
"SearchLightsInc","154027","28292.0","125735","308.0","8932","3339.6783643311346","1487279633.0","1487363674","1645553992.0","1645698205","100.0","4.583791887170742","100.0","4162.0",""
"SeaSickPirate","72486","34908.0","37578","245.0","2807","4651.361901745349","1374032175.0","1374034217","1706802799.0","1701141820","100.0","4.575986293088249","100.0","791.0",""
"hazeofthegreensmoke","30632","8132.0","22500","130.0","4014","4788.732279299064","1357807458.0","1362165417","1712345862.0","1712346007","100.0","4.903114497122653","100.0","1434.0",""
"Romodude40","37486","24132.0","13354","202.0","2750","3538.8880029151173","1463919412.0","1470151963","1753324165.0","1742460685","100.0","4.327903675284876","100.0","748.0",""
"R3typ3","38981","22108.0","16873","275.0","2455","2698.15733785169","1550329881.0","1542791093","1720748302.0","1742703384","100.0","2.074426304131236","100.0","2527.0",""
"iskin","268961","680.0","268281","38.0","10653","5699.643328148367","1283534370.0","1283462704","1712371359.0","1742836726","100.0","5.0311059239194","100.0","1233.0",""
"SkylineReddit252K19S","210134","165374.0","44760","859.0","8452","2649.740673041261","1546969708.0","1546974294","1744386330.0","1740330682","100.0","5.058225685195746","100.0","2400.0",""
"thenerdydovah","26041","5726.0","20315","250.0","2658","3326.575183861275","1489276142.0","1488495793","1755835743.0","1742609963","100.0","6.121134218320073","100.0","771.0",""
"4trevor4","105923","38750.0","67173","276.0","7043","4837.812620422142","1369841389.0","1357924879","1659129656.0","1661310173","100.0","5.379146520035528","100.0","962.0",""
"swisha223","5504","549.0","4955","30.0","794","3373.314281978621","1484457406.0","1484457536","1743126846.0","1742826942","100.0","5.945757335172163","100.0","246.0",""
"Lazic21","32496","29431.0","3065","78.0","994","4512.733108062896","1404170087.0","1386011750","1730764715.0","1741617973","100.0","4.809307594194425","100.0","412.0",""
"warry0r","87026","57611.0","29415","303.0","1729","4750.572940924504","1366535031.0","1365462389","1746921999.0","1742666297","100.0","6.2099488767986735","100.0","350.0",""
"Lusankya","174059","2402.0","171657","86.0","22506","5573.312044485531","1294247471.0","1294377731","1693281180.0","1742853979","100.0","5.1521826091320975","100.0","2350.0",""
"RadiantPumpkin","183238","37385.0","145853","316.0","12131","3946.6777686119326","1436485048.0","1434918933","1754678208.0","1742834160","100.0","6.101576373540653","100.0","1506.0",""
"New_ShitLord","9004","5194.0","3810","173.0","694","4087.7042795674556","1423644522.0","1422734243","1682937878.0","1682983928","96.0","4.039578830036788","100.0","517.0",""
"ep311","60283","6426.0","53857","209.0","8544","5628.801276932629","1290645738.0","1289583463","1695487165.0","1742688151","100.0","2.540156496871236","100.0","2016.0",""
"nearlydedicated","21888","1317.0","20571","80.0","3358","4207.589883093066","1398961883.0","1412376128","1579332893.0","1596232153","100.0","5.295116309329435","100.0","943.0",""
"sinovictorchan","54194","28665.0","25529","971.0","4682","3021.690468569224","1514944424.0","1514837838","1753205709.0","1742438349","100.0","4.428372412467999","100.0","2965.0",""
"whitefox00","96993","3537.0","93456","85.0","4477","4691.96834557361","1379448249.0","1370525830","1713551747.0","1742663739","100.0","4.825989097423891","100.0","789.0",""
"Letspartyman","9732","4797.0","4935","89.0","690","3720.6787454574746","1445192511.0","1454445252","1735436048.0","1732340259","50.0","2.1013209392512664","100.0","503.0",""
"llamajokey","16411","5835.0","10576","105.0","1532","4799.0391109217235","1373760784.0","1361274917","1738699872.0","1742560596","100.0","6.106693407213292","100.0","385.0",""
"3225678","53178","6685.0","46493","202.0","3365","3974.974430032014","1432473643.0","1432474106","1713387936.0","1715361856","100.0","5.886747723909366","100.0","1007.0",""
"Jeb_Kenobi","49896","17456.0","32440","274.0","3911","3736.781820561298","1453243404.0","1453053948","1754319905.0","1742846372","100.0","4.771966003972141","100.0","758.0",""
"ace-","5493","384.0","5109","43.0","928","5191.821722964098","1339056429.0","1327338501","1745983801.0","1739206235","75.0","5.168217017239335","100.0","342.0",""
"Starbursty2122","26621","335.0","26286","30.0","3112","4406.674680553611","1397491194.0","1395175206","1623802734.0","1652281922","100.0","5.495426995226965","100.0","1433.0",""
"Nerdialismo","229740","148672.0","81068","755.0","14195","3942.818413753217","1446133208.0","1435252388","1755907303.0","1742851083","100.0","5.572826005340493","100.0","1985.0",""
"Cytoxin","5551","3092.0","2459","42.0","592","4483.208123111413","1388460111.0","1388562718","1640812842.0","1735186008","34.0","3.5807373713351187","100.0","195.0",""
"rareiamgery","73529","20606.0","52923","213.0","5371","5006.511925057838","1214766604.0","1343349270","1588139774.0","1598822971","93.0","3.5822940682057416","100.0","2098.0",""
"Yaastra","40024","4123.0","35901","105.0","6046","4053.469177056819","1431559360.0","1425692164","1738177954.0","1742672249","100.0","4.1951866130960305","100.0","1414.0",""
"Hunonedred","57472","41460.0","16012","271.0","1844","3546.8747619220144","1469408666.0","1469461922","1747838963.0","1740849859","100.0","4.926823357511344","100.0","553.0",""
"Fat_Head_Carl","491745","26538.0","465207","283.0","41022","4772.532084929375","1366853706.0","1363565130","1721495122.0","1742678852","100.0","6.223879463609653","100.0","2459.0",""
"ThePlanetFinder","21271","3056.0","18215","64.0","3124","2883.405135248888","1535522692.0","1526785699","1649969716.0","1643672657","100.0","5.927358948986172","100.0","1168.0",""
"spittingdingo","24709","139.0","24570","11.0","2533","3267.954137217085","1494769323.0","1493560666","1704997751.0","1742681334","100.0","5.720499484630129","100.0","452.0",""
"CAW4","29023","1485.0","27538","56.0","4709","5784.799976925453","1294955015.0","1276105186","1733792718.0","1739410636","100.0","5.574368637988601","100.0","541.0",""
"InsidAero","61179","24031.0","37148","1565.0","7452","3958.2041383260766","1432959772.0","1433923067","1755110332.0","1677708038","100.0","4.023132615045309","100.0","2572.0",""
"yodaman1","67950","192.0","67758","50.0","10172","4936.743994035591","1360858702.0","1349377224","1564498974.0","1688120994","100.0","5.8635470486143415","100.0","2400.0",""
"bencelot","756072","628584.0","127488","435.0","5539","5518.379093716909","1297750512.0","1299123952","1755268782.0","1742808259","100.0","4.074225706618544","100.0","1681.0",""
"MayBeeMaybeKnot","39379","378.0","39001","15.0","2612","3026.5811719046396","1519878362.0","1514415293","1657780849.0","1662017664","100.0","5.299926820743577","100.0","800.0",""
"superfish1","56584","5853.0","50731","86.0","5172","5104.486733055313","1334727320.0","1334884253","1641507235.0","1671665065","71.0","2.671275595799622","100.0","1192.0",""
"CanonRockFinal","14707","62.0","14645","33.0","5605","3382.1290314185976","1494533309.0","1483695960","1580971406.0","1581393377","100.0","5.874440623027087","100.0","1268.0",""
"FlipsideTripping","19784","15563.0","4221","836.0","2909","3881.5745247447544","1440544407.0","1440543870","1605823870.0","1604436968","100.0","3.8964501852949858","100.0","1184.0",""
"Llodsliat","1462103","1123600.0","338503","1868.0","29222","3810.455724036205","1446360499.0","1446688535","1711755071.0","1711947608","100.0","6.102039035935455","100.0","4691.0",""
"duescruentus","27506","15812.0","11694","100.0","1440","4183.667721935489","1483497657.0","1414443019","1620147638.0","1740426758","100.0","5.79389199812111","100.0","592.0",""
"haveyouseenmymarble","20460","100.0","20360","8.0","3108","3430.622427963145","1481136726.0","1479506133","1684531084.0","1739363280","87.0","2.5053273222171795","100.0","980.0",""
"SatanicBeaver","79365","10957.0","68408","215.0","6434","4817.343129505648","1359690546.0","1359693466","1751522534.0","1740282457","100.0","5.8321670190076285","100.0","1003.0",""
"moschles","319237","153527.0","165710","1974.0","28618","4508.404976042211","1386397492.0","1386385723","1756110320.0","1742839845","100.0","6.123848416920497","100.0","2930.0",""
"Turtuloo","32566","4505.0","28061","107.0","3429","2696.4360958892603","1546393243.0","1542939836","1748898992.0","1741557269","100.0","5.902689345589092","100.0","1162.0",""
"TheGemKingMXL","84040","50581.0","33459","159.0","2072","3183.872552088634","1500803261.0","1500825327","1664309803.0","1669138948","100.0","4.990312562933986","100.0","694.0",""
"ZorbaTHut","671798","41214.0","630584","503.0","69318","6711.731389545382","1195961204.0","1196018324","1755248987.0","1742859902","100.0","4.4435983838629065","","",""
"L0ading_","42476","14783.0","27693","100.0","5258","5307.348421165579","1317604829.0","1317357013","1700414281.0","1742615296","100.0","5.616817274823287","100.0","1306.0",""
"ElurSeillocRedorb","33140","9267.0","23873","37.0","1497","3945.560430042418","1435367714.0","1435015496","1584034197.0","1589664555","71.0","3.368840091112753","100.0","971.0",""
"Fergus_the_Trump","4522","647.0","3875","25.0","823","3299.42709864434","1530465940.0","1490841417","1721436831.0","1722656224","100.0","5.473569681707755","100.0","298.0",""
"Talking_Sponge","5529","7.0","5522","1.0","271","4721.082037030012","1389247053.0","1368010431","1389247053.0","1597233830","36.0","4.5031778699690905","100.0","185.0",""
"3rdEyeBall","12818","1469.0","11349","100.0","4552","4959.231661437408","1357618372.0","1347434304","1739401622.0","1742788135","17.0","2.952775245674988","67.0","119.0",""
"richhomieram","72605","16826.0","55779","1026.0","6718","4112.376066408088","1424109846.0","1420602628","1639157324.0","1641416721","100.0","5.339694392734965","100.0","1072.0",""
"fenite","34267","15900.0","18367","79.0","907","3711.4236299186337","1503665461.0","1455244919","1750617102.0","1740283159","100.0","4.305943284383231","100.0","356.0",""
"SnazzyButterfly","5800","1524.0","4276","72.0","1120","4965.39879851743","1357912454.0","1346901465","1585920335.0","1593137285","100.0","5.454556502323349","100.0","511.0",""
"TechnicallyHankHill","128791","19880.0","108911","232.0","5944","2425.848527252246","1566521680.0","1566318609","1753643917.0","1742804939","98.0","4.51304775726597","100.0","2236.0",""
"PedanticallySemantic","75536","71204.0","4332","1290.0","3434","2586.173684307359","1552439500.0","1552466516","1624009590.0","1612090125","100.0","4.056159556551648","100.0","4947.0",""
"new-monkey","43162","31611.0","11551","213.0","1256","3389.5245129580217","1480896355.0","1483057005","1599952495.0","1608086400","80.0","2.9235109536467894","100.0","1254.0",""
"TheSpiffySpaceman","144083","40807.0","103276","327.0","10495","5482.407517300303","1302152014.0","1302231914","1756085950.0","1742654902","100.0","6.195082643439093","100.0","625.0",""
"PityFool","199747","118388.0","81359","306.0","7213","6175.356898773031","1257298098.0","1242361088","1753560632.0","1742789064","100.0","5.187315734333476","100.0","1716.0",""
"betancourt1","4200","1024.0","3176","43.0","705","5247.344185168713","1445623185.0","1322541387","1643913218.0","1621864478","43.0","1.8106750453663134","100.0","488.0",""
"BrownLightning88","115788","71070.0","44718","1045.0","10668","2932.0632882879177","1522788872.0","1522581657","1754975777.0","1742856750","100.0","5.235533851049977","100.0","2848.0",""
"TheGoldenCaulk","488446","92753.0","395693","287.0","33026","4445.968502961064","1391782851.0","1391780247","1754398338.0","1742683870","84.0","2.4990330972266372","100.0","7678.0",""
"Austacker","54026","5513.0","48513","161.0","13914","5143.574509060322","1392788438.0","1331507090","1749512746.0","1737853252","100.0","4.601205497121841","100.0","1311.0",""
"MonkeyDKev","88007","9425.0","78582","23.0","6188","4333.33990921206","1403920558.0","1401511361","1729767563.0","1742814799","100.0","4.635797611914441","100.0","790.0",""
"JoshyPow","18424","14542.0","3882","50.0","445","2545.828190930047","1552781163.0","1555952374","1753043479.0","1720084711","39.0","4.077944208084873","100.0","377.0",""
"Rat_Stick","53961","3734.0","50227","29.0","1149","3248.7288106191795","1496379108.0","1495221761","1663460936.0","1672180336","100.0","5.395913389751167","100.0","406.0",""
"Boo_R4dley","257600","9916.0","247684","111.0","18448","4874.460834097073","1358735214.0","1354758515","1685021879.0","1687815935","100.0","5.808942950883948","100.0","2192.0",""
"325Gerbils","13208","3450.0","9758","242.0","4787","3533.6430510318996","1470607132.0","1470605172","1584746441.0","1684962458","93.0","4.827538845850446","100.0","495.0",""
"JanetYellensFuckboy","1564440","663581.0","900859","4397.0","80301","3857.7488694587378","1448288537.0","1442602431","1645627230.0","1645632883","100.0","3.4644769401952478","100.0","32440.0",""
"happpster","10297","395.0","9902","45.0","2340","3742.6052421650456","1477791411.0","1452550841","1585797511.0","1584211469","80.0","2.945812462252601","100.0","1594.0",""
"Lu1g1number1","15005","4527.0","10478","79.0","1224","2885.6509085186103","1527768086.0","1526591696","1582618628.0","1604264791","100.0","5.21000635167592","100.0","726.0",""
"NobreLusitano","13825","490.0","13335","37.0","1629","2850.616355701227","1529616036.0","1529618682","1745837083.0","1742463349","100.0","5.360939711667078","100.0","675.0",""
"DAYNGER_DAYN","15135","4347.0","10788","95.0","461","4178.559383464977","1414884025.0","1414884405","1710373786.0","1710373813","71.0","5.800792365436223","100.0","187.0",""
"MayorMarla","3810","735.0","3075","35.0","921","4169.12085984626","1416459956.0","1415699894","1623733389.0","1708835191","100.0","5.983482652101494","100.0","325.0",""
"TripleOGeg","230143","5286.0","224857","71.0","19541","4567.772698939442","1381171745.0","1381256377","1582979348.0","1596906061","100.0","5.788641821020644","100.0","1833.0",""
"maniakb416","161811","37432.0","124379","406.0","12486","4763.420552788252","1364351364.0","1364352403","1641089486.0","1705528121","100.0","6.1362757303601025","100.0","1798.0",""
"pete7201","304982","178858.0","126124","32522.0","29240","3827.9848301599754","1445388465.0","1445174050","1633988262.0","1635952215","100.0","3.605651421377966","100.0","8906.0",""
"Nick_Dice","38951","28033.0","10918","186.0","1179","2578.9465380413776","1553201386.0","1553090959","1625171709.0","1626704439","100.0","5.468184810434753","100.0","598.0",""
"Byrned420","1632","6.0","1626","3.0","378","4654.78649862043","1454737264.0","1373738387","1606781700.0","1654550460","31.0","3.8584205101705873","100.0","383.0",""
"SevenMartinis","17300","2162.0","15138","16.0","2384","5692.844733444306","1407216615.0","1284050156","1588273227.0","1601571586","100.0","5.915671488933915","100.0","499.0",""
"ChainChompsky","87565","7658.0","79907","196.0","13270","5445.783018177221","1302578852.0","1305396289","1668119641.0","1742329577","100.0","3.6498954197703495","100.0","1264.0",""
"bijouokface","12813","120.0","12693","3.0","791","4144.6542405778255","1516643605.0","1417813816","1574992456.0","1625074632","68.0","3.5066249967469423","100.0","309.0",""
"ur_mpm","41979","38012.0","3967","345.0","1068","2788.5776151543055","1534790451.0","1534978837","1735678045.0","1721243789","100.0","4.758396833982733","100.0","788.0",""
"lihimsidhe","44052","14589.0","29463","366.0","6473","4876.679206927755","1358276483.0","1354566860","1743171926.0","1741603775","100.0","3.741767158683362","100.0","1095.0",""
"jav099","74335","65866.0","8469","164.0","1535","4109.94953666663","1420765378.0","1420812304","1726089915.0","1740282874","100.0","5.605618758055922","100.0","916.0",""
"snifty","48918","12029.0","36889","725.0","7236","7304.387853309733","1177528953.0","1144812834","1755529592.0","1742518684","100.0","5.706928241315497","100.0","821.0",""
"Datgodapple","21683","3191.0","18492","89.0","3046","4266.942292927106","1407794471.0","1407248131","1672075291.0","1687161756","100.0","5.533626016204984","100.0","346.0",""
"lesecksybrian","21178","1716.0","19462","59.0","3323","4435.710343297061","1415901245.0","1392666572","1739932599.0","1741243523","100.0","6.148889502294711","100.0","640.0",""
"TheFerretman","73709","33949.0","39760","2006.0","24993","5701.948652243402","1285176243.0","1283263584","1682716872.0","1682732812","100.0","5.546359391015383","100.0","4470.0",""
"Medial_FB_Bundle","82725","978.0","81747","33.0","8157","5626.1421309666775","1321739648.0","1289813268","1641862359.0","1742792592","100.0","5.964520881062926","100.0","1171.0",""
"BoneHugsHominy","597253","4130.0","593123","70.0","38487","3262.934405697187","1494106129.0","1493994416","1737152813.0","1742860516","100.0","6.039544720485772","","",""
"RikerSays","3923","32.0","3891","4.0","605","2406.829354324446","1573801308.0","1567961893","1605843277.0","1625072200","59.0","2.725768946909495","100.0","362.0",""
"Griseplutten","20272","2169.0","18103","161.0","2142","4294.74580729337","1446032589.0","1404845912","1711307766.0","1741465331","97.0","4.994129082571866","100.0","503.0",""
"PJMFett","14529","271.0","14258","6.0","2779","3232.9422720830307","1499212490.0","1496585738","1751142167.0","1742829541","100.0","4.907492923038307","100.0","486.0",""
"bluebullbruce","104331","68490.0","35841","326.0","6393","3537.2190953583795","1468226858.0","1470296221","1743523578.0","1742675078","100.0","4.7260188739180755","100.0","1624.0",""
"pfftYeahRight","395242","83198.0","312044","1373.0","29596","5183.616636484166","1328654081.0","1328047474","1752660845.0","1742769945","100.0","3.582569239566925","100.0","3632.0",""
"Cumbria-Strong","8379","2231.0","6148","18.0","1661","2582.996261276043","1553430182.0","1552741075","1566657036.0","1573352300","100.0","5.811773352403211","100.0","1171.0",""
"sskkarz","13166","5683.0","7483","56.0","1411","4732.679265491632","1412345191.0","1367008464","1644668525.0","1649628249","100.0","6.2199252324781344","100.0","571.0",""
"AdaGirl","61734","22400.0","39334","51.0","1872","3461.899839038253","1476800477.0","1476803807","1718114205.0","1718114750","100.0","5.387445794207418","100.0","544.0",""
"Average650","170604","1555.0","169049","216.0","23815","6040.933711472162","1254940758.0","1253975281","1745942546.0","1742856320","100.0","5.408291316534491","100.0","2550.0",""
"-VeggieStraw-","12815","10860.0","1955","110.0","394","2827.8917269918875","1531092722.0","1531582109","1743295292.0","1626130684","100.0","5.86375745324859","100.0","425.0",""
"kowlown","13540","182.0","13358","16.0","1704","5247.761374483103","1516025599.0","1322505372","1755434906.0","1742806914","100.0","6.12663828283285","100.0","381.0",""
"kidkoala_1","34139","15934.0","18205","368.0","2951","3858.2316481403814","1442343865.0","1442560741","1649016586.0","1649041810","100.0","5.858790777655298","100.0","1447.0",""
"JesusHolyChrist","109009","52803.0","56206","52.0","2388","3009.4317704597916","1515893533.0","1515897051","1638556107.0","1643930578","100.0","5.683171430685039","100.0","881.0",""
"charlesdickinsideme","109118","29756.0","79362","156.0","9915","3204.574994834165","1498933498.0","1499036677","1686099497.0","1688447241","100.0","5.593166693719106","100.0","1784.0",""
"Gnerus","30173","1129.0","29044","6.0","5154","3694.9514365808554","1470164651.0","1456668153","1640991664.0","1641319596","100.0","4.768959319599702","100.0","1640.0",""
"BenjiYokai","11596","7995.0","3601","357.0","1435","3530.3701234727323","1527531868.0","1470887979","1588221269.0","1582865088","100.0","5.5010834379543585","100.0","1016.0",""
"Jimski42","13880","1235.0","12645","74.0","2742","5515.111761899698","1424025493.0","1299406302","1693480688.0","1695259356","100.0","4.2481751056442665","100.0","533.0",""
"AlinaWithAFace","4665","2258.0","2407","35.0","384","4279.987926101099","1405955713.0","1406121002","1742408678.0","1742436768","90.0","5.185969796018252","100.0","227.0",""
"Unseenmonument","45635","4248.0","41387","333.0","4450","4725.521543378681","1367585923.0","1367626898","1745684614.0","1742796897","100.0","5.522944414343147","100.0","938.0",""
"_Fuzzy__","79113","38751.0","40362","434.0","9056","2630.297128929399","1548659549.0","1548654288","1748686822.0","1742580281","100.0","3.009718666881188","100.0","3038.0",""
"KCCCellist","117192","52310.0","64882","842.0","10464","2508.7013012695147","1559423101.0","1559160168","1751085053.0","1738636376","100.0","3.7776616101867515","100.0","3695.0",""
"Blondejobs","15891","4923.0","10968","66.0","1484","4363.656446692883","1432542866.0","1398892044","1587177322.0","1658547221","100.0","5.726773780873403","100.0","788.0",""
"kongu3345","130488","66732.0","63756","162.0","6633","4814.717934651204","1379211875.0","1359920332","1731968082.0","1741431405","100.0","5.22624552245813","100.0","663.0",""
"BadUsernam3","14819","3963.0","10856","144.0","2063","4800.398647003623","1361384914.0","1361157519","1740143735.0","1738014610","100.0","5.308628039845981","100.0","456.0",""
"Dyalibya","96548","6289.0","90259","19.0","11909","4537.639532938693","1399379082.0","1383859907","1639281039.0","1731742733","100.0","4.420613408516817","100.0","1396.0",""
"kuytor435","84777","43067.0","41710","209.0","2882","4249.295025397628","1528046599.0","1408772873","1710653146.0","1725216913","100.0","5.818973525981027","100.0","914.0",""
"MrNomis","17327","1928.0","15399","41.0","4594","4532.918191618451","1384931527.0","1384267833","1747976953.0","1740456549","100.0","4.507833561615637","100.0","1351.0",""
"Destado1","128685","65218.0","63467","311.0","5578","5022.498869454686","1341968029.0","1341968063","1751745294.0","1742834944","100.0","4.761086760036282","100.0","1441.0",""
"jwinter2","336928","320102.0","16826","624.0","2711","3194.9446396757385","1481433015.0","1499868749","1750551716.0","1732258798","100.0","5.550066555332365","100.0","1470.0",""
"zoidbergx","58702","24617.0","34085","450.0","9315","4402.294552885393","1396297168.0","1395553717","1746752209.0","1684030803","100.0","4.656704250978385","100.0","1596.0",""
"sunny_deee","88348","510.0","87838","20.0","5088","3528.3599763058346","1481937429.0","1471061665","1613188618.0","1643666718","100.0","3.9716308485890477","100.0","1679.0",""
"Yeet_Cannon","5442","65.0","5377","5.0","487","2486.59928074345","1574637737.0","1561069790","1586726244.0","1580857173","32.0","3.831019739326309","100.0","421.0",""
"EarthisFucked","13997","4817.0","9180","73.0","858","2502.494553887753","1559695746.0","1559696440","1575832527.0","1576020792","100.0","4.184957325374723","100.0","521.0",""
"TheRealZaineyZaine","3645","1478.0","2167","49.0","553","2587.5917936106935","1552240656.0","1552344039","1613511610.0","1614326011","100.0","5.508968762748108","100.0","372.0",""
"BASGTA","50277","6859.0","43418","345.0","6459","6040.090804213727","1255164408.0","1254048125","1753708686.0","1742601985","100.0","6.057498491062258","100.0","614.0",""
"sablesable","9858","485.0","9373","79.0","2126","4637.662558316122","1375209743.0","1375217926","1709311633.0","1740244554","100.0","5.088367926908338","100.0","625.0",""
"All_The_Numbers","9462","729.0","8733","96.0","2510","3810.4102042373847","1446401590.0","1446692530","1696146285.0","1732149047","84.0","2.5750515750072593","100.0","810.0",""
"spark0","227210","100141.0","127069","330.0","8357","5073.736564684792","1330708316.0","1337541133","1624798370.0","1643664985","100.0","5.968146200585042","100.0","1818.0",""
"BeheritSyriac","14619","793.0","13826","89.0","3677","4731.415472691735","1369194917.0","1367117676","1567202688.0","1573189128","72.0","3.363189615186809","100.0","1410.0",""
"soundacious","36633","11328.0","25305","384.0","4541","6657.608685260716","1218638698.0","1200694583","1753718819.0","1740137318","100.0","5.019732751608139","100.0","434.0",""
"shane-from-5-to-7","18037","3139.0","14898","48.0","1750","3102.9737167739813","1519516304.0","1507815045","1755703287.0","1742693586","100.0","5.853575655785045","100.0","534.0",""
"truffs1010","582892","102757.0","480135","706.0","31260","4867.271419742767","1383628198.0","1355379724","1587636238.0","1596374769","74.0","2.1999381410164296","100.0","16658.0",""
"vpniceguys","109137","87790.0","21347","161.0","2343","5301.685814175487","1323724232.0","1317846321","1755612819.0","1742835494","54.0","3.5582699134990374","100.0","784.0",""
"bluehands","133868","1044.0","132824","49.0","11308","6468.825844314918","1245195616.0","1217005423","1689353682.0","1742850820","100.0","6.226731280833659","100.0","886.0",""
"Vasallo7G","52189","36984.0","15205","1178.0","5379","3840.8847302364366","1444142311.0","1444059536","1751950174.0","1742616824","100.0","3.6957587731071797","100.0","1783.0",""
"Synux","160876","3943.0","156933","357.0","21418","5686.393799929307","1291264360.0","1284607554","1716506297.0","1734894725","100.0","5.151439568705902","100.0","2510.0",""
"beebish","80805","526.0","80279","49.0","5609","4355.696344831006","1426978804.0","1399579815","1650761536.0","1742850052","100.0","5.805658210075912","100.0","1071.0",""
"TheDukeOfDance","59823","6334.0","53489","78.0","4765","3993.940818858577","1431141605.0","1430835493","1639921896.0","1741895173","100.0","6.086299146872437","100.0","1453.0",""
"green49285","280227","250.0","279977","65.0","37708","3918.0499687116676","1462588876.0","1437392463","1702503246.0","1742847217","100.0","2.7198693376243677","100.0","7104.0",""
"MarkissC_","18038","4393.0","13645","110.0","2649","3981.24057694043","1447924298.0","1431932795","1648320530.0","1741294496","100.0","5.197049985287282","100.0","661.0",""
"avsan2","7437","136.0","7301","7.0","514","2415.03773733213","1573170209.0","1567252722","1600093869.0","1635697091","54.0","4.514373339266584","100.0","368.0",""
"turqeeneqq","12279","2198.0","10081","32.0","1132","4748.359039893089","1354057065.0","1365653762","1723013293.0","1741406839","68.0","5.458250439414035","100.0","171.0",""
"EpicLapras","2820","2416.0","404","55.0","337","3678.4749143077543","1457367781.0","1458091751","1650940303.0","1721249632","100.0","5.974909845392294","100.0","331.0",""
"ViVaVl29","21287","12564.0","8723","105.0","1838","4492.555001806054","1395799254.0","1387755232","1744328885.0","1742735265","100.0","5.407369192347079","100.0","704.0",""
"friendlysoviet","98750","2369.0","96381","73.0","10698","5699.751397128215","1285386414.0","1283453464","1746637631.0","1742846489","100.0","5.447352285607177","100.0","1222.0",""
"ltbadpuppy","39487","152.0","39335","27.0","8557","4925.459089931699","1357984676.0","1350352320","1645460003.0","1643671372","100.0","4.190054212056722","100.0","2405.0",""
"Sheer10","58449","24474.0","33975","127.0","6396","3215.5402887067476","1498088939.0","1498089305","1698796589.0","1698866526","100.0","5.158880482339707","100.0","1171.0",""
"BlazeHeatnix83","90817","35803.0","55014","143.0","6148","2645.628883509084","1551157370.0","1547329651","1652086235.0","1655689500","100.0","3.8528322790393674","100.0","2559.0",""
"Qwintro","39218","1824.0","37394","52.0","3679","4282.1771887136","1418550093.0","1405931878","1700826346.0","1742678554","53.0","2.048957245565727","100.0","627.0",""
"MsLyrebird-LuP","12977","171.0","12806","5.0","1347","3060.010770780025","1515588606.0","1511527057","1578477514.0","1625056651","100.0","4.547921790766001","100.0","550.0",""
"rabotat","96946","5157.0","91789","96.0","6141","4089.3512746482065","1422674885.0","1422592038","1751987739.0","1742804857","100.0","5.0130284487958034","100.0","857.0",""
"sweep707","66001","50148.0","15853","197.0","888","4445.942322770832","1391786931.0","1391782572","1670543511.0","1670566251","100.0","5.924923927387767","100.0","387.0",""
"epymetheus","107707","28006.0","79701","223.0","6146","4940.514058345393","1349889271.0","1349051575","1685680308.0","1731370843","100.0","4.00682677338266","100.0","882.0",""
"Kreg72","5187","222.0","4965","16.0","2105","2636.9961365834956","1548770740.0","1548075524","1718697386.0","1742509291","100.0","3.59575583718995","100.0","890.0",""
"axonrecall","79894","36197.0","43697","97.0","3138","4268.421143293011","1413166506.0","1407120404","1747347098.0","1742534555","100.0","5.931437509053333","100.0","726.0",""
"visionz","21475","10959.0","10516","215.0","1939","6064.562530067213","1252001355.0","1251933789","1751424466.0","1742612929","45.0","1.4553925617131398","100.0","754.0",""
"tyleeeer","335135","229941.0","105194","623.0","7402","2839.673034242245","1530563462.0","1530564242","1706206454.0","1706631345","100.0","5.955130020752443","100.0","3283.0",""
"ToniGrossmann","16896","9121.0","7775","95.0","2496","3920.3954284780802","1437213518.0","1437189828","1610736490.0","1619850744","80.0","4.34848440040187","100.0","296.0",""
"thievingstableboy","11464","5521.0","5943","79.0","830","3378.639304842441","1482894696.0","1483997558","1751395523.0","1742851942","57.0","4.225271522840668","100.0","322.0",""
"SirDigbyCeasar","4011","135.0","3876","5.0","576","5078.782343605429","1337519845.0","1337105200","1706804333.0","1741035291","33.0","3.7579492968056933","100.0","199.0",""
"mrcoatrack","4349","744.0","3605","116.0","415","3247.525382034547","1504305199.0","1495325802","1755400107.0","1742848158","18.0","3.7472719372445527","57.0","88.0",""
"mario2506","38961","24110.0","14851","70.0","1832","3578.875551296365","1500542385.0","1466697149","1748449645.0","1723054493","100.0","5.474735043213107","100.0","1179.0",""
"dogrescuersometimes","72576","8004.0","64572","474.0","20111","3959.628628196283","1433868969.0","1433800084","1740208624.0","1741297087","100.0","5.364828902902562","100.0","4320.0",""
"_TheHalfTruth_","97557","10955.0","86602","130.0","13040","3936.7217124421754","1435803481.0","1435779242","1691261569.0","1696601399","100.0","5.403284870580875","100.0","2898.0",""
"PsyJak","59714","3793.0","55921","45.0","7505","3994.624820332119","1433613949.0","1430776414","1752213546.0","1742841599","100.0","4.465987756248568","100.0","1053.0",""
"VulGerrity","66171","7330.0","58841","347.0","11353","5057.378715669952","1328166380.0","1338954478","1734730600.0","1742680232","100.0","6.157335752157731","100.0","545.0",""
"Pili410","12462","9947.0","2515","51.0","362","2818.8673911633564","1532347736.0","1532361857","1643017206.0","1736248332","60.0","4.6595136687385335","100.0","409.0",""
"insanebatcat","29382","12667.0","16715","421.0","3075","4663.655071026644","1372973618.0","1372972202","1741221915.0","1741458024","100.0","5.643423194293387","100.0","713.0",""
"CrookedKeith","47476","26076.0","21400","282.0","2404","3318.521697448343","1489191452.0","1489191726","1711921544.0","1742537681","100.0","5.289407916707697","100.0","901.0",""
"AvengerTree1","5495","28.0","5467","6.0","1607","4832.252433156713","1461775891.0","1358405391","1747669538.0","1742830433","100.0","6.3752704815320795","100.0","566.0",""
"CSGODeimos","102754","33422.0","69332","600.0","15650","3833.785679825743","1444672862.0","1444672919","1716299342.0","1718130232","100.0","5.405935362014587","100.0","2360.0",""
"ImDirtyDan_","14686","334.0","14352","54.0","4632","4278.772583867847","1410032829.0","1406226051","1579467300.0","1702886632","95.0","5.849869513017565","100.0","315.0",""
"KingJosephKony","15932","5844.0","10088","167.0","2017","4423.503056169445","1393727664.0","1393721339","1597775776.0","1598424695","100.0","4.7393770680608185","100.0","625.0",""
"Lenininy","29842","1728.0","28114","108.0","4265","4447.652298645695","1395533361.0","1391634845","1737847661.0","1742796780","100.0","5.404769156242628","100.0","699.0",""
"TDSisReal","1002755","906749.0","96006","755.0","6365","2864.933916953899","1540248769.0","1528381714","1588277546.0","1655706824","75.0","1.3060307799937187","100.0","7081.0",""
"akmjolnir","176812","16120.0","160692","606.0","33014","6221.560022947559","1238167031.0","1238369219","1755642091.0","1742853196","100.0","5.239924735131277","100.0","1961.0",""
"OwnPlant","103634","100238.0","3396","378.0","2885","2713.2228073445376","1552539244.0","1541489555","1660205148.0","1660220434","100.0","4.788994638388894","100.0","2263.0",""
"lizard81288","202435","83685.0","118750","1063.0","13796","3638.2832876363645","1461564886.0","1461564330","1743168521.0","1742845671","100.0","5.606112715950642","100.0","2188.0",""
"avtarius","26498","1437.0","25061","60.0","5960","3491.089995175161","1478371406.0","1474281831","1754199318.0","1742374240","77.0","4.135144976550017","100.0","1431.0",""
"TheChubbyKoala","31788","243.0","31545","11.0","4649","3582.5733342461563","1473457872.0","1466377671","1555122580.0","1741134402","51.0","2.0480554283536074","100.0","1227.0",""
"bingbangbong12","6237","2149.0","4088","268.0","1026","3109.9125532626717","1511227423.0","1507215563","1749108677.0","1742105413","100.0","5.108704423789675","100.0","1228.0",""
"AceroInoxidable","27654","7192.0","20462","372.0","7325","5286.616946904595","1321958539.0","1319148304","1664610018.0","1665515613","100.0","5.348158470445897","100.0","3059.0",""
"Phrag","107939","46714.0","61225","2326.0","10061","6688.673608519319","1201310477.0","1198010609","1687443482.0","1680836333","100.0","4.349924607329797","100.0","1977.0",""
"icameron","76515","143.0","76372","23.0","6095","5124.880073778392","1333078443.0","1333122371","1672495168.0","1742841887","52.0","4.315744964546134","100.0","749.0",""
"damien00012","302177","280922.0","21255","728.0","4177","3815.1946749112867","1446271076.0","1446279190","1697201314.0","1701600748","100.0","5.2056966444412085","100.0","1110.0",""
"Kirby8187","103544","49152.0","54392","168.0","3670","4083.951961591481","1429947691.0","1423058561","1754043983.0","1742551346","100.0","3.5007014854298744","100.0","715.0",""
"icantgetthenameiwant","50269","37160.0","13109","257.0","3819","4669.726689984006","1371670308.0","1372447625","1755899616.0","1742809014","100.0","5.413117980864972","100.0","914.0",""
"maynardftw","296565","9032.0","287533","655.0","38052","5164.614775936527","1330961368.0","1329689295","1749219504.0","1742701550","100.0","5.80915770623488","100.0","2038.0",""
"katrina1215","45104","1776.0","43328","109.0","4097","3094.4974215640623","1508546941.0","1508547435","1669741655.0","1696724399","100.0","4.200153630322325","100.0","1459.0",""
"psirenny","4385","85.0","4300","2.0","716","4575.682323825324","1460228566.0","1380573060","1501537959.0","1600093774","71.0","5.056727949188361","100.0","488.0",""
"jazzar237","1113","60.0","1053","14.0","217","2937.4467516196187","1527732551.0","1522116614","1743087989.0","1721180222","57.0","5.140424997776457","100.0","188.0",""
"_BearHawk","148443","37405.0","111038","429.0","20342","4394.265346853079","1402031024.0","1396247488","1750869698.0","1742783242","100.0","4.632937265296569","100.0","2692.0",""
"IAmIndeedYou","161185","78178.0","83007","137.0","1445","4203.671186951018","1415149261.0","1412714825","1585313111.0","1598121140","100.0","5.20023933607612","100.0","944.0",""
"philmtl","139429","32602.0","106827","2578.0","19592","4875.764989910984","1353436640.0","1354645921","1755289709.0","1742832199","100.0","5.018989098087136","100.0","3038.0",""
"sgt_snuffles02","106939","16053.0","90886","166.0","5296","2623.90750924611","1549205467.0","1549206409","1618618312.0","1645819515","100.0","3.335114431076691","100.0","2201.0",""
"Thedudely1","10124","7947.0","2177","113.0","640","4194.3938613084265","1409190098.0","1413516389","1754639749.0","1742548147","78.0","5.232940546238861","100.0","289.0",""
"nwmark","10985","2548.0","8437","27.0","2024","4715.837015353149","1368748257.0","1368463701","1731462845.0","1734062774","68.0","3.066918839591244","100.0","372.0",""
"kysishuhs","-1113","589.0","-1702","15.0","303","3078.9900076386803","1510461263.0","1509887283","1583409249.0","1589534370","70.0","4.393930589616845","100.0","356.0",""
"DoYouKnowTheTacoMan","32829","19401.0","13428","291.0","1987","4700.09835123374","1376182639.0","1369823523","1740195522.0","1732936182","100.0","5.282148887842451","100.0","704.0",""
"SuiXi3D","94117","2336.0","91781","204.0","11428","5532.219908622569","1298082240.0","1297928221","1631238650.0","1653054759","100.0","5.432622278957877","100.0","1371.0",""
"WeAreAllGeth","29625","9880.0","19745","144.0","1483","4248.420355014779","1408844836.0","1408848503","1749126174.0","1742500770","100.0","4.467557469436169","100.0","483.0",""
"CraftyTim","212363","179552.0","32811","811.0","4329","3968.9152456119104","1506210789.0","1432997745","1754294536.0","1742439111","100.0","5.669811306326839","100.0","1441.0",""
"Cliffinati","384027","51.0","383976","7.0","60876","3669.4693722309366","1463709658.0","1458869869","1608840313.0","1742859492","95.0","3.836301265959772","100.0","6291.0",""
"Cyberphil","22402","16752.0","5650","95.0","1212","4793.763082049017","1361728837.0","1361730893","1692630268.0","1741624603","69.0","5.2893856653389815","100.0","216.0",""
"bakedpotatoancake","78637","72684.0","5953","57.0","344","4020.6543060649547","1428527397.0","1428527492","1681220612.0","1742573640","100.0","5.927408254596194","100.0","330.0",""
"woowoohoohoo","34425","2786.0","31639","115.0","4339","3581.4874720399193","1476274527.0","1466471507","1750706490.0","1742825846","100.0","5.604260449090774","100.0","1582.0",""
"hellomiggy","9381","6727.0","2654","104.0","858","5257.541749026607","1330454889.0","1321660418","1610326604.0","1686530936","63.0","4.0654637937272495","100.0","171.0",""
"jaxx2009","153744","57201.0","96543","765.0","20317","4701.510227515532","1371603352.0","1369701542","1743109829.0","1742518427","100.0","4.510251398777519","100.0","2462.0",""
"classicrando","28800","2108.0","26692","249.0","6391","4365.3452586912945","1399784810.0","1398746196","1603077686.0","1603346964","100.0","5.950640711160302","100.0","1145.0",""
"AggresivePickle","579864","245097.0","334767","590.0","8361","4158.690566200325","1416397864.0","1416601162","1752018870.0","1686347677","100.0","5.816570172878064","100.0","3031.0",""
"Angelobo","7031","638.0","6393","14.0","1002","3732.8825096743526","1456855206.0","1453390979","1714221865.0","1742825389","69.0","3.451735344971949","100.0","391.0",""
"Noogleader","35561","13.0","35548","6.0","7532","4660.7302824606","1425401127.0","1373224932","1606630279.0","1699888922","49.0","1.9262200905744113","100.0","839.0",""
"Elliptical_Tangent","172042","14709.0","157333","394.0","42347","5522.865589980461","1299499017.0","1298736442","1756041050.0","1742855714","100.0","5.2451254587838605","100.0","3953.0",""
"IDontExistOk","17115","13511.0","3604","87.0","674","2601.6488759451386","1550754863.0","1551129567","1755746557.0","1742699539","100.0","5.454313021198067","100.0","259.0",""
"cdw0313","156603","125855.0","30748","171.0","2228","3655.8793336436124","1439326841.0","1460044056","1633231284.0","1634958721","100.0","5.891376789539681","100.0","1270.0",""
"Dariego","6347","1783.0","4564","109.0","1231","4738.879061714226","1371151569.0","1366472880","1658341143.0","1659329106","97.0","4.631921218559496","100.0","583.0",""
"tetractys_gnosys","38284","6165.0","32119","292.0","5138","3409.8300518107058","1481913797.0","1481302715","1754758787.0","1742838179","100.0","5.446743330302951","100.0","902.0",""
"anangusp","22879","2660.0","20219","65.0","2895","4588.003090877232","1379432664.0","1379508565","1612965790.0","1694776413","100.0","5.940416586774727","100.0","579.0",""
"MK19","36608","24220.0","12388","772.0","4809","5532.178676283771","1298577388.0","1297931795","1755801797.0","1742824022","99.0","4.375719563713132","100.0","1331.0",""
"enormastits3","11177","6164.0","5013","87.0","717","3346.1730006667835","1486796851.0","1486802686","1602721690.0","1617459065","100.0","5.15561782622305","100.0","436.0",""
"SorrowfulSkald","45832","3456.0","42376","58.0","7008","4609.605738656088","1382250602.0","1377642098","1727528525.0","1742425069","81.0","1.8859070623224794","100.0","780.0",""
"thewookie34","213552","15635.0","197917","586.0","40973","4414.600872451712","1394488211.0","1394490519","1702098628.0","1704471082","100.0","5.884558164457661","100.0","5472.0",""
"uradonkey003","35827","460.0","35367","43.0","12476","5322.156712405671","1333939185.0","1316077695","1679076185.0","1742345714","100.0","1.0440293296694398","100.0","2975.0",""
"Padapoo","53013","27271.0","25742","282.0","1973","3971.666197940522","1432783148.0","1432760076","1701694651.0","1712951365","100.0","5.039206709694735","100.0","660.0",""
"waterdevil19","149900","3313.0","146587","131.0","19448","6056.626254149664","1254710702.0","1252619529","1723312542.0","1742857065","100.0","5.5652385925649455","100.0","1343.0",""
"ronnieseeger","39834","22436.0","17398","148.0","2685","2438.794767564099","1565205692.0","1565200170","1587869918.0","1591903027","100.0","4.8800874521734725","100.0","1219.0",""
"sinnerdizzle","35060","5211.0","29849","247.0","6785","4573.548330035751","1404154243.0","1380757464","1749043999.0","1742566359","100.0","6.136744199975951","100.0","820.0",""
"Mr_HulaStache64","45569","6407.0","39162","183.0","5387","3432.720477826576","1479325238.0","1479324991","1588032986.0","1581190489","100.0","5.93039280205302","100.0","1268.0",""
"mynameisprobablygabe","68756","3161.0","65595","254.0","13249","3371.751723785671","1485066573.0","1484592692","1615695512.0","1616376074","100.0","5.448535828715324","100.0","3990.0",""
"roqueofspades","156027","11423.0","144604","246.0","9358","3542.9129460600598","1469328088.0","1469804363","1755798572.0","1742781958","100.0","5.759542460954155","100.0","1425.0",""
"LatzeH","49982","24078.0","25904","305.0","3552","4943.8101053564005","1363450499.0","1348766849","1755418030.0","1742759689","100.0","5.422357095133646","100.0","1225.0",""
"one-punch-knockout","1085664","762155.0","323509","1545.0","14588","3655.954707184249","1461739402.0","1460037556","1755401061.0","1742857015","100.0","5.93243376692853","100.0","1836.0",""
"maby51","2414","518.0","1896","91.0","663","5319.698709531446","1316392327.0","1316290075","1741998200.0","1741998613","76.0","4.969782940050264","100.0","337.0",""
"fjaoaoaoao","94035","7959.0","86076","204.0","12722","3967.4151987992477","1454561341.0","1433127371","1753196722.0","1742852547","100.0","5.17627687070774","100.0","1135.0",""
"MyNameIsPhip","48715","39648.0","9067","148.0","2074","3070.2894870362043","1510639397.0","1510639033","1755548533.0","1742440211","100.0","5.0157314658939915","100.0","898.0",""
"rmeddy","177577","35765.0","141812","2141.0","30368","6315.666625531898","1230684035.0","1230238449","1748370851.0","1742763492","100.0","5.186206279911816","100.0","1512.0",""
"JohnJRenns","32965","4884.0","28081","175.0","3672","3930.6132760460896","1440864990.0","1436307059","1641022519.0","1695467247","100.0","5.087739381679364","100.0","664.0",""
"saetyrios","5664","53.0","5611","3.0","319","2798.0840811320145","1535233059.0","1534157582","1545050756.0","1580941238","35.0","3.1433982757820353","100.0","251.0",""
"theHamJam","326023","130549.0","195474","381.0","10142","4355.861911741851","1402765877.0","1399565578","1753593535.0","1742749259","100.0","4.5591594518904905","100.0","2151.0",""
"JRummy91","10887","469.0","10418","40.0","2028","3629.0594086048395","1472879607.0","1462361315","1745987426.0","1742828504","100.0","5.326134357682126","100.0","350.0",""
"Sanity_Assasin","45416","11079.0","34337","288.0","3835","3982.7417644221528","1436064388.0","1431803160","1726797564.0","1727302827","100.0","5.912205721258997","100.0","649.0",""
"fourthwallcrisis","155913","14884.0","141029","370.0","16815","4899.609108286158","1353994571.0","1352585822","1719775339.0","1742683702","100.0","4.630548441529315","100.0","1223.0",""
"SubmersibleGoat","59548","8047.0","51501","282.0","8400","2867.4130730027873","1528419279.0","1528167560","1667930181.0","1668238015","100.0","4.99039153611878","100.0","2820.0",""
"p3ngwin","178730","2682.0","176048","58.0","27247","6368.220220560947","1238437042.0","1225697823","1703131976.0","1741242300","100.0","5.832667231438901","100.0","2406.0",""
"Little200bro","14264","3603.0","10661","109.0","1374","2532.0073575992938","1558456712.0","1557146615","1740369901.0","1742736705","100.0","5.9160070366331095","100.0","440.0",""
"cabeza98","5782","1342.0","4440","46.0","1098","2969.922193175938","1521264749.0","1519310774","1708206274.0","1711685634","100.0","3.986089861712493","100.0","665.0",""
"FrozenPhalanges","20895","4024.0","16871","21.0","1838","3906.6449204812034","1533438652.0","1438377932","1739344175.0","1742254639","100.0","3.7214778271147595","100.0","417.0",""
"absonudely","7642","838.0","6804","9.0","619","4853.438005449283","1371961420.0","1356575010","1573743586.0","1719927369","35.0","2.5340112360852065","100.0","533.0",""
"kindaboth","21048","737.0","20311","29.0","1318","2833.769519189872","1538719836.0","1531074368","1701732033.0","1714365835","100.0","5.200874713034216","100.0","343.0",""
"awanderingsinay","25779","90.0","25689","32.0","3062","4612.209132049895","1379990295.0","1377417186","1680558342.0","1738362703","100.0","5.2439045569013105","100.0","539.0",""
"TripleSecretSquirrel","276195","2564.0","273631","83.0","11058","3162.3697987356836","1502663478.0","1502683305","1749069767.0","1742826134","100.0","4.569311866501085","100.0","1252.0",""
"yuckypants","225003","137962.0","87041","909.0","14063","6790.6347588855915","1256976063.0","1189201213","1755895209.0","1742796289","100.0","5.5903248465146484","100.0","1343.0",""
"sj1young","47070","9184.0","37886","224.0","3069","4859.371574279964","1356041933.0","1356062353","1744981636.0","1742580085","82.0","3.424456214832772","100.0","517.0",""
"DRJT","442249","72496.0","369753","362.0","13391","5336.068756800266","1315597724.0","1314875717","1756131606.0","1742474951","100.0","3.798478768467121","100.0","2088.0",""
"SubieB503","21924","8958.0","12966","240.0","3388","3436.423670904747","1481566616.0","1479005053","1754867250.0","1742597686","100.0","5.707925035321227","100.0","754.0",""
"ZanThrax","249512","19755.0","229757","177.0","29423","6973.672176690728","1209705710.0","1173386783","1679975066.0","1693103745","100.0","5.3070497289323","100.0","2796.0",""
"ThatGuyYouKnowkappa","35612","14810.0","20802","149.0","1345","3919.8615742279394","1437235751.0","1437236021","1712195289.0","1741529127","100.0","4.671068569108247","100.0","519.0",""
"SmokeCloud","11038","1037.0","10001","35.0","2334","5419.199057293242","1312334913.0","1307693263","1639185177.0","1690704307","100.0","5.349633783223796","100.0","551.0",""
"jrod2112","6649","4337.0","2312","69.0","512","3609.6883924729514","1465495868.0","1464034985","1737323323.0","1737329819","100.0","5.492461905472405","100.0","258.0",""
"ShitSportOpinions","73900","10190.0","63710","163.0","8883","3514.1497217254755","1476825718.0","1472289527","1754130623.0","1742108316","50.0","1.2207985696528492","100.0","2615.0",""
"raine_","79413","6236.0","73177","156.0","6862","4375.365619332222","1397860261.0","1397880474","1667266662.0","1710228670","100.0","5.396373586797212","100.0","946.0",""
"jess0amae","20157","2596.0","17561","260.0","5130","3820.5058369753924","1445818170.0","1445820360","1755658208.0","1742699167","100.0","3.8531324040506885","100.0","1699.0",""
"we_belong_dead","474300","14465.0","459835","20.0","7623","4852.926769071086","1388505016.0","1356619192","1712411355.0","1728909087","100.0","3.615142960017481","100.0","1628.0",""
"TexasPhanka","227375","156.0","227219","14.0","8140","4046.4990720692","1480709570.0","1426294546","1609779350.0","1720582685","100.0","5.274842046327247","100.0","1547.0",""
"biggiepants","953744","794218.0","159526","1755.0","21159","5720.034546882847","1284301170.0","1281701082","1755866765.0","1742808010","100.0","5.708646033264029","100.0","2137.0",""
"Darkenmal","72316","1632.0","70684","130.0","11466","4938.948315957917","1358952451.0","1349186933","1735538809.0","1742749827","100.0","4.7150241496343615","100.0","1503.0",""
"A550RGY","24556","","24556","","5374","4682.6993100071395","","1371326848","","1741697323","100.0","5.215298017192487","100.0","966.0",""
"CosmosGatito","34878","4057.0","30821","216.0","5171","2859.293927144317","1530143672.0","1528869074","1748266667.0","1742553855","100.0","5.088142436311261","100.0","1193.0",""
"SDC_dude","69877","52290.0","17587","148.0","1491","4934.374598617164","1385062904.0","1349582105","1622688082.0","1624716378","100.0","4.970141247355492","100.0","493.0",""
"KhanneaSuntzu","65945","22340.0","43605","3415.0","17658","5657.24820893294","1292677551.0","1287125826","1612180291.0","1612507861","100.0","6.03959632708569","100.0","1462.0",""
"_thirdeyeopener_","82179","11390.0","70789","113.0","3907","4389.322526340048","1396733766.0","1396674606","1741470967.0","1742192054","100.0","5.81805335838407","100.0","604.0",""
"Kordan9090","11465","2641.0","8824","44.0","723","5475.62735299552","1323819620.0","1302817870","1584233165.0","1593015873","74.0","5.682990489404652","100.0","180.0",""
"AngryRepublican","161446","41978.0","119468","152.0","10107","6978.103159027996","1178671764.0","1173003962","1754914464.0","1737652090","100.0","5.067541910461498","100.0","1220.0",""
"unixchato","3848","566.0","3282","33.0","908","2949.2496974442374","1509528042.0","1521096902","1646156616.0","1663116620","80.0","5.0062630186445904","100.0","495.0",""
"pansimi","5955","814.0","5141","65.0","4495","4750.457833048784","1518997839.0","1365472520","1647568736.0","1645752606","100.0","3.1075388709765264","100.0","3410.0",""
"wankerpedia","71513","15876.0","55637","102.0","3647","4026.859460846376","1432949949.0","1427991420","1746730654.0","1742784029","100.0","5.343391547577295","100.0","521.0",""
"faab64","2571957","2381205.0","190752","4895.0","28216","5703.744888271088","1277465634.0","1283108520","1595668287.0","1595670830","100.0","4.67105902172138","100.0","15674.0",""
"Daroo425","285161","4146.0","281015","121.0","26296","5250.296053191274","1322286103.0","1322286500","1718307048.0","1742848738","100.0","2.474348743420687","100.0","2371.0",""
"B_Provisional","73698","3785.0","69913","179.0","12916","6204.4775585393745","1256104538.0","1239845219","1745858307.0","1742855210","100.0","5.461572593713237","100.0","605.0",""
"gil_bz","56701","13663.0","43038","143.0","4486","5034.1104280010995","1345959579.0","1340964940","1753513727.0","1742711033","100.0","5.456923414272232","100.0","550.0",""
"LeeHide","65207","7446.0","57761","291.0","6836","3741.7352801759625","1452626319.0","1452626154","1744296677.0","1742853248","100.0","6.08098074000458","100.0","1431.0",""
"scheepstick","7388","737.0","6651","24.0","743","3327.8438209427422","1483207538.0","1488386377","1715254460.0","1715729322","100.0","5.986141284148023","100.0","295.0",""
"DaRandomStoner","26627","1533.0","25094","152.0","5974","5012.339537920497","1343458236.0","1342845949","1752369131.0","1742443548","76.0","4.196897914292056","100.0","1882.0",""
"HerbalGamer","141071","13526.0","127545","262.0","10256","4126.600097363519","1420554021.0","1419373838","1667664075.0","1667663860","100.0","6.204337862059574","100.0","1733.0",""
"Caynguin","339067","249007.0","90060","1188.0","7538","2924.492500849212","1523236403.0","1523235935","1738629909.0","1717553239","100.0","5.92338746019626","100.0","2321.0",""
"Synecdochic","75720","7297.0","68423","78.0","7800","5572.9296535622325","1294410344.0","1294410967","1752412896.0","1742766763","100.0","5.926690350991056","100.0","863.0",""
"smacksaw","1297877","132773.0","1165104","3209.0","158529","6908.616860388194","1283460719.0","1179007593","1694580183.0","1695619100","","","","",""
"Commando0861","21980","5708.0","16272","163.0","5312","5406.524037162223","1308789742.0","1308788414","1587574093.0","1583510877","100.0","5.124292225216229","100.0","1050.0",""
"colorhaze","19444","14261.0","5183","1200.0","1474","4773.840182062186","1374077567.0","1363452300","1756143997.0","1742448602","100.0","4.619410564508961","100.0","803.0",""
"makorringa","201033","177485.0","23548","342.0","1802","4376.540921535707","1517523734.0","1397778957","1740002565.0","1740034451","100.0","5.926717829025222","100.0","918.0",""
"GoldenRareRat","40794","493.0","40301","11.0","1374","2609.972525344767","1557786542.0","1550410468","1754246200.0","1742787840","63.0","3.1638885419633156","100.0","642.0",""
"Fearwater5","22523","15436.0","7087","232.0","1526","4314.852926243345","1403110010.0","1403108802","1714857556.0","1718658040","99.0","3.7864623198563994","100.0","665.0",""
"JoeBlowTheScienceBro","7092","5279.0","1813","53.0","493","3270.4034545265386","1536461871.0","1493349237","1755192568.0","1742245673","100.0","5.512474719501851","100.0","283.0",""
"joelwinsagain","185168","10406.0","174762","64.0","11183","4337.4553515669095","1402468554.0","1401155954","1712511364.0","1742263387","100.0","5.804469712449713","100.0","2071.0",""
"villuvallu","11777","4515.0","7262","176.0","1278","3829.9511575327206","1441896133.0","1445004317","1700845669.0","1741868191","100.0","6.015500774033924","100.0","390.0",""
"PirateAdventurer","17166","2719.0","14447","57.0","1755","4884.00193259801","1357558628.0","1353934331","1752502639.0","1741533630","100.0","5.576242154029423","100.0","397.0",""
"SomeRandomIrishGuy","53429","32764.0","20665","264.0","4549","2487.002961783983","1560996613.0","1561035043","1724885523.0","1724911528","100.0","5.437587179289313","100.0","1623.0",""
"sneakysnake128","79131","29786.0","49345","371.0","5777","5603.1851136531595","1307197014.0","1291796906","1711367553.0","1712661647","100.0","5.72934595205354","100.0","793.0",""
"AlkalineTea2751","65031","42476.0","22555","338.0","1940","3468.2985959818407","1476240720.0","1476251102","1739575677.0","1736268530","100.0","6.090562215022077","100.0","1124.0",""
"156497","74390","60848.0","13542","942.0","1550","2475.56007335162","1557175626.0","1562023711","1605625467.0","1604914293","69.0","1.98303724808405","100.0","2972.0",""
"ToaKraka","560573","453805.0","106768","2122.0","8669","4236.6698034769215","1409861934.0","1409863833","1755669133.0","1742641814","100.0","4.595760476778844","100.0","3173.0",""
"VoiceofPrometheus","87671","18501.0","69170","77.0","9577","3880.9967233647544","1440849052.0","1440593988","1650715632.0","1656065063","100.0","2.9913068855037985","100.0","2811.0",""
"vine-compilation","40195","16732.0","23463","114.0","2388","3002.2470808017833","1516745577.0","1516517958","1644163700.0","1684225564","100.0","6.0196351758849875","100.0","1216.0",""
"MeshuggahIsLife","4689","2383.0","2306","201.0","680","4010.810020914177","1429474229.0","1429378122","1596052542.0","1598715074","79.0","5.05683616490111","100.0","276.0",""
"Fluffy_Mcquacks","22931","8016.0","14915","106.0","2097","4761.690807053529","1356908122.0","1364502023","1755738765.0","1729477825","100.0","5.621957476505653","100.0","742.0",""
"electricmonk9","71140","289.0","70851","31.0","6897","5797.593722537373","1300291424.0","1275000012","1660864962.0","1688035999","100.0","6.198915806816757","100.0","397.0",""
"SmilingPinkamena","253672","222194.0","31478","977.0","2856","4047.973987676794","1433413817.0","1426167158","1753102589.0","1742712095","100.0","4.887295341041492","100.0","1234.0",""
"Posthumos1","10469","136.0","10333","34.0","3623","4508.768320664722","1389736531.0","1386354529","1689209946.0","1688117185","100.0","5.750837554761654","100.0","757.0",""
"evanroden","130532","68368.0","62164","466.0","4321","3432.354754925798","1491111198.0","1479356662","1600751753.0","1600752090","100.0","5.086530047116091","100.0","2066.0",""
"uncle_hobo","18386","13570.0","4816","84.0","1465","4113.905056130486","1422405263.0","1420470717","1755375699.0","1740547947","100.0","5.930095053085363","100.0","402.0",""
"dwarfwithgiantism","8151","1145.0","7006","42.0","735","4253.862996219435","1411158646.0","1408378352","1640802121.0","1641407745","62.0","4.882597432242234","100.0","415.0",""
"Needlecrash","55710","8562.0","47148","529.0","10976","4756.524858403772","1365452511.0","1364948368","1753358248.0","1742846127","100.0","5.359957068010572","100.0","1384.0",""
"wowidk","24033","680.0","23353","15.0","4621","4526.461012126158","1407056090.0","1384825885","1566606872.0","1565157338","100.0","5.872928501994073","100.0","449.0",""
"bl4ckn4pkins","183892","133599.0","50293","606.0","5992","4578.837620764607","1380300531.0","1380300547","1633109505.0","1681140055","100.0","4.8156411595909505","100.0","2373.0",""
"RAZORHOLER","108527","79262.0","29265","184.0","2116","5088.3519624582295","1331174424.0","1336278509","1696459186.0","1697487252","100.0","5.286175359966613","100.0","830.0",""
"mohit2695","35695","20203.0","15492","56.0","1716","5080.597528742579","1333397126.0","1336948493","1653835464.0","1688473929","100.0","2.6939590357092174","100.0","546.0",""
"otterdam","66462","28814.0","37648","90.0","6711","6860.38088402787","1196621266.0","1183175212","1749147012.0","1742486626","64.0","1.3175880997285783","100.0","901.0",""
"N_E-Z-L_P-10-C","14094","25.0","14069","12.0","2911","4204.8361460856595","1675854919.0","1412614278","1753544336.0","1742562372","100.0","4.963790252763767","100.0","633.0",""
"belial03","160498","151446.0","9052","208.0","1173","3051.428457008705","1501083605.0","1512268703","1719684706.0","1738797940","100.0","5.567425553472446","100.0","862.0",""
"clerk37","4870","1539.0","3331","66.0","1279","5082.608397677662","1329646514.0","1336774757","1743781381.0","1742514208","54.0","4.760509736570462","100.0","402.0",""
"Tumeski","5426","179.0","5247","8.0","355","5276.042455988264","1326430113.0","1320062055","1566335103.0","1742450515","37.0","3.5574121992913907","100.0","168.0",""
"SanityContagion","194275","9342.0","184933","74.0","11272","4117.360602893242","1529536905.0","1420172168","1574114604.0","1574185667","100.0","5.045113992056932","100.0","3626.0",""
"lsc194","17055","13991.0","3064","100.0","597","2620.767531653403","1546870377.0","1549477810","1686225923.0","1676496869","100.0","4.824120440405735","100.0","550.0",""
"Raider-Force","51190","1100.0","50090","55.0","11026","4100.528816326065","1421638906.0","1421626436","1646247493.0","1646663296","79.0","2.8617412027684734","100.0","4608.0",""
"Choreboy","139234","1554.0","137680","112.0","29124","6248.949255551147","1271234323.0","1236002911","1729276081.0","1742714709","100.0","6.015390787123712","100.0","3591.0",""
"mtcruse","33986","2079.0","31907","22.0","5343","5694.441559906053","1286327767.0","1283912377","1594947177.0","1658862809","100.0","5.6497261953948135","100.0","729.0",""
"Molbo_is_God","3865","1005.0","2860","32.0","414","3007.8706066057307","1523421027.0","1516032108","1660702832.0","1660751361","100.0","6.180441012885339","100.0","308.0",""
"Nickolai808","63989","639.0","63350","52.0","11770","3639.8421563440866","1463823328.0","1461429767","1755372975.0","1742794081","100.0","2.985211648895061","100.0","2811.0",""
"avianeddy","240137","152851.0","87286","950.0","5193","5840.851689167569","1271262480.0","1271262544","1755878688.0","1742829390","100.0","5.620339614982","100.0","906.0",""
"generic_edgelord","83898","8866.0","75032","88.0","6801","3069.8230392891305","1514578265.0","1510679420","1738856340.0","1742755121","100.0","4.6834196423885786","100.0","1800.0",""
"ChildishGambueno","12185","4717.0","7468","18.0","323","4149.442571543844","1437531221.0","1417400294","1753649076.0","1742594225","78.0","5.639816953320974","100.0","225.0",""
"TheSqueaker98","8026","420.0","7606","50.0","1100","2765.765892374259","1538195589.0","1536949960","1635879861.0","1711558591","100.0","5.080329495249567","100.0","573.0",""
"anonmudkip","40858","9874.0","30984","86.0","4290","3538.2980789644325","1470360988.0","1470203180","1601985110.0","1615715484","100.0","4.721087291888236","100.0","1008.0",""
"final8","1410","720.0","690","53.0","595","3680.465959992464","1472793420.0","1457919876","1755918279.0","1733282184","89.0","4.4532628382628365","100.0","411.0",""
"borgolo","74928","56637.0","18291","348.0","1809","4673.590145526307","1372113466.0","1372113947","1755479763.0","1742835419","100.0","5.456202148978317","100.0","601.0",""
"Tannerdactyl","77942","28920.0","49022","149.0","5162","4492.896094224039","1396843237.0","1387725914","1737943280.0","1741828431","100.0","4.391543152266461","100.0","916.0",""
"bruti561","4795","3.0","4792","3.0","1458","4312.519392408207","1547044844.0","1403310462","1609199620.0","1741414304","79.0","4.019643818998701","100.0","593.0",""
"StaticSignal","28311","931.0","27380","35.0","4305","6602.770731094005","1256242251.0","1205432747","1695997735.0","1742607506","100.0","5.704642350418865","100.0","400.0",""
"chidedneck","142668","78537.0","64131","1636.0","11147","4777.077995403472","1334178535.0","1363172600","1756081260.0","1742846412","100.0","5.956631642027812","100.0","1861.0",""
"Shadowglove","190721","25544.0","165177","232.0","29869","6005.730850356412","1287494907.0","1257016994","1744407236.0","1742740782","100.0","4.46886449939167","100.0","1731.0",""
"DatShitCradolfHitler","47877","9425.0","38452","155.0","3957","2435.3685082540496","1565687837.0","1565496301","1623965788.0","1612132191","100.0","3.7219756687040118","100.0","1376.0",""
"desireforjune","2557","173.0","2384","24.0","685","4746.920950094663","1384986419.0","1365778171","1646334965.0","1740689612","96.0","3.9566703712180336","100.0","326.0",""
"swordinthestream","31712","12020.0","19692","106.0","2538","2908.0370686903925","1524408071.0","1524657739","1703027242.0","1731014946","100.0","5.576241972208704","100.0","1270.0",""
"whywouldyoueverask","89493","73606.0","15887","762.0","4094","3179.2416399978706","1511293826.0","1501225665","1687654086.0","1688953286","100.0","5.221173547797257","100.0","1393.0",""
"youremumaregaye","39580","1064.0","38516","27.0","2158","2967.85916262338","1522691981.0","1519489112","1747755435.0","1742691967","100.0","4.8052817576518265","100.0","778.0",""
"DustinForever","47298","5518.0","41780","133.0","5532","5345.521603544873","1315146475.0","1314059078","1754155326.0","1741931901","90.0","3.5071804826018735","100.0","2433.0",""
"VirtuosicElevator","91491","28431.0","63060","130.0","5511","4775.669033008889","1365444086.0","1363294341","1634662394.0","1741778220","100.0","5.376172147492484","100.0","1047.0",""
"The_Swiss_Memer","3269","57.0","3212","1.0","71","2485.61105441442","1575355331.0","1561155351","1575355331.0","1594219103","28.0","4.1232468720009745","85.0","123.0",""
"PROLAPSED_SUBWOOFER","107056","2768.0","104288","38.0","12269","3490.302592936191","1484922121.0","1474350003","1591731706.0","1716165783","100.0","3.8317426172937132","100.0","3588.0",""
"futrtek","128144","8965.0","119179","112.0","11928","5598.395898923553","1294443353.0","1292210742","1719888340.0","1710891123","100.0","5.1517751167424235","100.0","1352.0",""
"iluvbigblackducks","32495","20.0","32475","1.0","3521","2799.4237305272313","1537463748.0","1534041938","1537463748.0","1738528757","100.0","6.204844878876505","100.0","797.0",""
"xGetSweatyx","31076","5986.0","25090","105.0","2535","4986.606322711852","1345326984.0","1345069363","1712757046.0","1742066950","51.0","3.6959241343906037","100.0","528.0",""
"implodedrat","252195","173799.0","78396","368.0","4377","4272.486275484121","1429496454.0","1406769336","1675395752.0","1676951419","100.0","5.750449608273007","100.0","1274.0",""
"JoeBoco7","219029","33450.0","185579","366.0","9672","4292.667907704524","1405030264.0","1405025644","1747842878.0","1742781395","100.0","4.107951575202195","100.0","1556.0",""
"Seriously_who_farted","9430","45.0","9385","3.0","649","3327.241969297001","1517695099.0","1488438446","1700629618.0","1734374078","100.0","5.275070280986453","100.0","522.0",""
"x_R_x","39326","4548.0","34778","142.0","3132","3633.4100506397804","1462231523.0","1461985525","1752188362.0","1742661075","100.0","5.39733769159699","100.0","661.0",""
"caraway90","38416","3653.0","34763","73.0","4595","3393.5471969021637","1482240258.0","1482709677","1566345247.0","1570351848","100.0","5.985469341714579","100.0","1733.0",""
"-Stahl","23538","4531.0","19007","176.0","4612","4389.585322444492","1397102045.0","1396651985","1711611903.0","1711628388","100.0","4.45280497863361","100.0","948.0",""
"bce-flims","22022","9822.0","12200","171.0","2086","2609.4249593078566","1550457761.0","1550457841","1629598046.0","1629842965","100.0","5.8013247827882335","100.0","928.0",""
"sageguitar70","60535","17103.0","43432","261.0","10232","5625.905723332652","1294799584.0","1289833904","1755884477.0","1742836472","100.0","5.323763394556485","100.0","607.0",""
"KoolAidMan00","44670","139.0","44531","4.0","7539","5452.138384453831","1312004279.0","1304847403","1368269933.0","1742363692","100.0","4.157077981369618","100.0","995.0",""
"WeAreEvolving","165590","68813.0","96777","983.0","18635","3343.2788938982508","1486956005.0","1487052864","1755798792.0","1742856152","100.0","5.892897135720364","100.0","2546.0",""
"sleepmeds","2868","605.0","2263","47.0","501","2756.7154554320155","1542991121.0","1537731946","1583952840.0","1587950452","69.0","5.126780281363763","100.0","438.0",""
"QuickScopeOfGod","32562","4910.0","27652","216.0","3789","3201.9088458984043","1499767148.0","1499267238","1655758867.0","1686055484","100.0","4.843634816753495","100.0","1123.0",""
"DemocratTears2020","11625","965.0","10660","54.0","2914","2405.8310985149665","1568059758.0","1568048356","1573504546.0","1573509612","100.0","5.476348126395541","100.0","1022.0",""
"censoredandagain","213710","165971.0","47739","5501.0","9190","4430.394068885973","1393215042.0","1393126116","1690666311.0","1702236606","100.0","6.114221722952101","100.0","1022.0",""
"DepressedElephant","108743","413.0","108330","22.0","14645","3787.8800371420825","1473567552.0","1448639329","1728250116.0","1742856146","100.0","4.531738336136164","","",""
"Slickwats4","74867","1011.0","73856","24.0","13255","5398.868528727072","1341023954.0","1309449924","1743135167.0","1742849266","100.0","4.02355807573376","100.0","1071.0",""
"TommieKelly","39600","33173.0","6427","2283.0","2641","5927.005576011434","1261502627.0","1263818884","1753348219.0","1741376533","71.0","2.760201514448841","100.0","1121.0",""
"chs","3028","1870.0","1158","34.0","361","6590.069998343692","1325431472.0","1206530119","1593204123.0","1620149846","40.0","3.9263381363715877","100.0","281.0",""
"Masonite23","54900","8763.0","46137","180.0","1904","3052.1105998567573","1512209421.0","1512209812","1752632759.0","1742855861","100.0","4.943018190949045","100.0","712.0",""
"doubteddongle","59337","18033.0","41304","236.0","5920","3103.652702352697","1508012790.0","1507756575","1634514187.0","1637609960","100.0","6.066298666968896","100.0","1269.0",""
"WaffleEmperor1001","88700","30020.0","58680","520.0","6044","3190.0822942117493","1500289343.0","1500289059","1587718804.0","1605053096","100.0","5.303676623567291","100.0","1703.0",""
"Epicsnailman","115018","37892.0","77126","394.0","10303","4066.472382769665","1421519227.0","1424568956","1713718332.0","1742432342","100.0","5.965845040431132","100.0","2517.0",""
"ZenMaster911","2831","246.0","2585","28.0","777","2660.630564656481","1553582338.0","1546033690","1735498336.0","1742562779","100.0","5.446448114116281","100.0","324.0",""
"RockSmasher87","42714","7171.0","35543","87.0","5344","3168.8358647790164","1502307509.0","1502124754","1683592950.0","1742360548","100.0","5.991563865158505","100.0","1058.0",""
"ItIsShrek","72479","4250.0","68229","177.0","8197","4261.731928857814","1407601408.0","1407698535","1735351716.0","1742583875","100.0","5.28944700031224","100.0","1364.0",""
"k1d_5h31d0n","43684","4849.0","38835","321.0","6063","3457.777580836029","1477164032.0","1477160192","1603587250.0","1616934485","100.0","5.375841208800659","100.0","1546.0",""
"Pigeooon","114390","72194.0","42196","385.0","4343","3382.423494256376","1483672740.0","1483670786","1589485238.0","1589373359","100.0","4.379071147273682","100.0","2015.0",""
"Pacblu202","34186","5694.0","28492","491.0","5988","5144.709245672532","1332213380.0","1331409298","1744309164.0","1742837770","100.0","5.995112822565838","100.0","996.0",""
"19cheungh1","164475","63737.0","100738","122.0","6677","3811.4061283018054","1508513956.0","1446606688","1621863495.0","1635941583","100.0","4.934356368694587","100.0","1461.0",""
"Nualkris","4284","737.0","3547","409.0","597","3657.409692801262","1367305430.0","1459911981","1755648381.0","1742450019","100.0","3.9773297540226604","100.0","227.0",""
"RapMar08","367581","337136.0","30445","572.0","2355","2490.472177233042","1563791476.0","1560735383","1705471139.0","1711642652","100.0","5.224982837838706","100.0","1457.0",""
"SlurperiorBlove","912","314.0","598","5.0","46","3102.853091463623","1508702123.0","1507825673","1621293750.0","1649303864","18.0","3.5807352946713698","63.0","80.0",""
"masaguaporfavor","5434","2935.0","2499","171.0","1020","5316.797396111422","1318635445.0","1316540886","1642307014.0","1742766587","100.0","5.617923965130205","100.0","469.0",""
"loveforthetrip","90023","2313.0","87710","72.0","10059","3325.0863386707283","1523318866.0","1488624722","1752760466.0","1742854197","100.0","5.636969862604986","100.0","724.0",""
"BalefireX","120042","9076.0","110966","326.0","19037","4743.3978076577905","1374482549.0","1366082612","1639080960.0","1695701580","100.0","4.4595267449291836","100.0","2903.0",""
"owtwestadam","7151","33.0","7118","2.0","1787","3038.357853996944","1591807614.0","1513398065","1595956181.0","1672788162","100.0","6.21283195015876","100.0","431.0",""
"AnyFox6","4925","19.0","4906","1.0","478","2370.7712184749766","1598548105.0","1571077551","1598548105.0","1609823154","72.0","5.35389020084699","100.0","399.0",""
"DoNotWasteYourTime","112940","42193.0","70747","422.0","5438","4099.8096172006735","1425152400.0","1421688634","1583247868.0","1601357224","100.0","4.48780271578609","100.0","1150.0",""
"TheGreenYoutuber","102576","37575.0","65001","362.0","4827","3085.625854620335","1493682527.0","1509314112","1612180878.0","1612591365","100.0","6.1494023255442025","100.0","2183.0",""
"kaiiboraka","62458","40446.0","22012","130.0","3439","4526.238744176863","1385108384.0","1384845159","1746131547.0","1742062201","100.0","4.8714373339178945","100.0","535.0",""
"sankoni","31514","5850.0","25664","95.0","2575","5646.6636820340045","1287975630.0","1288040445","1754770178.0","1742848828","53.0","3.4070620359917716","100.0","672.0",""
"ThatSavi","5638","3308.0","2330","59.0","318","3092.7304376008915","1515347626.0","1508700278","1636962172.0","1659538533","100.0","5.512119247056306","100.0","336.0",""
"GhostTwoGhost","26310","2934.0","23376","68.0","2765","2860.359359520834","1528776221.0","1528777140","1648088667.0","1653110848","100.0","5.78011555985436","100.0","969.0",""
"sitrucb","11940","2037.0","9903","91.0","2043","4577.873294285751","1382243526.0","1380383937","1728251059.0","1740529852","100.0","5.13403924732977","100.0","468.0",""
"Edmundlannister","20038","15726.0","4312","28.0","731","3042.83959801375","1538676660.0","1513010849","1652921851.0","1714372142","100.0","4.982075811448225","100.0","620.0",""
"IIrisen225II","17474","1214.0","16260","28.0","2135","3572.5328387451864","1467245670.0","1467245354","1736025217.0","1742857763","100.0","5.924122663650701","100.0","288.0",""
"Goodguy1066","275802","13768.0","262034","65.0","15196","5080.146423026295","1347716812.0","1336987541","1753242284.0","1742855310","100.0","5.993611991671171","100.0","2209.0",""
"Megapiefan","47407","24872.0","22535","127.0","2492","3594.6602154968873","1484578444.0","1465333550","1743411902.0","1742115677","100.0","5.4122890911578185","100.0","918.0",""
"CosmosFactor","66070","22978.0","43092","316.0","5085","3148.001692850358","1505083228.0","1503924847","1753741504.0","1740447150","100.0","5.480623340636972","100.0","1228.0",""
"Newatinvesting","182788","1254.0","181534","32.0","14114","2912.703772133103","1524416090.0","1524254588","1744481520.0","1741607928","100.0","4.487195717373318","100.0","3569.0",""
"Ima_White_Guy","10165","6770.0","3395","113.0","1235","3574.163212512301","1444970370.0","1467104493","1725675928.0","1734301951","100.0","5.981193601799825","100.0","459.0",""
"Emmy_2212","2567","35.0","2532","7.0","474","3167.831645969594","1575642432.0","1502211541","1614007866.0","1734340056","99.0","5.670705424871812","100.0","303.0",""
"PrettyWhore","35579","488.0","35091","29.0","5304","5495.9594005031695","1304289440.0","1301061305","1648938701.0","1687855803","100.0","6.19334291353559","100.0","737.0",""
"ThatBritishGuy577","15459","4003.0","11456","86.0","1862","4576.728319841853","1380482619.0","1380482871","1743420605.0","1739222548","100.0","5.8665042287086235","100.0","458.0",""
"mtbmike","101923","7229.0","94694","124.0","7667","5460.867691674942","1323564978.0","1304093231","1746484828.0","1742858353","100.0","5.507014342828235","100.0","724.0",""
"herecomestheD","16985","379.0","16606","16.0","1161","4843.438705993794","1432451221.0","1357439096","1731462207.0","1742575802","94.0","5.304145907941874","100.0","416.0",""
"alranican","81273","22216.0","59057","109.0","4125","4141.573979627037","1356285430.0","1418080209","1636396478.0","1652823748","100.0","3.5629229160389344","100.0","1128.0",""
"Niall93","4518","962.0","3556","48.0","1086","5040.863367114409","1342724635.0","1340381607","1735487921.0","1742824915","33.0","4.263242654607228","100.0","213.0",""
"tacticalgetawaydrive","40051","23165.0","16886","187.0","2289","3985.7636753958905","1433372978.0","1431542222","1670189035.0","1670210281","100.0","5.361625599282708","100.0","630.0",""
"AirBall02","9258","1185.0","8073","111.0","1262","2704.3216605798484","1542665466.0","1542258813","1754703247.0","1742423025","85.0","4.793780546448128","100.0","385.0",""
"FieryBlake","94851","28227.0","66624","232.0","10897","3170.031239850706","1491638089.0","1502021506","1655043979.0","1655556930","100.0","6.062299087774196","100.0","4452.0",""
"CesiaFace","102148","79871.0","22277","335.0","1334","3169.3829140886332","1503858079.0","1502077522","1736133428.0","1734225448","100.0","5.6172259263168165","100.0","559.0",""
"RafMarlo","26983","18722.0","8261","141.0","1986","3576.9145678142017","1498346817.0","1466866788","1742480127.0","1742717512","100.0","5.8152687484077585","100.0","521.0",""
"Solarat1701","72116","13414.0","58702","398.0","10178","3070.3584874629146","1515888868.0","1510633234","1755664777.0","1742792743","100.0","5.364988173130178","100.0","2160.0",""
"xbearface","8708","850.0","7858","55.0","2221","5474.416345629121","1309542939.0","1302922636","1586679219.0","1616023883","100.0","5.802611686427481","100.0","484.0",""
"Mordeshake-_-","970","181.0","789","16.0","318","3014.558404907267","1515454064.0","1515454363","1667925379.0","1739643509","63.0","5.398057637000274","100.0","174.0",""
"MGaber","204992","141866.0","63126","819.0","5366","5434.6703600296905","1314905383.0","1306356691","1732898881.0","1733506539","100.0","4.893654180758776","100.0","1213.0",""
"pm_me_your_clit2014","13541","123.0","13418","13.0","1251","4088.7865599039005","1437343239.0","1422641052","1589042311.0","1597838106","100.0","4.187663423775691","100.0","426.0",""
"catpooptv","135639","104852.0","30787","4225.0","8358","5113.731154445313","1330282747.0","1334085840","1756121172.0","1742744709","100.0","4.6580042087032485","100.0","2263.0",""
"fixerofthings","60077","9586.0","50491","140.0","6237","4801.428341769168","1361011516.0","1361068804","1749678375.0","1742853274","100.0","5.418283858964976","100.0","1217.0",""
"imperialfishFTW","319348","305711.0","13637","407.0","3080","3367.0963158509826","1484854857.0","1484995092","1751154040.0","1736722657","100.0","4.349136455868837","100.0","1870.0",""
"Paschal1","339362","149110.0","190252","924.0","9456","3282.759784123205","1492279362.0","1492281769","1639517568.0","1639431584","100.0","3.1343289347937495","100.0","3398.0",""
"Eitjr","114563","3612.0","110951","98.0","10581","5093.835289082143","1339366684.0","1335804846","1744639504.0","1742841291","100.0","3.713517448616111","100.0","1636.0",""
"SILENTSAM69","76476","1840.0","74636","86.0","24798","4940.129417354746","1360674214.0","1349085034","1668874166.0","1742425501","100.0","5.055467197677444","100.0","6636.0",""
"TheRealMarkTwain","10530","784.0","9746","55.0","3388","5112.745825253394","1334033699.0","1334170977","1597213628.0","1598394490","100.0","6.273101623268724","100.0","758.0",""
"pm_me_cute_frogs_","81127","22930.0","58197","115.0","5972","2506.6124916242006","1559414716.0","1559340898","1742293505.0","1742857399","100.0","5.816278251263064","100.0","1591.0",""
"UncleComrade","61360","39148.0","22212","140.0","3741","2947.8464374917003","1521371192.0","1521218286","1748985407.0","1742570228","100.0","5.546873662186931","100.0","1113.0",""
"Jase_the_Muss","206013","52291.0","153722","323.0","23179","4309.51476063802","1403637750.0","1403570144","1746112527.0","1742852035","100.0","4.897950711537625","100.0","1438.0",""
"Harogoodbye","30680","8407.0","22273","120.0","2915","4612.598174176854","1377383251.0","1377383738","1740539838.0","1739727927","100.0","5.772456040758586","100.0","892.0",""
"Laffenor","222374","66230.0","156144","221.0","13061","2877.9514961369696","1529707847.0","1527257212","1755668064.0","1742850484","100.0","5.7039212597007865","100.0","1049.0",""
"Crickate","8042","815.0","7227","39.0","873","3463.9171469308794","1483807820.0","1476629781","1646747242.0","1736363465","100.0","4.301005217980714","100.0","587.0",""
"TalkingMoose05","177434","105628.0","71806","500.0","6324","2794.4072956176515","1534356181.0","1534475434","1669027770.0","1670518559","100.0","5.93556270411777","100.0","2101.0",""
"microtruong","33249","5946.0","27303","166.0","4116","3212.8257088453597","1511197334.0","1498324084","1623733450.0","1643569902","100.0","5.570578988458332","100.0","1231.0",""
"vigilantcomicpenguin","852110","14662.0","837448","19.0","46086","2835.3917497917846","1568067235.0","1530934379","1685937158.0","1737496461","100.0","5.707901441975763","100.0","4043.0",""
"connermckay","30122","207.0","29915","17.0","2930","3281.774596108739","1431563743.0","1492366902","1597058509.0","1635280409","100.0","5.0579881487355625","100.0","1240.0",""
"Wizard_Pope","89938","48656.0","41282","241.0","4798","2725.831261335672","1537292301.0","1540400407","1749554624.0","1740599498","100.0","4.90912473494739","100.0","1083.0",""
"ItsaMeHibob24","116467","78689.0","37778","149.0","4601","3290.3864010609495","1491622507.0","1491622844","1733370124.0","1741382535","100.0","2.341670153003361","100.0","1217.0",""
"darwinianfacepalm","207053","31936.0","175117","427.0","17065","4804.413274433091","1361824634.0","1360810923","1603723490.0","1604119694","100.0","5.547216310023598","100.0","2217.0",""
"epstein_did_911","2099","566.0","1533","3.0","686","2335.610300240917","1583904129.0","1574115503","1587181485.0","1596030447","14.0","2.170888814356721","100.0","568.0",""
"sculltt","277796","20933.0","256863","140.0","22570","4334.701018132142","1409858160.0","1401394066","1755312736.0","1742856570","100.0","4.226037435396022","100.0","6330.0",""
"heegyman","36992","8577.0","28415","224.0","3347","2991.6894191748042","1516374611.0","1517430270","1679447953.0","1694386714","100.0","5.4513362029094505","100.0","1816.0",""
"desivoltaire","13067","1371.0","11696","52.0","1322","4050.630920012894","1427344411.0","1425937725","1659029573.0","1670441503","78.0","3.971107755347137","100.0","742.0",""
"Dr_JP69","158822","14308.0","144514","100.0","8225","3701.5238130356483","1497022302.0","1456100580","1708119298.0","1738952214","100.0","5.452027538130887","100.0","2076.0",""
"Yoshe-Plays","137753","116578.0","21175","302.0","2057","2924.0727588767145","1523270334.0","1523272352","1743592132.0","1737086761","100.0","5.917637775068527","100.0","1011.0",""
"senpaisix","9087","5290.0","3797","123.0","792","3216.117028814027","1499642431.0","1498039728","1745781712.0","1741367616","100.0","6.144419501750176","100.0","486.0",""
"FieryBlizza","205046","63196.0","141850","163.0","5658","4486.425025611785","1388286545.0","1388285118","1734951152.0","1742855593","100.0","5.473839703042742","100.0","1002.0",""
"GEN_Z_BOI_69","30169","16808.0","13361","100.0","2225","2474.0311904209825","1562161415.0","1562155946","1711191338.0","1742852348","100.0","5.541240043839878","100.0","933.0",""
"meme__creep","39584","5309.0","34275","205.0","3827","3470.6709782959133","1476046099.0","1476046269","1621281130.0","1642991174","100.0","5.311682425571982","100.0","689.0",""
"27and26","43738","18685.0","25053","593.0","3791","4168.889543433716","1418184917.0","1415720186","1703448760.0","1707006107","100.0","5.6458321846836474","100.0","739.0",""
"GertieFlyyyy","90543","4654.0","85889","107.0","6196","5470.344414654815","1346207871.0","1303274486","1740500204.0","1742816830","100.0","6.256358571249542","100.0","904.0",""
"SaltedStorrent","17354","13146.0","4208","118.0","631","3599.8857413553915","1461691463.0","1464882116","1740299136.0","1739833538","100.0","4.932242923972647","100.0","519.0",""
"creiepeecraller","54995","27975.0","27020","181.0","2520","3114.638564200175","1506216030.0","1506807473","1591152972.0","1592502594","100.0","6.112871204864716","100.0","744.0",""
"17csteele","44081","37646.0","6435","77.0","1550","3430.9118975598835","1479485921.0","1479481458","1584601510.0","1596147998","78.0","4.892731718129665","100.0","784.0",""
"brianjonestown","39636","19838.0","19798","113.0","1972","4899.153212737177","1366317360.0","1352625409","1584214731.0","1587999243","100.0","5.860277306453158","100.0","538.0",""
"Moosyfate17","73241","22001.0","51240","72.0","4118","3225.849690192386","1504827974.0","1497198834","1756153797.0","1742754140","100.0","5.226203231668874","100.0","724.0",""
"Homemadeduck102","256049","27735.0","228314","518.0","18485","2589.6846794300473","1552470873.0","1552163492","1672287028.0","1672301956","100.0","5.816713729477414","100.0","4581.0",""
"NightmaresAlive","45964","34043.0","11921","1667.0","2564","3070.6311686604968","1510608717.0","1510609716","1710081500.0","1694449284","100.0","5.832086648009861","100.0","865.0",""
"DonkeyInACityCrowd","33109","2496.0","30613","77.0","2197","3380.514787237385","1488042943.0","1483835772","1746762975.0","1741970077","100.0","5.488225182669437","100.0","642.0",""
"tom_HS","23806","4261.0","19545","61.0","1772","3608.631950864535","1474587931.0","1464126450","1715826404.0","1741850824","78.0","4.543237306031938","100.0","865.0",""
"maroger","90256","18405.0","71851","356.0","11993","5696.490479770231","1285947269.0","1283735474","1756070037.0","1742837466","100.0","4.7192396893454065","100.0","1288.0",""
"meeanne","45976","13539.0","32437","231.0","6356","5558.099815652545","1298623696.0","1295692428","1752017594.0","1742606033","100.0","5.73594432151837","100.0","461.0",""
"SecretPotatoChip","137289","38405.0","98884","651.0","15730","3710.5338080257507","1455319279.0","1455322132","1751084328.0","1742787405","100.0","4.397229362752876","100.0","2548.0",""
"adudethatlikesreddit","99824","8787.0","91037","103.0","10995","2599.7243407111587","1551295635.0","1551296071","1624640831.0","1641563685","100.0","5.429797858931109","100.0","2753.0",""
"dominokos","12445","154.0","12291","11.0","2041","4749.8881217378375","1381144906.0","1365521921","1516178347.0","1711796131","100.0","5.522422767606636","100.0","610.0",""
"Jezoreczek","144986","64589.0","80397","267.0","6540","4595.160169832337","1401694520.0","1378890417","1753886313.0","1742594606","100.0","6.1116531060611985","100.0","1458.0",""
"harddisc","192096","120688.0","71408","1970.0","8511","4451.715663726945","1391348904.0","1391284023","1654224482.0","1689911846","91.0","0.46202583705094313","100.0","5881.0",""
"NameOfAction","132853","3809.0","129044","65.0","16465","3837.0216344073165","1448144654.0","1444393588","1652186553.0","1655278782","100.0","5.63254312597544","100.0","3787.0",""
"lord_nut","86304","71326.0","14978","222.0","1756","2751.067015406042","1537916612.0","1538220068","1603803411.0","1604344349","100.0","5.467914772052177","100.0","744.0",""
"pyr0phelia","78544","4007.0","74537","102.0","10440","5210.315880975359","1344727824.0","1325740967","1739979812.0","1742750585","100.0","6.1692741180082304","100.0","1119.0",""
"Steampunkery","80940","10632.0","70308","191.0","6411","3855.5358076164594","1443126075.0","1442793966","1738894853.0","1742682348","100.0","5.172352477070376","100.0","1286.0",""
"KennyCombination","109973","66201.0","43772","444.0","2082","3514.7558035225807","1473450791.0","1472237359","1624971962.0","1625062739","100.0","5.457981407396899","100.0","788.0",""
"NationalFirearmsAct","2257","448.0","1809","9.0","570","2725.719044059192","1541513589.0","1540410136","1582131424.0","1584024482","65.0","4.434300429235445","100.0","725.0",""
"hamletloveshoratio","97706","946.0","96760","21.0","10490","3913.5202206105323","1439290294.0","1437784115","1741388731.0","1742833256","100.0","3.7974747022574293","100.0","1974.0",""
"Hecateus","46176","2380.0","43796","302.0","12041","4755.346224759698","1365357442.0","1365050349","1751951482.0","1742789205","100.0","6.05593205474567","100.0","1276.0",""
"zzombie119","38520","1348.0","37172","76.0","5101","2922.606768092974","1524339279.0","1523399039","1689439553.0","1728419478","100.0","5.82067191536866","100.0","1052.0",""
"CoryHory","18481","7887.0","10594","129.0","1537","3441.885930510845","1482259502.0","1478533320","1672711654.0","1673674608","100.0","5.526659999085857","100.0","677.0",""
"esme_fi","568","273.0","295","7.0","152","2434.503612246922","1574299634.0","1565571153","1600117023.0","1694383606","37.0","4.547984898319552","100.0","147.0",""
"RickySlayer9","122071","7430.0","114641","116.0","20497","3418.825645188173","1481489695.0","1480525730","1753279646.0","1742857765","100.0","5.589385686785218","100.0","2981.0",""
"thebross9","108486","3608.0","104878","122.0","8588","5100.498386785313","1335142975.0","1335229206","1588214509.0","1612109843","100.0","4.818841224801892","100.0","1761.0",""
"markhuerta","35200","4267.0","30933","258.0","4264","3899.8970748571887","1439562169.0","1438961160","1733784756.0","1742587869","100.0","4.918290361254103","100.0","850.0",""
"Maedhros-Maitimo","139348","97699.0","41649","142.0","4859","2521.091668146297","1559485127.0","1558089948","1750390660.0","1732328448","100.0","5.402050567969491","100.0","851.0",""
"ESSE_Leviathan","61026","28681.0","32345","92.0","1382","3029.0235542570717","1514204470.0","1514204634","1599927871.0","1603111361","100.0","5.970133958990752","100.0","810.0",""
"Smokeydawn","1352","120.0","1232","19.0","571","2434.4117964577176","1571801309.0","1565579091","1638161921.0","1670296740","51.0","4.041987314176324","100.0","378.0",""
"scungillipig","393730","4011.0","389719","126.0","20794","4804.435476102429","1427500901.0","1360809046","1631916926.0","1633380412","100.0","5.511306140630652","100.0","3533.0",""
"captainroyal","77704","310.0","77394","30.0","7888","4804.8162044574765","1358971680.0","1360776152","1615061088.0","1616083547","100.0","4.70562687269739","100.0","2367.0",""
"morriartie","87245","1177.0","86068","56.0","5495","3983.8688898318646","1432035886.0","1431706001","1717693700.0","1742846271","100.0","5.654104602504571","100.0","725.0",""
"MR_DURD3N","3114","65.0","3049","9.0","801","4988.636689874176","1347361877.0","1344894064","1601210166.0","1643430684","79.0","5.497166784950653","100.0","445.0",""
"DaddyStalinHimself","3595","1562.0","2033","20.0","264","2404.7042580571524","1571002860.0","1568145827","1584918428.0","1598474938","46.0","4.590693061418249","100.0","260.0",""
"afroamericano","27354","20103.0","7251","77.0","444","3508.6686093296526","1476393800.0","1472763308","1589892285.0","1594812938","100.0","5.93385516157961","100.0","390.0",""
"DruidOfDiscord","268898","207542.0","61356","682.0","11844","3513.54795966663","1472601173.0","1472341733","1616286046.0","1616487739","100.0","5.980159600000033","100.0","2960.0",""
"Kidvette2004","190883","41291.0","149592","448.0","24710","3787.8720643256465","1448605678.0","1448640131","1754871870.0","1742485056","100.0","5.909549633458407","100.0","2979.0",""
"TurkFebruary","52804","10042.0","42762","284.0","9005","5848.554667868438","1270596546.0","1270597155","1646676026.0","1649225255","100.0","5.068012072031141","100.0","1266.0",""
"Kevydee","108649","1866.0","106783","66.0","8962","4960.078621959607","1359505686.0","1347361486","1732342044.0","1742759082","100.0","6.018917067907239","100.0","1065.0",""
"_Dingaloo","122356","1832.0","120524","214.0","15721","3235.558620853819","1496344488.0","1496360015","1756048070.0","1742856722","100.0","5.958620757153442","100.0","2002.0",""
"Gheorghelaza","18168","14323.0","3845","61.0","1128","4815.040621797547","1445108046.0","1359892771","1740935342.0","1742744152","100.0","4.927043975488586","100.0","648.0",""
"gregbard","91595","30825.0","60770","1246.0","13030","5276.40902057082","1324350306.0","1320030542","1755840784.0","1742857529","100.0","6.058079511416922","100.0","1995.0",""
"mahtaileva","41659","8963.0","32696","158.0","4899","3133.5021416447476","1506999276.0","1505177697","1746535908.0","1741981129","100.0","5.120635044451128","100.0","1342.0",""
"Painkiller3666","54884","999.0","53885","31.0","10739","5159.3272302487385","1331520264.0","1330146410","1719157843.0","1722201440","100.0","6.097641747508356","100.0","563.0",""
"ZSCampbellcooks","85522","59813.0","25709","770.0","5880","4706.11309757462","1369302664.0","1369304112","1745170633.0","1742858831","100.0","5.700028762567895","100.0","1021.0",""
"Zayl","181185","552.0","180633","80.0","23114","5648.199762720126","1296070554.0","1287907825","1750345759.0","1742857428","100.0","2.9936150864631816","100.0","3443.0",""
"HailtheMirelurkKing","11083","6230.0","4853","13.0","422","4818.259033237083","1416691515.0","1359614705","1641595412.0","1715989784","48.0","4.269445552918638","100.0","318.0",""
"Carza10","11445","9601.0","1844","51.0","292","3341.86647476015","1483132876.0","1487175024","1753177625.0","1723672505","78.0","5.09239514805857","100.0","358.0",""
"piperman_","1349512","1272808.0","76704","3000.0","9214","5222.856243556272","1324656839.0","1324657509","1656632967.0","1656695397","100.0","3.858085320830072","100.0","10808.0",""
"goldeeen","11172","4631.0","6541","80.0","1439","5093.482272538578","1336502231.0","1335835421","1697333220.0","1741424047","100.0","4.481195561654095","100.0","429.0",""
"NoFascistsAllowed","60000","1052.0","58948","22.0","6523","2374.0411377269693","1571330837.0","1570795136","1611028052.0","1611335092","100.0","5.395814056329687","100.0","1826.0",""
"harrygill1991","182105","178485.0","3620","72.0","364","3111.820141270892","1518917986.0","1507051031","1753789690.0","1738675788","100.0","6.157380192823751","100.0","371.0",""
"iLaffinGuerilla","2143","1514.0","629","19.0","112","4543.532686661609","1400453088.0","1383351068","1755808793.0","1742318326","23.0","3.1538574012987186","94.0","124.0",""
"OneThinDime","177444","9163.0","168281","121.0","11939","4658.608346667256","1373491107.0","1373408532","1634477016.0","1635386253","100.0","4.737676743708807","100.0","1405.0",""
"cig_palace","12267","6747.0","5520","63.0","1204","2448.597073792186","1564418078.0","1564353507","1591117775.0","1643660680","100.0","5.056046003329295","100.0","710.0",""
"qazaqwert","97606","24492.0","73114","80.0","4991","3557.899158608726","1454862734.0","1468509808","1739131675.0","1742592366","100.0","5.563373721686457","100.0","1055.0",""
"diamente1","23841","8472.0","15369","287.0","4067","3196.6418282193636","1499720146.0","1499722443","1641784577.0","1642406647","100.0","2.700602637638678","100.0","2916.0",""
"TypesWithEmojis","14499","4505.0","9994","55.0","1190","3132.4346365321426","1505667803.0","1505269945","1616373006.0","1616424390","100.0","5.333245022199805","100.0","802.0",""
"rad465","27120","4540.0","22580","95.0","1770","5256.43067853977","1322505374.0","1321756688","1666459394.0","1731443891","100.0","4.80203565702339","100.0","601.0",""
"ChopperMaskDotA","50874","7387.0","43487","96.0","4419","3088.0357353900595","1508604332.0","1509106012","1602182794.0","1593206459","100.0","3.7576145641522176","100.0","1429.0",""
"IrisVacuo","129646","21847.0","107799","43.0","2965","3225.8931299089477","1499530300.0","1497195134","1649803431.0","1650382930","100.0","5.321305800508799","100.0","816.0",""
"Account_Overdrawn","32868","10296.0","22572","49.0","3232","2716.7727238831144","1541795844.0","1541183138","1750090865.0","1742737695","100.0","5.431195432128357","100.0","877.0",""
"selkiesidhe","192108","","192108","","22172","3878.8512177547345","","1440779557","","1739050198","100.0","4.7556445079875775","100.0","993.0",""
"wzzaful","6867","2025.0","4842","11.0","965","4693.749176608694","1370372323.0","1370372374","1649679272.0","1677719110","100.0","5.570832917599661","100.0","339.0",""
"samzplourde","128170","15367.0","112803","281.0","17316","4544.519430597072","1386983700.0","1383265825","1755481238.0","1742843667","100.0","5.622046642032409","100.0","1178.0",""
"UnobtrusiveEndosperm","20325","7115.0","13210","157.0","1544","3051.797342960556","1522445337.0","1512237014","1699405268.0","1687297114","100.0","6.090074401662955","100.0","702.0",""
"headbiscuit","41631","14483.0","27148","360.0","2967","4622.899317985624","1462567666.0","1376493804","1753654292.0","1742698912","100.0","4.158184787746006","100.0","614.0",""
"PandaBroPound","116700","284.0","116416","21.0","4537","3426.8717329045826","1516469908.0","1479830588","1589975359.0","1643650185","100.0","5.361740526542993","100.0","1341.0",""
"Pinkpetasma","11869","1003.0","10866","29.0","1457","4110.209170964074","1420770161.0","1420790234","1752045672.0","1742723739","87.0","5.2664589244073055","100.0","541.0",""
"ramsey5349","26516","2218.0","24298","16.0","3366","2318.4551390834845","1577932200.0","1575597783","1599704345.0","1602302737","100.0","5.785406026953167","100.0","1214.0",""
"Zadist95","28961","23959.0","5002","72.0","858","2578.9769548284953","1552440278.0","1553088699","1634558520.0","1736133468","100.0","5.185768366693084","100.0","408.0",""
"T0mTh3Tink3r","15797","11410.0","4387","133.0","1037","3879.071918904213","1468888868.0","1440760495","1751585272.0","1735298624","100.0","5.959362640908582","100.0","518.0",""
"swaggymelon","385312","343740.0","41572","660.0","4877","2663.816845546111","1549284858.0","1545758534","1680868983.0","1682886967","100.0","5.762008569950132","100.0","1885.0",""
"NickLandis","117141","52641.0","64500","368.0","4176","4459.530989104863","1390794226.0","1390608833","1754658275.0","1742824853","100.0","5.7533793123596375","100.0","495.0",""
"CannibalisticZebra87","18377","14978.0","3399","170.0","740","4915.841077840985","1352294415.0","1351183642","1648688211.0","1680974867","61.0","5.14113122679854","100.0","301.0",""
"wc382954","63048","33346.0","29702","222.0","1841","3935.6664556637406","1435852637.0","1435870730","1755605002.0","1741695782","100.0","5.4036791641674125","100.0","1612.0",""
"doctor_leftnut","19455","3732.0","15723","51.0","386","2759.543260180103","1529018887.0","1537487775","1756066066.0","1742843655","91.0","6.146353892170129","100.0","161.0",""
"JustForBrowsing","44692","16920.0","27772","400.0","3584","5168.70494943028","1331069896.0","1329336206","1755517028.0","1742828229","100.0","6.158118850346325","100.0","587.0",""
"SirCharlesV","39435","14672.0","24763","447.0","5943","4780.826047527177","1362968585.0","1362848944","1657379931.0","1669920673","100.0","6.237421116487104","100.0","709.0",""
"Facky","156656","12343.0","144313","293.0","17355","3666.8370276793617","1469183998.0","1459097596","1748641593.0","1742796955","100.0","5.644940344945315","100.0","2740.0",""
"fifthtimer","6044","43.0","6001","12.0","353","3967.487963994907","1441153678.0","1433121356","1588184373.0","1591330589","10.0","2.9053077763737463","14.0","23.0",""
"darkenhand","33384","1416.0","31968","277.0","9573","4368.401494366482","1398465192.0","1398482428","1754627967.0","1742767266","100.0","4.046659993299319","100.0","1589.0",""
"wrinkleneck71","20693","275.0","20418","16.0","3603","4872.866157448311","1355168049.0","1354896682","1707972632.0","1713222810","100.0","4.137959109926674","100.0","571.0",""
"8-bitexplor3r","27264","2533.0","24731","46.0","3023","3679.7433186495496","1461619721.0","1457982496","1693416690.0","1723464437","100.0","3.766232930621614","100.0","1071.0",""
"Intilyc","159101","81741.0","77360","264.0","4724","3127.856419868831","1504403088.0","1505665525","1726696162.0","1742020899","100.0","6.196242496627978","100.0","1172.0",""
"DJ_8Man","42699","11504.0","31195","46.0","2987","2316.787840441366","1576243788.0","1575741852","1602450080.0","1641340425","100.0","5.504406478363652","100.0","982.0",""
"SimpleBuffoon","7891","418.0","7473","20.0","1529","2427.76799823006","1573092985.0","1566153167","1711915801.0","1712711988","85.0","4.71318071376232","100.0","844.0",""
"rottingpikachu","29792","6857.0","22935","84.0","2277","2321.809744828542","1575398968.0","1575307961","1645566131.0","1656803218","32.0","0.9009526330696147","100.0","2407.0",""
"Peter_Plays_Guitar","134821","10512.0","124309","325.0","17797","4919.243033317755","1353468992.0","1350889726","1674688155.0","1718179164","100.0","5.197496962032607","100.0","4434.0",""
"Yungsheets","26904","5239.0","21665","59.0","3695","2858.718376672569","1528918697.0","1528919057","1670185944.0","1671394919","100.0","4.237294396324304","100.0","1211.0",""
"TejanoPede","69023","6145.0","62878","80.0","4144","3420.8999679300464","1480470233.0","1480346569","1619189153.0","1643217362","100.0","3.5622527627063145","100.0","1018.0",""
"Tincansailorman","114812","3130.0","111682","33.0","8694","4516.78434320516","1385855744.0","1385662160","1587762784.0","1596397997","100.0","5.322079767709057","100.0","1382.0",""
"Wasabii12315","42874","38698.0","4176","53.0","1141","3396.8973782570138","1516964605.0","1482420395","1610283593.0","1718098170","100.0","5.321022970539461","100.0","843.0",""
"lv0r","10793","314.0","10479","13.0","2024","3646.644411241622","1465414459.0","1460842252","1616762815.0","1643670895","100.0","4.38279991186158","100.0","749.0",""
"Naurgul","1387404","1189507.0","197897","16072.0","38244","6002.856089315116","1259746415.0","1257265564","1756163048.0","1742857569","100.0","3.3814030823684997","100.0","9262.0",""
"loliver_","115015","93435.0","21580","344.0","2395","2818.505495074524","1535945450.0","1532393456","1741369702.0","1741676421","100.0","5.788118757691019","100.0","1281.0",""
"Atomic_Merp","92099","79835.0","12264","1221.0","1332","5426.629742022281","1307820669.0","1307051523","1706466737.0","1706466744","100.0","5.596528911335346","100.0","312.0",""
"AllHighAustin","60826","2844.0","57982","95.0","9941","4141.70832622589","1418068480.0","1418068734","1663129337.0","1677633508","100.0","5.990937630158086","100.0","2990.0",""
"AJ-Murphy","78584","29199.0","49385","295.0","7459","3932.6096347795374","1438724389.0","1436134863","1753640357.0","1742826664","100.0","5.7967506646733975","100.0","1160.0",""
"Lucyintheskywalker","10086","768.0","9318","40.0","1460","3820.589785538459","1446966455.0","1445813379","1607656811.0","1742487197","100.0","4.239293648509221","100.0","1050.0",""
"nuggetinabuiscuit","54891","17113.0","37778","192.0","2423","4240.858462090059","1411080788.0","1409502166","1623852108.0","1725805753","100.0","5.230242471451956","100.0","633.0",""
"BlackThroneRitual","8330","329.0","8001","8.0","1099","2304.155309853623","1579981724.0","1576833319","1587717058.0","1596337412","100.0","5.95740401191177","100.0","505.0",""
"bacchys1066","306587","161788.0","144799","278.0","30994","3970.623376395636","1439645073.0","1432850480","1708271133.0","1708361319","100.0","4.881643182360108","100.0","9817.0",""
"LittleGreenNotebook","168446","24615.0","143831","199.0","9124","4405.361288942488","1395402214.0","1395289125","1682669954.0","1688158504","100.0","6.119136562781717","100.0","2371.0",""
"DrgnFckr","28855","8544.0","20311","108.0","2207","2385.0901193503455","1570245371.0","1569840555","1754432568.0","1742809645","100.0","5.366616510770996","100.0","417.0",""
"SP-R117","9529","7705.0","1824","25.0","262","3293.0569595325683","1546081208.0","1491392221","1726742853.0","1733546616","93.0","5.336932388506448","100.0","190.0",""
"champchumpchompchimp","18478","1005.0","17473","8.0","2688","2309.4664262321867","1576371280.0","1576374444","1593477737.0","1595518506","100.0","5.0066083289738","100.0","886.0",""
"74minutesofbump","10720","2269.0","8451","117.0","1297","2711.9037181779413","1549561963.0","1541603863","1736947802.0","1737631986","100.0","4.562365767306413","100.0","684.0",""
"chumshot","56401","29413.0","26988","124.0","2870","5676.239291525635","1286743395.0","1285485271","1601478033.0","1720407415","100.0","4.419303562622955","100.0","361.0",""
"superking2","218096","5654.0","212442","75.0","9203","4542.82491534572","1391806943.0","1383412274","1730854420.0","1739456335","100.0","6.1813010501372485","100.0","1129.0",""
"xolotl92","96075","2403.0","93672","123.0","8760","5158.376697076909","1336006383.0","1330228601","1732809701.0","1742835950","100.0","5.745973712537473","100.0","1070.0",""
"Black_Magic30","34261","6166.0","28095","79.0","2834","2587.7040457104504","1552856580.0","1552334719","1734767629.0","1733978206","100.0","6.3269378280523565","100.0","784.0",""
"Blkknight8","9177","1053.0","8124","38.0","1809","3173.196302929794","1539223964.0","1501748189","1753748426.0","1742855680","100.0","5.800923442679986","100.0","460.0",""
"D_S876","49477","14605.0","34872","119.0","3335","3619.5915913836798","1476281663.0","1463179637","1728632935.0","1737278344","100.0","6.054106545313098","100.0","530.0",""
"dash47","134260","28960.0","105300","308.0","10197","4561.554261075614","1387820798.0","1381794063","1651852852.0","1687836080","100.0","4.75802373448794","100.0","2603.0",""
"Xaviro_","35905","17656.0","18249","102.0","2926","2579.623065177812","1553123634.0","1553032919","1582814266.0","1582913489","100.0","5.977808547630961","100.0","807.0",""
"MrCoppins138","1024","36.0","988","6.0","332","2539.132172801354","1571945813.0","1556531333","1594236469.0","1594686186","100.0","6.1365779421134","100.0","227.0",""
"firelow","150793","40140.0","110653","441.0","10701","4704.966361899296","1374268241.0","1369403260","1728744241.0","1741520694","100.0","3.546309498939487","100.0","1875.0",""
"Nagasaki320","76","6.0","70","2.0","27","2384.635342518171","1582608650.0","1569879861","1587678082.0","1595645028","15.0","3.452640046777108","17.0","41.0",""
"Moor3z","309936","297035.0","12901","90.0","1816","3442.1204423611694","1478514029.0","1478513149","1754481034.0","1742758550","100.0","4.358552858273944","100.0","1019.0",""
"HughJazkoc","24022","3.0","24019","5.0","3303","4003.447143863553","1471615271.0","1430014523","1732040169.0","1742727943","100.0","4.1654372142526555","100.0","550.0",""
"WaltzyFox","44986","21106.0","23880","117.0","2425","4710.649828146586","1387259044.0","1368912212","1728886673.0","1732524379","100.0","5.4090689465923765","100.0","661.0",""
"JessNei","48116","8861.0","39255","114.0","5663","4093.9602873146314","1422193809.0","1422194189","1623524133.0","1625020983","100.0","5.711738539716498","100.0","1405.0",""
"NoValidUsernames666","59196","10647.0","48549","256.0","8025","2477.7857344232416","1564115851.0","1561831671","1750103586.0","1742822633","100.0","5.756806153998334","100.0","1473.0",""
"Kid_Vid","142614","7579.0","135035","65.0","8348","5662.663175842707","1340349628.0","1286658261","1691849166.0","1742758705","100.0","5.880730177972378","100.0","1217.0",""
"Ignacio1512","24130","13421.0","10709","353.0","2655","2689.8503128270145","1543452878.0","1543509293","1755915055.0","1742393921","81.0","3.3700617440656315","100.0","1212.0",""
"farzyness","31677","17747.0","13930","179.0","1314","5145.509385486606","1331333204.0","1331340350","1755889815.0","1733630990","68.0","4.555008540711714","100.0","762.0",""
"bunnylovelybonez","4799","96.0","4703","8.0","2209","3034.4046128476743","1524408733.0","1513739803","1650328764.0","1676390117","57.0","3.1511891447620473","100.0","1377.0",""
"mywoess","21222","14984.0","6238","62.0","655","2592.539446893613","1552012451.0","1551916954","1749782603.0","1738890886","100.0","5.451339155031157","100.0","374.0",""
"OctopusSporadicShift","2753","1255.0","1498","159.0","606","2582.847912073182","1552687727.0","1552754304","1595009762.0","1599093211","63.0","2.968805518724397","100.0","756.0",""
"HackRT","9223","2095.0","7128","70.0","1392","5409.878246833693","1308494378.0","1308498884","1632369136.0","1656000966","100.0","5.6448003205901625","100.0","439.0",""
"Slapped_with_crumpet","194374","86680.0","107694","107.0","7922","2908.0661892853927","1541202845.0","1524655447","1755884104.0","1742659332","100.0","4.27867879664754","100.0","1885.0",""
"MrToon316","9861","120.0","9741","31.0","3627","3125.827817386262","1517419023.0","1505840843","1734634677.0","1742573858","100.0","5.402912042073984","100.0","521.0",""
"Carlo_theAce","4493","324.0","4169","21.0","477","3241.878380565265","1496621368.0","1495814075","1732644836.0","1634697975","39.0","3.3102015604959223","100.0","233.0",""
"MadameMusic","88059","61878.0","26181","296.0","1567","4131.9301820192595","1437716107.0","1418913600","1736017442.0","1736886640","100.0","5.553784043334399","100.0","854.0",""
"primase","19544","190.0","19354","62.0","3966","5048.541983691434","1339731508.0","1339718341","1607318025.0","1741532853","100.0","5.665860070243223","100.0","460.0",""
"nicknamebucky","93892","35883.0","58009","620.0","10305","4603.740466873207","1378409041.0","1378149193","1755820397.0","1742557189","100.0","4.676704022797278","100.0","1482.0",""
"hydes_zar94","88961","19960.0","69001","788.0","13408","4096.8348037022","1421945747.0","1421945843","1656427556.0","1666280878","100.0","4.777485124928684","100.0","2783.0",""
"Symb0lic_Acts","18415","5373.0","13042","31.0","1069","3189.685323298822","1501559858.0","1500323559","1712271384.0","1742089197","67.0","4.749024951776081","100.0","457.0",""
"Burntolive","2763","2344.0","419","37.0","119","5293.967795942823","1315555073.0","1318513554","1587615467.0","1661193134","15.0","3.534848613650847","72.0","85.0",""
"Durosity","31175","5724.0","25451","51.0","3719","2846.9047744389377","1564755293.0","1529939800","1754490564.0","1742812299","100.0","5.69091422333355","100.0","1093.0",""
"EP1CN3SS2","20721","4281.0","16440","71.0","3739","3582.889561823667","1468955621.0","1466350715","1643512826.0","1647733197","100.0","5.523599086789774","100.0","1194.0",""
"remirenegade","18717","5894.0","12823","37.0","2198","3228.9436780454635","1509295960.0","1496931640","1733028872.0","1742817770","100.0","5.485618186931812","100.0","726.0",""
"Capt_TopGun","188438","177707.0","10731","178.0","1762","2352.2705954169096","1573275687.0","1572676195","1621088255.0","1625071821","100.0","6.033066791109414","100.0","1067.0",""
"Matyuthm","8252","631.0","7621","42.0","1730","2459.9988903125127","1565344099.0","1563368471","1587563057.0","1583168059","69.0","4.011224304117425","100.0","907.0",""
"Rice_DotcoM","640539","634893.0","5646","294.0","645","2846.661980270716","1523300549.0","1529960781","1743695920.0","1739651102","66.0","3.1162751356125336","100.0","1027.0",""
"Syreeta5036","103723","7272.0","96451","150.0","26667","2452.363738188992","1564958487.0","1564028150","1753227567.0","1742858357","100.0","4.991088788619694","100.0","3994.0",""
"Trantang","12725","3141.0","9584","115.0","1450","5097.407206103413","1327377509.0","1335496395","1749511367.0","1736311618","100.0","5.0992934169081146","100.0","530.0",""
"VoltronBugzilla","44513","15278.0","29235","160.0","2371","3252.645547217906","1494883684.0","1494883803","1677869318.0","1677869588","100.0","5.92641780259617","100.0","729.0",""
"synapsii","49650","5260.0","44390","103.0","6227","5611.311342592976","1317800696.0","1291095079","1734610089.0","1742197463","100.0","3.751497024146336","100.0","1114.0",""
"jdoug13","60742","27015.0","33727","358.0","4373","4697.782044582557","1370320627.0","1370024011","1603650385.0","1717853008","100.0","5.640252832585231","100.0","665.0",""
"koreth","76726","5316.0","71410","205.0","7365","6577.491245378658","1220973637.0","1207617137","1740471325.0","1742775437","95.0","5.074043310680801","100.0","631.0",""
"conway1308","18097","2631.0","15466","52.0","4101","6197.699898743229","1293593138.0","1240431110","1745273013.0","1742665133","100.0","6.17368178447981","100.0","751.0",""
"Matthew_John","152919","144968.0","7951","1318.0","1016","6214.230998165867","1238984788.0","1239002824","1753245260.0","1739994839","100.0","5.515618599978042","100.0","1251.0",""
"thearkive","47340","588.0","46752","32.0","7957","4412.382733361597","1440913664.0","1394682515","1673240453.0","1697602229","100.0","4.7374752618527785","100.0","832.0",""
"ANDnowmewatchbeguns","305267","168795.0","136472","264.0","7860","3677.6535310498048","1457736033.0","1458163119","1753972187.0","1742777828","100.0","6.046632049370421","100.0","2532.0",""
"Seel007","48032","3798.0","44234","99.0","9577","5627.847813309409","1289855362.0","1289666334","1673663113.0","1679906696","100.0","5.810687739649389","100.0","1270.0",""
"IntellegentIdiot","447825","42024.0","405801","797.0","85123","5134.542338293854","1332512482.0","1332287928","1755183853.0","1742860278","100.0","4.91044006979081","","",""
"DrTovar","50273","47587.0","2686","53.0","245","4471.415230686598","1405288304.0","1389582111","1581324170.0","1581386591","49.0","4.715023905334761","100.0","404.0",""
"TheMstar55","116302","24052.0","92250","43.0","4410","4760.954080613079","1364685681.0","1364565955","1654437962.0","1742853751","100.0","5.075198886626658","100.0","493.0",""
"Kgrimes2","56414","33172.0","23242","658.0","3541","5240.263512567268","1326344245.0","1323153621","1741882042.0","1742541884","100.0","5.766878071734322","100.0","790.0",""
"hahayourface","6077","995.0","5082","49.0","1715","4969.4929098239345","1351207223.0","1346548202","1660257763.0","1674891597","85.0","2.0193673923104347","100.0","648.0",""
"woodheadbob","2947","2589.0","358","153.0","180","3789.365559406424","1382565821.0","1448511206","1685975065.0","1692566467","46.0","4.7836253340540535","100.0","216.0",""
"Nidhogg-exe","7983","5631.0","2352","26.0","409","3992.866944139084","1444762579.0","1430928687","1749070842.0","1737168893","100.0","5.939773283839547","100.0","313.0",""
"OnePunchGoGo","323075","143360.0","179715","484.0","11200","3133.4077426829163","1505160035.0","1505185963","1674975442.0","1675611289","100.0","5.224586430681459","100.0","4298.0",""
"utunga","7516","866.0","6650","59.0","1451","7341.53599105742","1140639684.0","1141603683","1716649195.0","1740103175","95.0","5.880718018683561","100.0","341.0",""
"AedraRising","37246","2945.0","34301","37.0","4848","2806.681500085846","1538075696.0","1533415112","1745992158.0","1742788778","100.0","4.2743126548893535","100.0","1794.0",""
"PR1MEX","25637","15490.0","10147","63.0","913","3809.0548179122115","1447046195.0","1446810058","1740276691.0","1742568437","81.0","4.283371046968216","100.0","317.0",""
"Spaghetti_Me_Harder","88314","35627.0","52687","71.0","2447","3374.9690268008217","1485520436.0","1484315071","1653785794.0","1656099323","100.0","5.89852133163617","100.0","788.0",""
"lulucmy","133314","82740.0","50574","292.0","4794","4214.081684839132","1414076472.0","1411815738","1705964140.0","1741439823","100.0","3.8640639739627765","100.0","1919.0",""
"Low_Grade_Humility","88486","5208.0","83278","24.0","2054","3915.7024100448134","1437773909.0","1437595708","1681428882.0","1679749736","100.0","3.2948792496096315","100.0","1036.0",""
"jtchicago","44641","13435.0","31206","161.0","4241","4840.3459524814125","1357705418.0","1357706507","1620266335.0","1624069072","100.0","4.601831786910733","100.0","685.0",""
"PurpsTheDragon","53424","26040.0","27384","341.0","5414","3833.9592848787265","1491512936.0","1444658316","1754539391.0","1742798895","100.0","5.8760717234338085","100.0","1450.0",""
"Algebrace","245294","15154.0","230140","601.0","30859","4958.462174358682","1347588375.0","1347501267","1755423012.0","1742745055","100.0","4.017366869062008","100.0","1766.0",""
"Blazingscourge","153600","34283.0","119317","403.0","8522","4777.336556801815","1364219603.0","1363150521","1754235226.0","1742854983","100.0","4.883660730283908","100.0","1092.0",""
"blahblah2228","1028","35.0","993","22.0","360","4306.34655632729","1418505069.0","1403844058","1472702943.0","1666482716","14.0","3.500427775615669","53.0","80.0",""
"Cashrunner","115980","19172.0","96808","654.0","13050","4947.76318853559","1350802836.0","1348425662","1588117226.0","1599326460","100.0","5.38273586366768","100.0","1014.0",""
"ImBusyGoAway","48162","17086.0","31076","158.0","3089","3959.8603025417115","1436799616.0","1433780472","1736887202.0","1742428807","100.0","5.4679659903891755","100.0","900.0",""
"Obese_Chungus","31657","7486.0","24171","47.0","1097","2317.7293958024184","1653371443.0","1575660583","1727288763.0","1740938895","78.0","4.658462531384874","100.0","347.0",""
"TheTrekMachine","35495","24340.0","11155","174.0","1160","2789.8921809567455","1534971563.0","1534865719","1717870776.0","1718926456","100.0","5.752007187118533","100.0","714.0",""
"ComradeSovietMoose","1946","449.0","1497","37.0","328","4213.363345906229","1411420520.0","1411877811","1754274491.0","1688151217","64.0","4.071606100267259","100.0","253.0",""
"sheevpalpatin","18726","10948.0","7778","86.0","717","2687.6589667641647","1543852408.0","1543698670","1677020607.0","1707089585","100.0","5.408508288493275","100.0","468.0",""
"OTS_","207913","80890.0","127023","1179.0","15007","3113.856453920578","1508973642.0","1506875208","1644160357.0","1644160292","100.0","5.81329845956455","100.0","3824.0",""
"Notorious-P-I-G","6337","5700.0","637","52.0","14","3967.50594359883","1508007272.0","1433119893","1588147325.0","1587860934","22.0","3.4313777847601266","64.0","85.0",""
"MonsterHipster","14927","4639.0","10288","105.0","3662","3829.5617758065378","1445031986.0","1445038270","1745297614.0","1742318693","100.0","5.676222963630416","100.0","1175.0",""
"Ivegotthatboomboom","241097","2159.0","238938","91.0","36803","3679.3433921459264","1459016000.0","1458017139","1740272335.0","1740300684","100.0","5.863936406333347","100.0","7600.0",""
"FrankBlack2000","438409","398479.0","39930","618.0","4858","3731.553819499758","1476324030.0","1453506159","1675138038.0","1675195131","22.0","1.4570921245011426","100.0","1422.0",""
"Locksa12","26736","18073.0","8663","185.0","589","4423.162045321263","1442338033.0","1393751209","1737449070.0","1724765739","42.0","2.1390239670808033","100.0","1206.0",""
"CommitZydecoPerverts","2731","205.0","2526","19.0","643","2264.875643561342","1580228559.0","1580227155","1581212878.0","1581297559","94.0","5.212469556835452","100.0","397.0",""
"Destr3010","1250","11.0","1239","6.0","162","3233.283675063705","1497141646.0","1496556702","1576660019.0","1620768432","70.0","5.656398942661985","100.0","171.0",""
"yagokoros","96781","58588.0","38193","293.0","3214","3702.9400052039355","1455978852.0","1455978396","1733211773.0","1732693196","100.0","5.89519957741469","100.0","1203.0",""
"LordFiresnake","97240","3432.0","93808","20.0","6339","4683.906305329907","1402770981.0","1371222909","1568986067.0","1712172332","100.0","5.834070392518661","100.0","225.0",""
"XxdatboixXx","33400","214.0","33186","29.0","4637","2917.9346701944673","1525864450.0","1523802859","1621477914.0","1679578965","100.0","5.769338640350254","100.0","1210.0",""
"elJefedcog","74352","3295.0","71057","62.0","10590","4165.367099782871","1419704819.0","1416024698","1661049195.0","1687534168","100.0","2.789311351918151","100.0","2503.0",""
"nojumpinginthesewers","36695","11203.0","25492","60.0","2210","3120.5691011266795","1506294583.0","1506295246","1590961786.0","1636946808","100.0","6.032596871031396","100.0","1101.0",""
"WickedLSDragon","7014","5593.0","1421","75.0","636","3269.741261428749","1523189936.0","1493406772","1581892409.0","1587130979","100.0","5.394472393350934","100.0","556.0",""
"Puzzle_Master","12532","7598.0","4934","147.0","978","4270.720609221343","1416690580.0","1406922157","1752276724.0","1742855364","90.0","5.338182004172401","100.0","373.0",""
"KyleNES","10380","3541.0","6839","75.0","795","4161.698120281031","1419191710.0","1416341701","1738949658.0","1738950929","99.0","5.78660384256844","100.0","224.0",""
"Guszy","44495","5780.0","38715","77.0","7741","5248.279877912766","1342163360.0","1322461038","1750964412.0","1742688325","100.0","6.396946285925047","100.0","902.0",""
"ThereOnceWasADonkey","264070","55837.0","208233","234.0","25340","3552.066459725974","1519880168.0","1469013878","1602657787.0","1631435930","100.0","5.874224713019351","100.0","6423.0",""
"Smongoing-smnd-smong","8405","1611.0","6794","13.0","1434","2398.425159733809","1570759941.0","1568688487","1719879997.0","1742830404","100.0","4.617589397654915","100.0","337.0",""
"oquin1515","38236","18649.0","19587","303.0","1951","2611.859449976343","1550214645.0","1550247765","1661558375.0","1736632888","100.0","3.8954015523115477","100.0","987.0",""
"CharlieEchoDelta","48754","5642.0","43112","259.0","4527","4191.617814037049","1416363579.0","1413756643","1739992380.0","1742640790","100.0","5.405158094567838","100.0","576.0",""
"mooddr_","24180","11856.0","12324","13.0","1764","2315.9968519659865","1592749097.0","1575810295","1618261249.0","1723628240","100.0","5.233695589721631","100.0","866.0",""
"unready1","17361","3346.0","14015","101.0","2844","2908.5535536756947","1537748248.0","1524613398","1754340754.0","1742777448","99.0","4.143712895124562","100.0","1267.0",""
"northernpace","618061","7498.0","610563","205.0","23249","4052.288031931111","1443941160.0","1425794740","1755387775.0","1742764389","100.0","4.214934122063044","100.0","3703.0",""
"Biscuits0","63329","630.0","62699","59.0","5035","4319.658015458703","1454938802.0","1402693974","1746256110.0","1742598972","100.0","4.989246358102145","100.0","862.0",""
"valenciansun","79702","4749.0","74953","52.0","5383","3863.668057764214","1453999893.0","1442091507","1747094529.0","1742847443","100.0","4.878995688587345","100.0","720.0",""
"Leedle_Of_Lee","1009","884.0","125","7.0","12","3076.4114671024295","1510110784.0","1510110477","1607899615.0","1583902948","4.0","0.8795064608120066","22.0","42.0",""
"MicrofrogDlive","6587","1602.0","4985","28.0","388","2384.7698198034145","1579066305.0","1569868316","1585213197.0","1587514924","100.0","5.867656913547634","100.0","339.0",""
"dept_of_silly_walks","76767","56.0","76711","8.0","9060","4761.2721523928585","1365531729.0","1364538515","1404920061.0","1714158794","100.0","4.519231244860807","100.0","1885.0",""
"PboyAMR","45032","29907.0","15125","220.0","3290","4318.45323544303","1403645648.0","1402798070","1755840640.0","1742778044","100.0","4.234146527515663","100.0","893.0",""
"numchux53","42286","1367.0","40919","45.0","3193","5271.903021758276","1321415020.0","1320420009","1672569042.0","1684118004","100.0","5.531404338920408","100.0","521.0",""
"deanbartley","1422","261.0","1161","31.0","353","4869.470331471573","1368590152.0","1355190194","1593643736.0","1628495400","45.0","4.782349511165384","100.0","167.0",""
"xpousojeda","61838","36866.0","24972","380.0","1947","2865.903647989338","1528302416.0","1528298356","1588270633.0","1591927239","100.0","5.514082764148106","100.0","945.0",""
"jewleedotcom","18571","629.0","17942","24.0","1465","5482.902648699734","1412366335.0","1302189643","1752575261.0","1591614855","100.0","5.765748743075315","100.0","597.0",""
"Icecat1239","34400","5973.0","28427","78.0","5030","3461.546844903126","1476758584.0","1476834785","1723846517.0","1723496645","100.0","5.440006367556928","100.0","1253.0",""
"brandonopolis","11205","4571.0","6634","55.0","1661","5226.789536628853","1331857031.0","1324317817","1749374199.0","1742837042","100.0","5.798248762780171","100.0","268.0",""
"RajivK510","8671","2441.0","6230","87.0","930","2906.5072628166085","1557625644.0","1524790206","1742146896.0","1742235378","100.0","6.109335229810215","100.0","279.0",""
"taki1002","96297","15800.0","80497","207.0","9967","4247.048565682987","1410553586.0","1408967438","1743649418.0","1742791684","100.0","5.104035560331685","100.0","1430.0",""
"mendesdaponte","24871","13005.0","11866","272.0","2100","5033.991326361759","1341634196.0","1340975584","1754492514.0","1742568934","100.0","5.5482943409782255","100.0","782.0",""
"CommitXylenePerverts","5574","1052.0","4522","35.0","1008","2252.002975510218","1581462804.0","1581339378","1583027806.0","1583119613","100.0","5.285228970666028","100.0","538.0",""
"SixGunRebel","132589","18488.0","114101","412.0","24324","3400.018838297893","1482155267.0","1482150808","1755283139.0","1742323138","100.0","4.938338751501354","100.0","5552.0",""
"Weedity","44707","10929.0","33778","166.0","7536","4306.695846396958","1431097144.0","1403813915","1738775128.0","1742823046","100.0","5.6718155813325115","100.0","672.0",""
"crola_redarac","7563","5603.0","1960","43.0","197","2710.1844632578363","1540450537.0","1541752499","1755343330.0","1739888040","51.0","4.971028126877309","100.0","232.0",""
"Axod123","5086","4061.0","1025","196.0","396","4202.4320400556835","1420491396.0","1412822309","1729301072.0","1729301104","44.0","3.761835074189481","100.0","175.0",""
"LETS_GET_HIGHer","8555","6161.0","2394","75.0","364","2789.9896272899323","1534857069.0","1534857334","1644160247.0","1644190521","89.0","5.32063876802454","100.0","418.0",""
"PangurBaan","74523","6217.0","68306","168.0","4975","4715.328225249016","1369489069.0","1368508080","1737060624.0","1742762518","100.0","5.127175543351663","100.0","812.0",""
"eidolonmire","11990","144.0","11846","20.0","1815","3266.5712991117493","1494948294.0","1493680679","1609441597.0","1689577391","100.0","5.264842905805866","100.0","609.0",""
"blokess","24499","5266.0","19233","125.0","1720","4956.650691634014","1353363481.0","1347657820","1736173754.0","1742569204","80.0","5.5440243868089905","100.0","338.0",""
"jessa07","35426","","35426","","4567","5162.767063546736","","1329849366","","1678161965","100.0","4.2956480710516685","100.0","1352.0",""
"SweetLilMonkey","243100","27300.0","215800","102.0","8455","2793.316549054202","1536525572.0","1534569891","1745820730.0","1742845698","100.0","5.709202599457715","100.0","1116.0",""
"LethKink","14977","1334.0","13643","140.0","3005","4704.3575508894","1394009767.0","1369455949","1683329233.0","1695422002","100.0","6.0092205581887335","100.0","1129.0",""
"Enix71","22214","3336.0","18878","23.0","1597","4586.568043499454","1378945873.0","1379632963","1710094767.0","1742758961","100.0","6.346395855981937","100.0","180.0",""
"pmmeyourtoaster","6326","4384.0","1942","48.0","223","2683.7568240616333","1460845220.0","1544035853","1602106022.0","1657118475","96.0","5.538254426007902","100.0","257.0",""
"KalbushanYadeav","17543","13527.0","4016","70.0","624","2263.0129180832537","1580322056.0","1580388127","1585118944.0","1585128361","99.0","4.645593043000958","100.0","595.0",""
"cjgager","30667","407.0","30260","97.0","14464","4409.610285441285","1410481357.0","1394922115","1685984451.0","1725377306","100.0","5.218793119730353","100.0","2062.0",""
"KillTheJudges","4896","43.0","4853","18.0","1499","4587.390650438937","1444277489.0","1379561892","1626629139.0","1703035497","100.0","6.085976109009298","100.0","473.0",""
"gardnerfreddie2","45798","31546.0","14252","451.0","2709","3650.7120224891796","1460490452.0","1460490926","1742778305.0","1742778213","100.0","5.61183220601663","100.0","582.0",""
"AtheaOfAltea","119573","49556.0","70017","374.0","4594","2951.690535631227","1520898635.0","1520886383","1652118808.0","1654012598","100.0","6.046462025715924","100.0","1468.0",""
"CalamisGames","5013","903.0","4110","25.0","1070","2374.2670701401403","1571736728.0","1570775771","1683879882.0","1683879905","48.0","3.6953830119798385","100.0","554.0",""
"Tank_the_Tortoise","21166","2960.0","18206","73.0","1494","5002.658592866667","1346688595.0","1343682744","1748869899.0","1742063682","100.0","5.96411337544661","100.0","372.0",""
"Meyou9","3094","2189.0","905","63.0","221","3027.272962784792","1514968970.0","1514356063","1706067246.0","1742197945","60.0","4.827298283088758","100.0","309.0",""
"Tefached666","19146","8459.0","10687","20.0","1771","4572.510260804767","1457363267.0","1380847561","1752228557.0","1741806123","100.0","6.290579362506595","100.0","401.0",""
"Tylernal","44395","40354.0","4041","314.0","847","3236.761115626748","1499221775.0","1496256288","1751004044.0","1738699813","100.0","5.142331155716743","100.0","704.0",""
"TheZodiacGamer","11242","1899.0","9343","37.0","769","3624.8655898593506","1443361185.0","1462724062","1597260753.0","1738346186","47.0","2.681089604549817","100.0","791.0",""
"nathanseaw","19650","11505.0","8145","225.0","3048","3389.188478524075","1482600733.0","1483086565","1741560259.0","1742604868","100.0","5.726545110240899","100.0","3066.0",""
"tyyyuuuvggf","24649","135.0","24514","9.0","2081","2296.1760892748393","1577522316.0","1577522836","1585891355.0","1604256866","100.0","5.119696512617093","100.0","1157.0",""
"washington5","6200","291.0","5909","36.0","1554","4472.354233452082","1417583877.0","1389501046","1634179548.0","1643950126","100.0","6.1565203177683605","100.0","372.0",""
"D_bAg_Tr0LL","28903","22100.0","6803","57.0","2520","3414.8597031196896","1504283419.0","1480868574","1742001666.0","1742856954","100.0","6.210362705190301","100.0","558.0",""
"TryAgainStupid","2022","1189.0","833","16.0","403","4339.436457512246","1397013933.0","1400985143","1588970894.0","1591147994","57.0","4.821723522196654","100.0","494.0",""
"Mrsmoobly","29233","24302.0","4931","471.0","1814","2697.018720717963","1546082978.0","1542890036","1744644505.0","1739898775","88.0","3.3896842867047647","100.0","1057.0",""
"he77789","126843","57823.0","69020","526.0","14103","2617.4136230818294","1549517509.0","1549767917","1676631706.0","1736912446","100.0","5.443109394748001","100.0","3548.0",""
"SamwiseDehBrave","19743","7877.0","11866","148.0","1369","5022.414532270904","1342101332.0","1341975839","1749957148.0","1742733199","100.0","5.147103674257023","100.0","292.0",""
"misterchainsaw","63554","18281.0","45273","169.0","3002","5598.832227517824","1308515016.0","1292173351","1756157949.0","1742770012","100.0","5.382927859986928","100.0","471.0",""
"Ace_Of_Spades_2911","83814","18638.0","65176","184.0","4728","3056.0096064629874","1511831998.0","1511873226","1755686333.0","1742850011","100.0","5.585009010562079","100.0","1472.0",""
"wengchunkn","204775","198268.0","6507","2631.0","4649","3740.3736640117236","1454116001.0","1452744172","1597068668.0","1597060263","100.0","5.638551302549608","100.0","4105.0",""
"theGhostintheden","3285","1674.0","1611","8.0","129","2283.3311590219205","1581489392.0","1578632645","1739402203.0","1734241367","39.0","4.737815017571081","100.0","136.0",""
"tadow9293","17393","3725.0","13668","85.0","988","2630.710100807487","1549059118.0","1548619105","1745169891.0","1742680654","100.0","5.4856075145619645","100.0","388.0",""
"waka_flocculonodular","297144","28043.0","269101","487.0","20813","4881.466345911456","1356144522.0","1354153766","1749957741.0","1742852844","100.0","5.691726827345611","100.0","2154.0",""
"Rekhyt_19","13938","10908.0","3030","48.0","1075","3492.835426140905","1485726918.0","1474131478","1739112409.0","1742808317","100.0","5.6430647706281345","100.0","412.0",""
"GSSubmarine","76289","38175.0","38114","582.0","6211","4284.789101431773","1405670596.0","1405706681","1692728351.0","1693536462","100.0","5.385408421495215","100.0","1223.0",""
"Despacito_kittrn","286954","265755.0","21199","613.0","4866","2607.5786210455663","1550560765.0","1550617667","1612274921.0","1644077757","100.0","4.256836037101737","100.0","2761.0",""
"Reversephoenix77","100726","12127.0","88599","124.0","6413","2263.181497516527","1582328724.0","1580373579","1755836009.0","1742793502","100.0","5.466471147236996","100.0","1183.0",""
"watercolorheart","57122","23650.0","33472","2373.0","12714","3353.8080550802556","1485545001.0","1486143445","1659207226.0","1660857606","100.0","6.235652695502276","100.0","3004.0",""
"electroicedrag","36660","8017.0","28643","115.0","3876","2552.462297924884","1555407494.0","1555379719","1733717587.0","1736149516","100.0","1.9676980860383158","100.0","1376.0",""
"danceinthepuddles","8438","1377.0","7061","101.0","2114","4850.3686359355215","1356843144.0","1356840612","1750544539.0","1740297205","72.0","3.5553327336647853","100.0","489.0",""
"KnockoutRoundabout","41502","828.0","40674","17.0","2286","3726.1549269388893","1459754598.0","1453972677","1753556523.0","1742488362","100.0","4.868883865308729","100.0","713.0",""
"wellhungkid","2861","87.0","2774","13.0","883","2725.4419623238787","1541345892.0","1540434278","1734635782.0","1742764143","78.0","5.018324183925996","100.0","331.0",""
"johnxwalker","6210","25.0","6185","2.0","3636","2689.452362602629","1717627755.0","1543543780","1717627985.0","1739655677","100.0","5.2940224293884155","100.0","2246.0",""
"shovelhead823","14975","4251.0","10724","75.0","943","2819.834104997825","1532278027.0","1532278798","1679740821.0","1683369905","100.0","5.755713694467835","100.0","431.0",""
"mytwinkiedog","3160","428.0","2732","17.0","566","3691.185477073946","1482059522.0","1456994040","1655672492.0","1689470606","94.0","5.907519232433057","100.0","281.0",""
"iamtheforger","29227","4503.0","24724","151.0","3436","4426.4110967904635","1435178431.0","1393470547","1753830070.0","1742742872","100.0","5.6938411490187555","100.0","512.0",""
"TheZippy49","33320","24913.0","8407","147.0","1922","5011.658660487582","1337048530.0","1342905158","1584298305.0","1605814839","44.0","4.852950779929696","100.0","173.0",""
"rubberduck774","46653","24234.0","22419","904.0","4911","3542.776120402454","1469814811.0","1469816610","1755419754.0","1742112834","100.0","5.127318880705122","100.0","1779.0",""
"JesseKarma","109031","89897.0","19134","358.0","2749","5155.818557440429","1413494465.0","1330449744","1746845660.0","1742784498","100.0","6.2145863857920975","100.0","914.0",""
"Brute1100","197974","59636.0","138338","278.0","12287","4643.677088691943","1383321259.0","1374698768","1699020435.0","1703170110","100.0","5.8944966401281444","100.0","1635.0",""
"iguessitsokaythen","57065","29688.0","27377","456.0","1531","3422.0591313108803","1480793881.0","1480246560","1621378475.0","1632817570","100.0","5.166169128382574","100.0","798.0",""
"lgtbyddrk","497862","12355.0","485507","141.0","11042","4975.629624288822","1348102828.0","1346018070","1729375098.0","1730758707","100.0","4.971443717916959","100.0","2419.0",""
"INeedYourHelpFrank","7249","178.0","7071","32.0","2023","2961.709758326897","1523601915.0","1520020747","1619461437.0","1742543055","37.0","2.3643283824731487","100.0","796.0",""
"Bladle","11117","352.0","10765","66.0","1897","5466.551442768555","1305498299.0","1303602426","1539107494.0","1715530528","44.0","4.780652685760028","100.0","157.0",""
"RobustLove","2848","1493.0","1355","74.0","737","3015.7122361541897","1523407076.0","1515354934","1679108730.0","1687834215","100.0","5.92576405201639","100.0","409.0",""
"addiboy","4205","1108.0","3097","54.0","801","5693.311941440705","1284153998.0","1284010320","1746100819.0","1661856706","94.0","3.853982768277494","100.0","584.0",""
"LordBran","165817","80282.0","85535","530.0","7098","4089.779702589272","1422753707.0","1422555506","1750612779.0","1741688594","100.0","5.635468612117703","100.0","1138.0",""
"Rook_Castle","157730","57143.0","100587","123.0","5265","3831.3704620272006","1460073955.0","1444882065","1626020539.0","1626792074","89.0","4.627165401722796","100.0","1827.0",""
"SFM61319","85039","14819.0","70220","57.0","6058","2627.1821119163214","1562149137.0","1548923939","1621093305.0","1625076563","100.0","5.4630192105739335","100.0","2096.0",""
"Dantronicus","45731","495.0","45236","5.0","4378","2713.4154402965637","1541457741.0","1541473380","1709080839.0","1708056225","36.0","1.7230561457845897","100.0","2596.0",""
"jrod916","41035","4642.0","36393","57.0","3167","3589.537612184027","1471482435.0","1465776425","1663584072.0","1663740025","100.0","5.979816614633696","100.0","1163.0",""
"TheSpeedyRaccoon","106","39.0","67","10.0","27","3618.381681146307","1463283693.0","1463284298","1590968547.0","1606024645","19.0","3.943465189601647","33.0","42.0",""
"Copper_Coil","31868","163.0","31705","16.0","3013","4811.984314031493","1364336030.0","1360157031","1739213891.0","1742683477","46.0","4.760415357394077","100.0","150.0",""
"ephryene","19254","3304.0","15950","30.0","2387","3423.4623876037285","1491449170.0","1480125326","1638646206.0","1740929500","100.0","4.904526082114176","100.0","513.0",""
"ace_valentine","242003","114463.0","127540","328.0","5217","3609.659037126515","1464031440.0","1464037936","1754485319.0","1742476827","100.0","3.1398456240606407","100.0","1376.0",""
"Firebigfoot69","3003","184.0","2819","44.0","879","4344.573279750449","1505477775.0","1400541346","1747001842.0","1742797292","100.0","5.005194296659199","100.0","489.0",""
"Whiskeymysticsandmen","28024","21265.0","6759","57.0","1087","3464.6104391985054","1476476786.0","1476570136","1750018903.0","1741053016","89.0","5.344136653359376","100.0","429.0",""
"boognish83","52488","2888.0","49600","118.0","3712","5452.964300059872","1314150812.0","1304776363","1736623491.0","1742682842","100.0","5.846108324629915","100.0","596.0",""
